run,epoch,training_loss,lr,internal_rmse
production_fold1_bbdebc262dec/cross_modal_2026_refit,1,1.5360210767159095,3.5000000000000004e-05,
production_fold1_bbdebc262dec/cross_modal_2026_refit,2,1.0218952435713549,6.363636363636364e-05,
production_fold1_bbdebc262dec/cross_modal_2026_refit,3,0.8040864421771123,9.545454545454545e-05,
production_fold1_bbdebc262dec/cross_modal_2026_refit,4,0.6764826132700994,0.00012727272727272728,
production_fold1_bbdebc262dec/cross_modal_2026_refit,5,0.5629841295572428,0.00015909090909090907,
production_fold1_bbdebc262dec/cross_modal_2026_refit,6,0.48067989028417146,0.0001909090909090909,
production_fold1_bbdebc262dec/cross_modal_2026_refit,7,0.4519546627998352,0.00022272727272727272,
production_fold1_bbdebc262dec/cross_modal_42_tune,1,1.7283573367378928,3.5000000000000004e-05,0.8018667391386206
production_fold1_bbdebc262dec/cross_modal_42_tune,2,1.0638823888518594,6.363636363636364e-05,0.6837522924742221
production_fold1_bbdebc262dec/cross_modal_42_tune,3,0.8327273780649359,9.545454545454545e-05,0.6244939163977364
production_fold1_bbdebc262dec/cross_modal_42_tune,4,0.682292867790569,0.00012727272727272728,0.577644368448865
production_fold1_bbdebc262dec/cross_modal_42_tune,5,0.5520539067008279,0.00015909090909090907,0.5692073999700733
production_fold1_bbdebc262dec/cross_modal_42_tune,6,0.4875839921561154,0.0001909090909090909,0.5450843568639834
production_fold1_bbdebc262dec/cross_modal_42_tune,7,0.4136283289302479,0.00022272727272727272,0.5579285658404638
production_fold1_bbdebc262dec/cross_modal_42_tune,8,0.36432592977177014,0.00025454545454545456,0.555765446004907
production_fold1_bbdebc262dec/cross_modal_42_tune,9,0.333664208650589,0.00028636363636363636,0.5486116987176027
production_fold1_bbdebc262dec/cross_modal_42_tune,10,0.28114631094715814,0.00031818181818181815,0.5543173594986789
production_fold1_bbdebc262dec/cross_modal_42_tune,11,0.2764657884836197,0.00035,0.5648386980672738
production_fold1_bbdebc262dec/cross_modal_42_tune,12,0.23314363306218927,0.0003818181818181818,0.553075287622764
production_fold1_bbdebc262dec/cross_modal_42_tune,13,0.21459732136943124,0.00041363636363636364,0.5545327342183188
production_fold1_bbdebc262dec/cross_modal_42_tune,14,0.19981566884300925,0.00044545454545454543,0.5587016561123019
production_fold1_bbdebc262dec/cross_modal_42_tune,15,0.16899818181991577,0.0004772727272727272,0.556912150517971
production_fold1_bbdebc262dec/cross_modal_42_tune,16,0.17989604581486096,0.0005090909090909091,0.559616691378427
production_fold1_bbdebc262dec/cross_modal_42_tune,17,0.14790140160105444,0.0005409090909090909,0.5585953185709118
production_fold1_bbdebc262dec/cross_modal_42_tune,18,0.1339007013223388,0.0005727272727272727,0.5668351348557757
production_fold1_bbdebc262dec/cross_modal_42_tune,19,0.12770819731734015,0.0006045454545454545,0.5632548525735767
production_fold1_bbdebc262dec/cross_modal_42_tune,20,0.09437410872090947,0.0006363636363636363,0.5692753320862102
production_fold1_bbdebc262dec/cross_modal_42_tune,21,0.09653591500087218,0.0006681818181818182,0.5662813299869455
production_fold1_bbdebc262dec/cross_modal_42_tune,22,0.08589328690008684,0.0007,0.5654556311143064
production_fold1_bbdebc262dec/cross_modal_42_tune,23,0.07623012736439705,0.0006999672314652103,0.5734538489933966
production_fold1_bbdebc262dec/cross_modal_42_tune,24,0.0726769475097006,0.000699855499305238,0.5808208761840403
production_fold1_bbdebc262dec/cross_modal_42_tune,25,0.0611758790910244,0.000699664503957084,0.5857702303722264
production_fold1_bbdebc262dec/cross_modal_42_tune,26,0.06038700687614354,0.0006993942935028059,0.590188509298168
production_fold1_bbdebc262dec/cross_modal_42_refit,1,1.7055339079636793,3.5000000000000004e-05,
production_fold1_bbdebc262dec/cross_modal_42_refit,2,1.0131758084663978,6.363636363636364e-05,
production_fold1_bbdebc262dec/cross_modal_42_refit,3,0.7802336261822627,9.545454545454545e-05,
production_fold1_bbdebc262dec/cross_modal_42_refit,4,0.6648584237465491,0.00012727272727272728,
production_fold1_bbdebc262dec/cross_modal_42_refit,5,0.5649642806786758,0.00015909090909090907,
production_fold1_bbdebc262dec/cross_modal_42_refit,6,0.4690215174968426,0.0001909090909090909,
production_fold1_bbdebc262dec/ordinal_42_refit,1,2.2363297114005456,3.5000000000000004e-05,
production_fold1_bbdebc262dec/ordinal_42_refit,2,1.4389420380959144,6.363636363636364e-05,
production_fold1_bbdebc262dec/ordinal_42_refit,3,1.016971936592689,9.545454545454545e-05,
production_fold1_bbdebc262dec/ordinal_42_refit,4,0.770040498330043,0.00012727272727272728,
production_fold1_bbdebc262dec/ordinal_42_refit,5,0.5980002284049988,0.00015909090909090907,
production_fold1_bbdebc262dec/ordinal_42_refit,6,0.48518778956853426,0.0001909090909090909,
production_fold1_bbdebc262dec/ordinal_42_refit,7,0.39371367601247936,0.00022272727272727272,
production_fold1_bbdebc262dec/audio_tune,1,1.4881874826988057,7.919481890451735e-06,0.766861137617901
production_fold1_bbdebc262dec/audio_tune,2,0.9927573271450543,6.927934659021055e-06,0.6531223058775963
production_fold1_bbdebc262dec/audio_tune,3,0.7469346138523034,5.108423313020762e-06,0.6079849655516265
production_fold1_bbdebc262dec/audio_tune,4,0.6120258434416933,3.0568849725676718e-06,0.626611676361578
production_fold1_bbdebc262dec/audio_tune,5,0.5478267903598617,1.445251611653806e-06,0.6243354119926313
production_fold1_bbdebc262dec/audio_tune,6,0.4966894164718392,8.013749229319478e-07,0.6297633248072039
production_fold1_bbdebc262dec/attention_rank_42_refit,1,1.5692500334519606,3.5000000000000004e-05,
production_fold1_bbdebc262dec/attention_rank_42_refit,2,1.51070341697106,6.118881118881119e-05,
production_fold1_bbdebc262dec/attention_rank_42_refit,3,1.3454133638968835,9.300699300699301e-05,
production_fold1_bbdebc262dec/attention_rank_42_refit,4,1.0792377957930932,0.00012482517482517483,
production_fold1_bbdebc262dec/attention_rank_42_refit,5,0.7384056265537555,0.00015664335664335665,
production_fold1_bbdebc262dec/attention_rank_42_refit,6,0.48093576385424686,0.00018846153846153844,
production_fold1_bbdebc262dec/attention_rank_42_refit,7,0.322874149450889,0.0002202797202797203,
production_fold1_bbdebc262dec/attention_rank_42_refit,8,0.2109609956924732,0.0002520979020979021,
production_fold1_bbdebc262dec/attention_rank_42_refit,9,0.1341718309200727,0.0002839160839160839,
production_fold1_bbdebc262dec/attention_rank_42_refit,10,0.09849015050209485,0.0003157342657342657,
production_fold1_bbdebc262dec/attention_rank_42_refit,11,0.0647505195094989,0.00034755244755244757,
production_fold1_bbdebc262dec/attention_rank_42_refit,12,0.055957153152961,0.00037937062937062936,
production_fold1_bbdebc262dec/attention_rank_42_refit,13,0.04907745237533863,0.00041118881118881116,
production_fold1_bbdebc262dec/attention_rank_42_refit,14,0.045115321014936156,0.00044300699300699306,
production_fold1_bbdebc262dec/attention_rank_42_refit,15,0.03796101332857059,0.00047482517482517485,
production_fold1_bbdebc262dec/attention_rank_42_refit,16,0.034816004909001864,0.0005066433566433566,
production_fold1_bbdebc262dec/attention_rank_42_refit,17,0.03771518973203806,0.0005384615384615384,
production_fold1_bbdebc262dec/attention_rank_42_refit,18,0.03506412901557409,0.0005702797202797202,
production_fold1_bbdebc262dec/attention_rank_42_refit,19,0.03148755660423866,0.000602097902097902,
production_fold1_bbdebc262dec/attention_rank_42_refit,20,0.028179474748097934,0.0006339160839160839,
production_fold1_bbdebc262dec/attention_rank_42_refit,21,0.026745810818213683,0.0006657342657342657,
production_fold1_bbdebc262dec/attention_rank_42_refit,22,0.02629299060656474,0.0006975524475524475,
production_fold1_bbdebc262dec/attention_rank_42_refit,23,0.026801736022417363,0.0006999716115248672,
production_fold1_bbdebc262dec/attention_rank_42_refit,24,0.02296347486285063,0.0006998648691065406,
production_fold1_bbdebc262dec/attention_rank_42_refit,25,0.021152501066143695,0.000699678861141235,
production_fold1_bbdebc262dec/attention_rank_42_refit,26,0.01780460445353618,0.0006994136344554611,
production_fold1_bbdebc262dec/attention_rank_42_refit,27,0.016746466262982443,0.0006990692558186185,
production_fold1_bbdebc262dec/attention_rank_42_refit,28,0.01602703261260803,0.0006986458119261876,
production_fold1_bbdebc262dec/attention_rank_42_refit,29,0.015203507545475777,0.0006981434093779037,
production_fold1_bbdebc262dec/attention_rank_42_refit,30,0.0132031010893675,0.0006975621746509214,
production_fold1_bbdebc262dec/attention_rank_42_refit,31,0.01328640653250309,0.0006969022540679752,
production_fold1_bbdebc262dec/attention_rank_42_refit,32,0.013506939777961144,0.0006961638137605428,
production_fold1_bbdebc262dec/attention_rank_42_refit,33,0.012828527806470027,0.0006953470396270225,
production_fold1_bbdebc262dec/attention_rank_42_refit,34,0.011642094988089342,0.0006944521372859343,
production_fold1_bbdebc262dec/attention_rank_42_refit,35,0.011596046029948272,0.0006934793320241573,
production_fold1_bbdebc262dec/attention_rank_42_refit,36,0.011548431446919074,0.0006924288687402135,
production_fold1_bbdebc262dec/attention_rank_42_refit,37,0.01180466035237679,0.0006913010118826171,
production_fold1_bbdebc262dec/attention_rank_42_refit,38,0.01162331228932509,0.0006900960453833005,
production_fold1_bbdebc262dec/attention_rank_42_refit,39,0.012279216558314286,0.0006888142725861361,
production_fold1_bbdebc262dec/attention_rank_42_refit,40,0.011899122395194493,0.0006874560161705709,
production_fold1_bbdebc262dec/attention_rank_42_refit,41,0.010988842552671066,0.0006860216180703939,
production_fold1_bbdebc262dec/attention_rank_42_refit,42,0.010398960027557153,0.0006845114393876561,
production_fold1_bbdebc262dec/attention_rank_42_refit,43,0.010168868833436416,0.0006829258603017649,
production_fold1_bbdebc262dec/attention_rank_42_refit,44,0.010017822998074384,0.0006812652799737756,
production_fold1_bbdebc262dec/attention_rank_42_refit,45,0.010055647876400214,0.0006795301164459057,
production_fold1_bbdebc262dec/attention_rank_42_refit,46,0.010512701522272367,0.0006777208065362938,
production_fold1_bbdebc262dec/attention_rank_42_refit,47,0.010645233811094211,0.0006758378057290344,
production_fold1_bbdebc262dec/attention_rank_42_refit,48,0.010587841200713929,0.0006738815880595105,
production_fold1_bbdebc262dec/attention_rank_42_refit,49,0.01036699374134724,0.000671852645995059,
production_fold1_bbdebc262dec/attention_rank_42_refit,50,0.010290446476294445,0.0006697514903109947,
production_fold1_bbdebc262dec/attention_rank_42_refit,51,0.00993483871794664,0.0006675786499620244,
production_fold1_bbdebc262dec/attention_rank_42_refit,52,0.009543396890736543,0.000665334671949086,
production_fold1_bbdebc262dec/attention_rank_42_refit,53,0.009560142572109517,0.0006630201211816443,
production_fold1_bbdebc262dec/attention_rank_42_refit,54,0.009407718450977253,0.0006606355803354773,
production_fold1_bbdebc262dec/attention_rank_42_refit,55,0.009414790699688287,0.000658181649705991,
production_fold1_bbdebc262dec/attention_rank_42_refit,56,0.009901709711322417,0.0006556589470570984,
production_fold1_bbdebc262dec/attention_rank_42_refit,57,0.0095925942206612,0.0006530681074657004,
production_fold1_bbdebc262dec/attention_rank_42_refit,58,0.00951186352624343,0.0006504097831618094,
production_fold1_bbdebc262dec/attention_rank_42_refit,59,0.009350440751474638,0.0006476846433643525,
production_fold1_bbdebc262dec/attention_rank_42_refit,60,0.009426767006516457,0.0006448933741127005,
production_fold1_bbdebc262dec/cross_modal_2026_tune,1,1.6258806423707441,3.5000000000000004e-05,0.7790442778095483
production_fold1_bbdebc262dec/cross_modal_2026_tune,2,1.0630295872688293,6.363636363636364e-05,0.6672676068106234
production_fold1_bbdebc262dec/cross_modal_2026_tune,3,0.8540034077384255,9.545454545454545e-05,0.6106498967317845
production_fold1_bbdebc262dec/cross_modal_2026_tune,4,0.7163359685377642,0.00012727272727272728,0.5670949809141772
production_fold1_bbdebc262dec/cross_modal_2026_tune,5,0.5788420899347826,0.00015909090909090907,0.5672646120800047
production_fold1_bbdebc262dec/cross_modal_2026_tune,6,0.5248827121474526,0.0001909090909090909,0.5693964641333721
production_fold1_bbdebc262dec/cross_modal_2026_tune,7,0.43088276006958703,0.00022272727272727272,0.5330990457924936
production_fold1_bbdebc262dec/cross_modal_2026_tune,8,0.36645683917132293,0.00025454545454545456,0.5348279882349283
production_fold1_bbdebc262dec/cross_modal_2026_tune,9,0.3202362900430506,0.00028636363636363636,0.5628558382671772
production_fold1_bbdebc262dec/cross_modal_2026_tune,10,0.31142410906878387,0.00031818181818181815,0.5539877890857702
production_fold1_bbdebc262dec/cross_modal_2026_tune,11,0.27895373783328314,0.00035,0.5508640722986039
production_fold1_bbdebc262dec/cross_modal_2026_tune,12,0.23931816626678815,0.0003818181818181818,0.5579051648783874
production_fold1_bbdebc262dec/cross_modal_2026_tune,13,0.20066109570589932,0.00041363636363636364,0.5645776869035019
production_fold1_bbdebc262dec/cross_modal_2026_tune,14,0.20932106809182602,0.00044545454545454543,0.5582503244908682
production_fold1_bbdebc262dec/cross_modal_2026_tune,15,0.17676502601666885,0.0004772727272727272,0.570414832998108
production_fold1_bbdebc262dec/cross_modal_2026_tune,16,0.17962888966907153,0.0005090909090909091,0.5781661962426887
production_fold1_bbdebc262dec/cross_modal_2026_tune,17,0.14313539591702548,0.0005409090909090909,0.583439099955972
production_fold1_bbdebc262dec/cross_modal_2026_tune,18,0.11430878463116559,0.0005727272727272727,0.5930556596151543
production_fold1_bbdebc262dec/cross_modal_2026_tune,19,0.12364714999090541,0.0006045454545454545,0.6020375410907914
production_fold1_bbdebc262dec/cross_modal_2026_tune,20,0.10061698406934738,0.0006363636363636363,0.6037971892552384
production_fold1_bbdebc262dec/cross_modal_2026_tune,21,0.09245974164117467,0.0006681818181818182,0.6109390673379727
production_fold1_bbdebc262dec/cross_modal_2026_tune,22,0.07471975176171823,0.0007,0.6058966707666856
production_fold1_bbdebc262dec/cross_modal_2026_tune,23,0.07949714870615439,0.0006999672314652103,0.5996991024429656
production_fold1_bbdebc262dec/cross_modal_2026_tune,24,0.07782337509772995,0.000699855499305238,0.594625869512377
production_fold1_bbdebc262dec/cross_modal_2026_tune,25,0.0704340057616884,0.000699664503957084,0.5993789097788135
production_fold1_bbdebc262dec/cross_modal_2026_tune,26,0.05349826406348835,0.0006993942935028059,0.6069988791573561
production_fold1_bbdebc262dec/cross_modal_2026_tune,27,0.04856857352636077,0.0006990449359664408,0.6096210164114465
production_fold1_bbdebc262dec/ordinal_2026_tune,1,2.25004721771587,3.5000000000000004e-05,1.0841015212932634
production_fold1_bbdebc262dec/ordinal_2026_tune,2,1.5768552801825784,6.652892561983471e-05,0.8314423735985339
production_fold1_bbdebc262dec/ordinal_2026_tune,3,1.0701914700594815,9.834710743801653e-05,0.6436481952161796
production_fold1_bbdebc262dec/ordinal_2026_tune,4,0.7485677437348799,0.00013016528925619835,0.6021159647279883
production_fold1_bbdebc262dec/ordinal_2026_tune,5,0.5882367329163984,0.00016198347107438017,0.5845843424707599
production_fold1_bbdebc262dec/ordinal_2026_tune,6,0.4726200293410908,0.000193801652892562,0.5641760079632293
production_fold1_bbdebc262dec/ordinal_2026_tune,7,0.3758819076147946,0.00022561983471074378,0.5544451466320747
production_fold1_bbdebc262dec/ordinal_2026_tune,8,0.3122904300689697,0.0002574380165289256,0.5741337007365153
production_fold1_bbdebc262dec/ordinal_2026_tune,9,0.27358970046043396,0.00028925619834710745,0.5668444527314209
production_fold1_bbdebc262dec/ordinal_2026_tune,10,0.21177362853830511,0.00032107438016528925,0.556050528668523
production_fold1_bbdebc262dec/ordinal_2026_tune,11,0.17497702620246194,0.00035289256198347104,0.5547283639355608
production_fold1_bbdebc262dec/ordinal_2026_tune,12,0.14509683170101859,0.00038471074380165283,0.5655107796792058
production_fold1_bbdebc262dec/ordinal_2026_tune,13,0.11667921461842277,0.00041652892561983473,0.5619574058950448
production_fold1_bbdebc262dec/ordinal_2026_tune,14,0.10830883207646283,0.0004483471074380165,0.5633641321049485
production_fold1_bbdebc262dec/ordinal_2026_tune,15,0.06919637593356046,0.0004801652892561984,0.5698503517191773
production_fold1_bbdebc262dec/ordinal_2026_tune,16,0.06067867644808509,0.0005119834710743802,0.5605189911013063
production_fold1_bbdebc262dec/ordinal_2026_tune,17,0.04803897271102125,0.000543801652892562,0.5581568879760658
production_fold1_bbdebc262dec/ordinal_2026_tune,18,0.03976886126805435,0.0005756198347107439,0.5724755282593841
production_fold1_bbdebc262dec/ordinal_2026_tune,19,0.0344069300388748,0.0006074380165289257,0.5836012713427837
production_fold1_bbdebc262dec/ordinal_2026_tune,20,0.03125631910833446,0.0006392561983471074,0.5767924049818588
production_fold1_bbdebc262dec/ordinal_2026_tune,21,0.0275935951451009,0.0006710743801652892,0.5754338844502261
production_fold1_bbdebc262dec/ordinal_2026_tune,22,0.04042903147637844,0.0007,0.5952997359032695
production_fold1_bbdebc262dec/ordinal_2026_tune,23,0.03705752505497499,0.0006999603502172707,0.6129779989604124
production_fold1_bbdebc262dec/ordinal_2026_tune,24,0.03487038205970417,0.0006998414108507033,0.6241675142543789
production_fold1_bbdebc262dec/ordinal_2026_tune,25,0.02360738699578426,0.0006996432118426475,0.6121104341760325
production_fold1_bbdebc262dec/ordinal_2026_tune,26,0.03164494562555443,0.0006993658030886436,0.6229034338082465
production_fold1_bbdebc262dec/ordinal_2026_tune,27,0.03429912809621204,0.0006990092544248618,0.6453117460395125
production_fold1_bbdebc262dec/ordinal_42_tune,1,2.338109016418457,3.5000000000000004e-05,1.0531659629788628
production_fold1_bbdebc262dec/ordinal_42_tune,2,1.5669426267797297,6.363636363636364e-05,0.8137386255508444
production_fold1_bbdebc262dec/ordinal_42_tune,3,1.1209514357826926,9.545454545454545e-05,0.6598869831873424
production_fold1_bbdebc262dec/ordinal_42_tune,4,0.8329803076657382,0.00012727272727272728,0.5938507449135203
production_fold1_bbdebc262dec/ordinal_42_tune,5,0.6382030194455927,0.00015909090909090907,0.5640389567512585
production_fold1_bbdebc262dec/ordinal_42_tune,6,0.5211167091673071,0.0001909090909090909,0.5580988132539445
production_fold1_bbdebc262dec/ordinal_42_tune,7,0.41427620161663403,0.00022272727272727272,0.5542063674577061
production_fold1_bbdebc262dec/ordinal_42_tune,8,0.34006365591829474,0.00025454545454545456,0.5594969744504988
production_fold1_bbdebc262dec/ordinal_42_tune,9,0.287925893610174,0.00028636363636363636,0.5600008883499383
production_fold1_bbdebc262dec/ordinal_42_tune,10,0.24164145507595755,0.00031818181818181815,0.5596720007890581
production_fold1_bbdebc262dec/ordinal_42_tune,11,0.20654340901158072,0.00035,0.573655776629164
production_fold1_bbdebc262dec/ordinal_42_tune,12,0.15950450843030756,0.0003818181818181818,0.5644586692254551
production_fold1_bbdebc262dec/ordinal_42_tune,13,0.13171320069919934,0.00041363636363636364,0.563148997897961
production_fold1_bbdebc262dec/ordinal_42_tune,14,0.10611375014890324,0.00044545454545454543,0.564860464067625
production_fold1_bbdebc262dec/ordinal_42_tune,15,0.09025538577274843,0.0004772727272727272,0.5675314062706392
production_fold1_bbdebc262dec/ordinal_42_tune,16,0.07726952128789642,0.0005090909090909091,0.5671533063914177
production_fold1_bbdebc262dec/ordinal_42_tune,17,0.0622663487764922,0.0005409090909090909,0.5733265621827265
production_fold1_bbdebc262dec/ordinal_42_tune,18,0.047013706104321915,0.0005727272727272727,0.57695852588094
production_fold1_bbdebc262dec/ordinal_42_tune,19,0.04152256233448332,0.0006045454545454545,0.5814717165060086
production_fold1_bbdebc262dec/ordinal_42_tune,20,0.028774300759488888,0.0006363636363636363,0.5945452663685207
production_fold1_bbdebc262dec/ordinal_42_tune,21,0.02760563096539541,0.0006681818181818182,0.5934609790214328
production_fold1_bbdebc262dec/ordinal_42_tune,22,0.03826020505617966,0.0007,0.5900563773055689
production_fold1_bbdebc262dec/ordinal_42_tune,23,0.03147516314956275,0.0006999672314652103,0.5975372713947202
production_fold1_bbdebc262dec/ordinal_42_tune,24,0.03063923501494256,0.000699855499305238,0.6140170152077085
production_fold1_bbdebc262dec/ordinal_42_tune,25,0.028209494596177883,0.000699664503957084,0.6198656111723746
production_fold1_bbdebc262dec/ordinal_42_tune,26,0.030491565946828236,0.0006993942935028059,0.6210139743323697
production_fold1_bbdebc262dec/ordinal_42_tune,27,0.029604062946005302,0.0006990449359664408,0.6248539502125606
production_fold1_bbdebc262dec/attention_rank_42_tune,1,1.6260724067687988,3.5000000000000004e-05,1.1738831505939662
production_fold1_bbdebc262dec/attention_rank_42_tune,2,1.5250468850135803,6.0743801652892564e-05,1.1487420930034884
production_fold1_bbdebc262dec/attention_rank_42_tune,3,1.438906344500455,9.256198347107438e-05,1.089634804437013
production_fold1_bbdebc262dec/attention_rank_42_tune,4,1.2024648785591125,0.00012438016528925618,0.9860682315810891
production_fold1_bbdebc262dec/attention_rank_42_tune,5,0.8706068423661318,0.00015619834710743803,0.8589226509308899
production_fold1_bbdebc262dec/attention_rank_42_tune,6,0.5864600918509744,0.00018801652892561983,0.7603024892852502
production_fold1_bbdebc262dec/attention_rank_42_tune,7,0.38472489470785315,0.00021983471074380165,0.7225811432809484
production_fold1_bbdebc262dec/attention_rank_42_tune,8,0.24464156275445764,0.00025165289256198347,0.7046619864746201
production_fold1_bbdebc262dec/attention_rank_42_tune,9,0.1670147952708331,0.00028347107438016526,0.649235084065107
production_fold1_bbdebc262dec/attention_rank_42_tune,10,0.09337154166264967,0.0003152892561983471,0.6133358909644753
production_fold1_bbdebc262dec/attention_rank_42_tune,11,0.07445965267040512,0.00034710743801652895,0.58992099569101
production_fold1_bbdebc262dec/attention_rank_42_tune,12,0.06480479511347684,0.00037892561983471075,0.5803420896195215
production_fold1_bbdebc262dec/attention_rank_42_tune,13,0.047667247666554016,0.0004107438016528926,0.5695006283384568
production_fold1_bbdebc262dec/attention_rank_42_tune,14,0.04519003341821107,0.0004425619834710744,0.5777431849876528
production_fold1_bbdebc262dec/attention_rank_42_tune,15,0.04353215003555471,0.0004743801652892562,0.5871264097051156
production_fold1_bbdebc262dec/attention_rank_42_tune,16,0.0429606188765981,0.0005061983471074381,0.574975981399338
production_fold1_bbdebc262dec/attention_rank_42_tune,17,0.04078198173506693,0.0005380165289256199,0.5687360842854498
production_fold1_bbdebc262dec/attention_rank_42_tune,18,0.03174534152177247,0.0005698347107438016,0.5677987942618933
production_fold1_bbdebc262dec/attention_rank_42_tune,19,0.03061952729794112,0.0006016528925619835,0.5621910736120326
production_fold1_bbdebc262dec/attention_rank_42_tune,20,0.02963141385804523,0.0006334710743801653,0.5615152439546163
production_fold1_bbdebc262dec/attention_rank_42_tune,21,0.025670587677847256,0.0006652892561983472,0.559455222194172
production_fold1_bbdebc262dec/attention_rank_42_tune,22,0.02037732599472458,0.000697107438016529,0.5546971961486792
production_fold1_bbdebc262dec/attention_rank_42_tune,23,0.019235969605770977,0.0006999734573993824,0.555262106928568
production_fold1_bbdebc262dec/attention_rank_42_tune,24,0.01710319087247957,0.0006998689326784723,0.5538970577727975
production_fold1_bbdebc262dec/attention_rank_42_tune,25,0.016176064414056866,0.0006996851413876009,0.5532755670648428
production_fold1_bbdebc262dec/attention_rank_42_tune,26,0.017640983262522655,0.0006994221297952425,0.5518077089049971
production_fold1_bbdebc262dec/attention_rank_42_tune,27,0.01646746415644884,0.0006990799641131591,0.55338043809035
production_fold1_bbdebc262dec/attention_rank_42_tune,28,0.016639300622045994,0.0006986587304797315,0.5515201568024481
production_fold1_bbdebc262dec/attention_rank_42_tune,29,0.017093636264855213,0.0006981585349382742,0.5503151483569276
production_fold1_bbdebc262dec/attention_rank_42_tune,30,0.016184984452345154,0.0006975795034103396,0.54956240386138
production_fold1_bbdebc262dec/attention_rank_42_tune,31,0.01544307680292563,0.0006969217816640185,0.5495790690684116
production_fold1_bbdebc262dec/attention_rank_42_tune,32,0.015009452842853287,0.0006961855352772434,0.5478433526703955
production_fold1_bbdebc262dec/attention_rank_42_tune,33,0.013931853950700977,0.0006953709495961046,0.5498797298465853
production_fold1_bbdebc262dec/attention_rank_42_tune,34,0.013326684521003202,0.0006944782296881913,0.5474048536818006
production_fold1_bbdebc262dec/attention_rank_42_tune,35,0.012203833596272902,0.0006935076002909661,0.5467210471947116
production_fold1_bbdebc262dec/attention_rank_42_tune,36,0.011655505915934389,0.0006924593057551894,0.5471534128316623
production_fold1_bbdebc262dec/attention_rank_42_tune,37,0.011604461903599176,0.0006913336099834042,0.5473704721390323
production_fold1_bbdebc262dec/attention_rank_42_tune,38,0.011834338900040497,0.0006901307963635014,0.546139042942914
production_fold1_bbdebc262dec/attention_rank_42_tune,39,0.010432987431572243,0.0006888511676973773,0.5464031997478893
production_fold1_bbdebc262dec/attention_rank_42_tune,40,0.010692913254553621,0.0006874950461247054,0.5469610237401614
production_fold1_bbdebc262dec/attention_rank_42_tune,41,0.009842267344621096,0.0006860627730418395,0.547277550335249
production_fold1_bbdebc262dec/attention_rank_42_tune,42,0.01138703017072244,0.0006845547090158688,0.5459443056338654
production_fold1_bbdebc262dec/attention_rank_42_tune,43,0.011243793774734844,0.0006829712336938473,0.5445995067679935
production_fold1_bbdebc262dec/attention_rank_42_tune,44,0.012469455853781918,0.0006813127457072188,0.5449032147024762
production_fold1_bbdebc262dec/attention_rank_42_tune,45,0.010797997005283833,0.0006795796625714651,0.5445461809129751
production_fold1_bbdebc262dec/attention_rank_42_tune,46,0.010262553410773928,0.0006777724205809974,0.544656581735114
production_fold1_bbdebc262dec/attention_rank_42_tune,47,0.010479835878041658,0.0006758914746993222,0.5442721566940933
production_fold1_bbdebc262dec/attention_rank_42_tune,48,0.009990113533355972,0.0006739372984445064,0.5440797278302993
production_fold1_bbdebc262dec/attention_rank_42_tune,49,0.010090781037103046,0.0006719103837699716,0.5432828819917895
production_fold1_bbdebc262dec/attention_rank_42_tune,50,0.010254713114012371,0.0006698112409406478,0.5423319875057415
production_fold1_bbdebc262dec/attention_rank_42_tune,51,0.010094009593806484,0.0006676403984045166,0.5421498048020326
production_fold1_bbdebc262dec/attention_rank_42_tune,52,0.010307934812524101,0.0006653984026595771,0.5423700467399261
production_fold1_bbdebc262dec/attention_rank_42_tune,53,0.009979236363009973,0.0006630858181162687,0.5430259963684976
production_fold1_bbdebc262dec/attention_rank_42_tune,54,0.010452724146572027,0.000660703226955383,0.5427901129723999
production_fold1_bbdebc262dec/attention_rank_42_tune,55,0.010874979790638794,0.0006582512289815031,0.5422721645555579
production_fold1_bbdebc262dec/attention_rank_42_tune,56,0.010406535203483972,0.0006557304414720066,0.5426558294352597
production_fold1_bbdebc262dec/attention_rank_42_tune,57,0.010359153066846457,0.0006531414990216683,0.5423744821897082
production_fold1_bbdebc262dec/attention_rank_42_tune,58,0.01012504185465249,0.0006504850533829049,0.5413431191321507
production_fold1_bbdebc262dec/attention_rank_42_tune,59,0.009861141951246695,0.0006477617733017001,0.5416578687348568
production_fold1_bbdebc262dec/attention_rank_42_tune,60,0.010109482417729769,0.0006449723443492508,0.54042505993918
production_fold1_bbdebc262dec/attention_rank_42_tune,61,0.010402856309982863,0.0006421174687493787,0.5406547367765793
production_fold1_bbdebc262dec/attention_rank_42_tune,62,0.01038311625068838,0.000639197865201749,0.5406261000492677
production_fold1_bbdebc262dec/attention_rank_42_tune,63,0.009957722303542223,0.0006362142687009415,0.5416549898132786
production_fold1_bbdebc262dec/attention_rank_42_tune,64,0.009974841790443117,0.0006331674303514194,0.5416856261469063
production_fold1_bbdebc262dec/attention_rank_42_tune,65,0.009439014999026602,0.000630058117178444,0.5418243284495213
production_fold1_bbdebc262dec/attention_rank_42_tune,66,0.009280811487273737,0.0006268871119349783,0.5418628910863766
production_fold1_bbdebc262dec/attention_rank_42_tune,67,0.0092043907974254,0.0006236552129046349,0.5413660919275395
production_fold1_bbdebc262dec/attention_rank_42_tune,68,0.008528692690147594,0.0006203632337007112,0.541460361436915
production_fold1_bbdebc262dec/attention_rank_42_tune,69,0.008388328238983046,0.000617012003061367,0.5409363113981027
production_fold1_bbdebc262dec/attention_rank_42_tune,70,0.00890241131525148,0.0006136023646409944,0.5410579054836429
production_fold1_bbdebc262dec/attention_rank_42_tune,71,0.008848052895204588,0.0006101351767978316,0.5420174074462666
production_fold1_bbdebc262dec/attention_rank_42_tune,72,0.008760669437999075,0.0006066113123778767,0.5414071310548516
production_fold1_bbdebc262dec/attention_rank_42_tune,73,0.00842352948066863,0.0006030316584951526,0.5418930796565883
production_fold1_bbdebc262dec/attention_rank_42_tune,74,0.008171770425344055,0.0005993971163083813,0.5419806946776778
production_fold1_bbdebc262dec/attention_rank_42_tune,75,0.008131860035725615,0.0005957086007941213,0.5416574246047025
production_fold1_bbdebc262dec/attention_rank_42_tune,76,0.008326730606230822,0.0005919670405164284,0.5414743802540546
production_fold1_bbdebc262dec/attention_rank_42_tune,77,0.008036881261928515,0.0005881733773930937,0.5408751347844442
production_fold1_bbdebc262dec/attention_rank_42_tune,78,0.008165943520990286,0.0005843285664585205,0.5412121912968358
production_fold1_bbdebc262dec/attention_rank_42_tune,79,0.008270192595029419,0.0005804335756233009,0.5413175900152065
production_fold1_bbdebc262dec/attention_rank_42_tune,80,0.008604506496340036,0.0005764893854305478,0.5412529563676236
production_fold1_bbdebc262dec/audio_refit,1,1.4228885285738038,7.914010575791207e-06,
production_fold1_bbdebc262dec/audio_refit,2,0.8597702272296921,6.90684749832339e-06,
production_fold1_bbdebc262dec/audio_refit,3,0.6966517050455256,5.075640913934023e-06,
production_fold1_bbdebc262dec/attention_rank_2026_tune,1,1.666315501386469,3.5000000000000004e-05,1.1746633171970544
production_fold1_bbdebc262dec/attention_rank_2026_tune,2,1.5478232340379194,6.0743801652892564e-05,1.1501448113143158
production_fold1_bbdebc262dec/attention_rank_2026_tune,3,1.4242889285087585,9.256198347107438e-05,1.0921831098714434
production_fold1_bbdebc262dec/attention_rank_2026_tune,4,1.251335550438274,0.00012438016528925618,0.9908540571740782
production_fold1_bbdebc262dec/attention_rank_2026_tune,5,0.9294970198111101,0.00015619834710743803,0.862896188065522
production_fold1_bbdebc262dec/attention_rank_2026_tune,6,0.5899989632042971,0.00018801652892561983,0.7609416152919316
production_fold1_bbdebc262dec/attention_rank_2026_tune,7,0.3843905140053142,0.00021983471074380165,0.7209279062736801
production_fold1_bbdebc262dec/attention_rank_2026_tune,8,0.25934146073731507,0.00025165289256198347,0.6977989422689506
production_fold1_bbdebc262dec/attention_rank_2026_tune,9,0.17028425092046912,0.00028347107438016526,0.6658142241669787
production_fold1_bbdebc262dec/attention_rank_2026_tune,10,0.12057562917470932,0.0003152892561983471,0.629175988651676
production_fold1_bbdebc262dec/attention_rank_2026_tune,11,0.07500205900181424,0.00034710743801652895,0.6014217463319356
production_fold1_bbdebc262dec/attention_rank_2026_tune,12,0.05414934219284491,0.00037892561983471075,0.5839304525134956
production_fold1_bbdebc262dec/attention_rank_2026_tune,13,0.044901555573398415,0.0004107438016528926,0.573255826269485
production_fold1_bbdebc262dec/attention_rank_2026_tune,14,0.043781128796664154,0.0004425619834710744,0.5689805091951867
production_fold1_bbdebc262dec/attention_rank_2026_tune,15,0.03962944871322675,0.0004743801652892562,0.5625086221425533
production_fold1_bbdebc262dec/attention_rank_2026_tune,16,0.03925917162136598,0.0005061983471074381,0.5625693094284224
production_fold1_bbdebc262dec/attention_rank_2026_tune,17,0.02904038486832922,0.0005380165289256199,0.5546401707583797
production_fold1_bbdebc262dec/attention_rank_2026_tune,18,0.02472840351137248,0.0005698347107438016,0.5561013250198896
production_fold1_bbdebc262dec/attention_rank_2026_tune,19,0.02208153996616602,0.0006016528925619835,0.559956310242082
production_fold1_bbdebc262dec/attention_rank_2026_tune,20,0.023025794124061413,0.0006334710743801653,0.5615093760479895
production_fold1_bbdebc262dec/attention_rank_2026_tune,21,0.03083418851548975,0.0006652892561983472,0.5580682613351846
production_fold1_bbdebc262dec/attention_rank_2026_tune,22,0.02952187948606231,0.000697107438016529,0.5580899298804866
production_fold1_bbdebc262dec/attention_rank_2026_tune,23,0.02508481541140513,0.0006999734573993824,0.5581897020988239
production_fold1_bbdebc262dec/attention_rank_2026_tune,24,0.02796203592284159,0.0006998689326784723,0.5569003945288417
production_fold1_bbdebc262dec/attention_rank_2026_tune,25,0.021209068173034626,0.0006996851413876009,0.5554022683492569
production_fold1_bbdebc262dec/attention_rank_2026_tune,26,0.019880271178077568,0.0006994221297952425,0.5511919210996375
production_fold1_bbdebc262dec/attention_rank_2026_tune,27,0.01642015999691053,0.0006990799641131591,0.550040577384376
production_fold1_bbdebc262dec/attention_rank_2026_tune,28,0.01509998772631992,0.0006986587304797315,0.5506776938161343
production_fold1_bbdebc262dec/attention_rank_2026_tune,29,0.014422525143758818,0.0006981585349382742,0.5502979668019217
production_fold1_bbdebc262dec/attention_rank_2026_tune,30,0.016109096225012432,0.0006975795034103396,0.5499889116473861
production_fold1_bbdebc262dec/attention_rank_2026_tune,31,0.014726293696598574,0.0006969217816640185,0.5476843148947158
production_fold1_bbdebc262dec/attention_rank_2026_tune,32,0.012300836345688864,0.0006961855352772434,0.5474567397463233
production_fold1_bbdebc262dec/attention_rank_2026_tune,33,0.011683111756362698,0.0006953709495961046,0.5477113904181367
production_fold1_bbdebc262dec/attention_rank_2026_tune,34,0.011385216716338287,0.0006944782296881913,0.5475584180908908
production_fold1_bbdebc262dec/attention_rank_2026_tune,35,0.011644025925885548,0.0006935076002909661,0.5495714400307261
production_fold1_bbdebc262dec/attention_rank_2026_tune,36,0.011978111399168318,0.0006924593057551894,0.5495838449797014
production_fold1_bbdebc262dec/attention_rank_2026_tune,37,0.0116424397142096,0.0006913336099834042,0.5486164032584451
production_fold1_bbdebc262dec/attention_rank_2026_tune,38,0.011889693835242228,0.0006901307963635014,0.5487246777732894
production_fold1_bbdebc262dec/attention_rank_2026_tune,39,0.012299666096541014,0.0006888511676973773,0.5477418527036091
production_fold1_bbdebc262dec/attention_rank_2026_tune,40,0.013239948671649803,0.0006874950461247054,0.5463276562838179
production_fold1_bbdebc262dec/attention_rank_2026_tune,41,0.013562463308599863,0.0006860627730418395,0.5446489152962347
production_fold1_bbdebc262dec/attention_rank_2026_tune,42,0.012862394394522364,0.0006845547090158688,0.5447920753338559
production_fold1_bbdebc262dec/attention_rank_2026_tune,43,0.01223045638339086,0.0006829712336938473,0.5441493545800767
production_fold1_bbdebc262dec/attention_rank_2026_tune,44,0.01145311174067584,0.0006813127457072188,0.5443759213124704
production_fold1_bbdebc262dec/attention_rank_2026_tune,45,0.010786182755096392,0.0006795796625714651,0.5449954062767279
production_fold1_bbdebc262dec/attention_rank_2026_tune,46,0.01049989199435169,0.0006777724205809974,0.5464051259382148
production_fold1_bbdebc262dec/attention_rank_2026_tune,47,0.010598460635678335,0.0006758914746993222,0.5455929450795891
production_fold1_bbdebc262dec/attention_rank_2026_tune,48,0.010581517930735241,0.0006739372984445064,0.5448003705701974
production_fold1_bbdebc262dec/attention_rank_2026_tune,49,0.010574423877353018,0.0006719103837699716,0.5445114453027495
production_fold1_bbdebc262dec/attention_rank_2026_tune,50,0.010286719030277296,0.0006698112409406478,0.5437249659716274
production_fold1_bbdebc262dec/attention_rank_2026_tune,51,0.010099235752766783,0.0006676403984045166,0.5432291422047342
production_fold1_bbdebc262dec/attention_rank_2026_tune,52,0.010158733041449026,0.0006653984026595771,0.5430226183990522
production_fold1_bbdebc262dec/attention_rank_2026_tune,53,0.009763274299488827,0.0006630858181162687,0.5425237772802719
production_fold1_bbdebc262dec/attention_rank_2026_tune,54,0.009629476222802292,0.000660703226955383,0.5426345816507328
production_fold1_bbdebc262dec/attention_rank_2026_tune,55,0.00987418478524143,0.0006582512289815031,0.5422621274051013
production_fold1_bbdebc262dec/attention_rank_2026_tune,56,0.00933765670792623,0.0006557304414720066,0.5423766286175611
production_fold1_bbdebc262dec/attention_rank_2026_tune,57,0.009161183864555576,0.0006531414990216683,0.5424775961736764
production_fold1_bbdebc262dec/attention_rank_2026_tune,58,0.009000116239555857,0.0006504850533829049,0.5423397817474465
production_fold1_bbdebc262dec/attention_rank_2026_tune,59,0.00899820165200667,0.0006477617733017001,0.5427033647780537
production_fold1_bbdebc262dec/attention_rank_2026_tune,60,0.00921488900414922,0.0006449723443492508,0.5435849547111319
production_fold1_bbdebc262dec/attention_rank_2026_tune,61,0.009326670488173311,0.0006421174687493787,0.5429933154122989
production_fold1_bbdebc262dec/attention_rank_2026_tune,62,0.009218575856225058,0.000639197865201749,0.5416430615564263
production_fold1_bbdebc262dec/attention_rank_2026_tune,63,0.00956635261801156,0.0006362142687009415,0.5410454797312804
production_fold1_bbdebc262dec/attention_rank_2026_tune,64,0.009229557334699413,0.0006331674303514194,0.541603809074829
production_fold1_bbdebc262dec/attention_rank_2026_tune,65,0.009237906387583776,0.000630058117178444,0.5421019831874029
production_fold1_bbdebc262dec/attention_rank_2026_tune,66,0.009122419552030888,0.0006268871119349783,0.5416883859489908
production_fold1_bbdebc262dec/attention_rank_2026_tune,67,0.008941407019103115,0.0006236552129046349,0.5413996725120617
production_fold1_bbdebc262dec/attention_rank_2026_tune,68,0.008932530541311611,0.0006203632337007112,0.5414635032067774
production_fold1_bbdebc262dec/attention_rank_2026_tune,69,0.009249463508074934,0.000617012003061367,0.5413184153458702
production_fold1_bbdebc262dec/attention_rank_2026_tune,70,0.00902651868421923,0.0006136023646409944,0.54040229356894
production_fold1_bbdebc262dec/attention_rank_2026_tune,71,0.008559842890297825,0.0006101351767978316,0.5398930030391296
production_fold1_bbdebc262dec/attention_rank_2026_tune,72,0.008409309158609672,0.0006066113123778767,0.5390448800840858
production_fold1_bbdebc262dec/attention_rank_2026_tune,73,0.008537026291543787,0.0006030316584951526,0.5398841231574442
production_fold1_bbdebc262dec/attention_rank_2026_tune,74,0.008659819352694532,0.0005993971163083813,0.5401075398762674
production_fold1_bbdebc262dec/attention_rank_2026_tune,75,0.00850540619682182,0.0005957086007941213,0.5401671651535508
production_fold1_bbdebc262dec/attention_rank_2026_tune,76,0.008439408826895735,0.0005919670405164284,0.5398796672478023
production_fold1_bbdebc262dec/attention_rank_2026_tune,77,0.008350041017613628,0.0005881733773930937,0.5392202725936518
production_fold1_bbdebc262dec/attention_rank_2026_tune,78,0.008471823847767982,0.0005843285664585205,0.5388682825279731
production_fold1_bbdebc262dec/attention_rank_2026_tune,79,0.008654076563702389,0.0005804335756233009,0.5382348019331996
production_fold1_bbdebc262dec/attention_rank_2026_tune,80,0.008495911447839304,0.0005764893854305478,0.5383499442647715
production_fold1_bbdebc262dec/attention_rank_2026_tune,81,0.008511021944948217,0.0005724969888090502,0.5383150641973539
production_fold1_bbdebc262dec/attention_rank_2026_tune,82,0.008494760756465521,0.0005684573908233068,0.5382547868156707
production_fold1_bbdebc262dec/attention_rank_2026_tune,83,0.00820454353974624,0.0005643716084205079,0.5381639310269861
production_fold1_bbdebc262dec/attention_rank_2026_tune,84,0.008366825948046013,0.0005602406701745238,0.5383149923760778
production_fold1_bbdebc262dec/attention_rank_2026_tune,85,0.008163175122304396,0.0005560656160269665,0.5384116471628303
production_fold1_bbdebc262dec/attention_rank_2026_tune,86,0.008129261095415462,0.0005518474970253906,0.5381699576919008
production_fold1_bbdebc262dec/attention_rank_2026_tune,87,0.008162640077485279,0.0005475873750586973,0.5383748081996649
production_fold1_bbdebc262dec/attention_rank_2026_tune,88,0.007897377818484198,0.0005432863225898095,0.5379396751477487
production_fold1_bbdebc262dec/attention_rank_2026_tune,89,0.008179800457913767,0.0005389454223856853,0.5378532628248778
production_fold1_bbdebc262dec/attention_rank_2026_tune,90,0.007983201098713007,0.0005345657672447374,0.5377149422677481
production_fold1_bbdebc262dec/attention_rank_2026_tune,91,0.007909847000105814,0.0005301484597217261,0.5374067883057976
production_fold1_bbdebc262dec/attention_rank_2026_tune,92,0.007968040564182129,0.0005256946118501973,0.5378004502341803
production_fold1_bbdebc262dec/attention_rank_2026_tune,93,0.007943300657312979,0.0005212053448625349,0.538559352713237
production_fold1_bbdebc262dec/attention_rank_2026_tune,94,0.007848809219219467,0.0005166817889076954,0.538723516411527
production_fold1_bbdebc262dec/attention_rank_2026_tune,95,0.007849535100500692,0.0005121250827666998,0.5390037168873159
production_fold1_bbdebc262dec/attention_rank_2026_tune,96,0.008052573962645098,0.0005075363735659509,0.5387590238678548
production_fold1_bbdebc262dec/attention_rank_2026_tune,97,0.007814701096239414,0.0005029168164884505,0.5377424238891291
production_fold1_bbdebc262dec/attention_rank_2026_tune,98,0.007827826775610447,0.000498267574482989,0.5376086694442237
production_fold1_bbdebc262dec/attention_rank_2026_tune,99,0.007871984250166199,0.0004935898179713779,0.537214978932923
production_fold1_bbdebc262dec/attention_rank_2026_tune,100,0.008041333618827841,0.0004888847245538038,0.5369388693968421
production_fold1_bbdebc262dec/attention_rank_2026_tune,101,0.008129400539804588,0.0004841534787123729,0.5374727556735561
production_fold1_bbdebc262dec/attention_rank_2026_tune,102,0.00799849180674011,0.00047939727151292413,0.5374237425245466
production_fold1_bbdebc262dec/attention_rank_2026_tune,103,0.008169782644307072,0.00047461730030518495,0.5373289646967725
production_fold1_bbdebc262dec/attention_rank_2026_tune,104,0.008131120904264126,0.0004698147684213449,0.5369683987797557
production_fold1_bbdebc262dec/attention_rank_2026_tune,105,0.008104815232482824,0.0004649908848731229,0.537198921755806
production_fold1_bbdebc262dec/attention_rank_2026_tune,106,0.008247168142009865,0.00046014686404740544,0.5371203882086495
production_fold1_bbdebc262dec/attention_rank_2026_tune,107,0.008173290597782894,0.0004552839254005307,0.5366033156134733
production_fold1_bbdebc262dec/attention_rank_2026_tune,108,0.008238353893499483,0.00045040329315129717,0.5369966545826981
production_fold1_bbdebc262dec/attention_rank_2026_tune,109,0.008160047190771862,0.00044550619597277336,0.5372309316789333
production_fold1_bbdebc262dec/attention_rank_2026_tune,110,0.007835548540407961,0.0004405938666829854,0.5377073046840277
production_fold1_bbdebc262dec/attention_rank_2026_tune,111,0.007928834127431566,0.000435667541934562,0.5374364678290998
production_fold1_bbdebc262dec/attention_rank_2026_tune,112,0.007885676554658196,0.0004307284619034139,0.5369138669563965
production_fold1_bbdebc262dec/attention_rank_2026_tune,113,0.00775226243686947,0.00042577786997652616,0.5367814826338778
production_fold1_bbdebc262dec/attention_rank_2026_tune,114,0.007671184033494104,0.0004208170124389417,0.5366512109668561
production_fold1_bbdebc262dec/attention_rank_2026_tune,115,0.007627768145704811,0.0004158471381600161,0.536615732151808
production_fold1_bbdebc262dec/attention_rank_2026_tune,116,0.007658993952314962,0.00041086949827902136,0.5365823405376302
production_fold1_bbdebc262dec/attention_rank_2026_tune,117,0.007722927215085788,0.0004058853458901787,0.5363032059073564
production_fold1_bbdebc262dec/attention_rank_2026_tune,118,0.007692257069389929,0.0004008959357271977,0.5366529079994078
production_fold1_bbdebc262dec/attention_rank_2026_tune,119,0.007650655313310298,0.00039590252384740486,0.5365932604885888
production_fold1_bbdebc262dec/attention_rank_2026_tune,120,0.007877556099133059,0.0003909063673155374,0.5363938402860521
production_fold1_bbdebc262dec/attention_rank_2026_tune,121,0.007705781905149872,0.0003859087238872841,0.5361387257833696
production_fold1_bbdebc262dec/attention_rank_2026_tune,122,0.007668805731968446,0.0003809108516926518,0.5366717991314804
production_fold1_bbdebc262dec/attention_rank_2026_tune,123,0.0076251668770882216,0.0003759140089192381,0.5368215358566265
production_fold1_bbdebc262dec/attention_rank_2026_tune,124,0.007666724014349959,0.00037091945349548925,0.5365310041830416
production_fold1_bbdebc262dec/attention_rank_2026_tune,125,0.007663600612431765,0.0003659284427740239,0.5364692531392867
production_fold1_bbdebc262dec/attention_rank_2026_tune,126,0.007644664072854953,0.0003609422332151001,0.5362037435617537
production_fold1_bbdebc262dec/attention_rank_2026_tune,127,0.007593370339071209,0.0003559620800703096,0.5362396662084571
production_fold1_bbdebc262dec/attention_rank_2026_tune,128,0.007701236754655838,0.0003509892370665739,0.536302212656824
production_fold1_bbdebc262dec/attention_rank_2026_tune,129,0.007696765136312355,0.00034602495609052544,0.5364522046917155
production_fold1_bbdebc262dec/attention_rank_2026_tune,130,0.0075994506054981184,0.0003410704868733524,0.5363027573428276
production_fold1_bbdebc262dec/attention_rank_2026_tune,131,0.007526754316958514,0.0003361270766761851,0.5361391344224941
production_fold1_bbdebc262dec/attention_rank_2026_tune,132,0.007558617656203834,0.00033119596997610427,0.5355871395798736
production_fold1_bbdebc262dec/attention_rank_2026_tune,133,0.0073700057427314196,0.0003262784081528515,0.5355872679124468
production_fold1_bbdebc262dec/attention_rank_2026_tune,134,0.007386690979315476,0.00032137562917631775,0.5356795711717104
production_fold1_bbdebc262dec/attention_rank_2026_tune,135,0.0075535278936678715,0.00031648886729489185,0.5356347809345183
production_fold1_bbdebc262dec/attention_rank_2026_tune,136,0.007442819250916893,0.00031161935272474385,0.5356364250470402
production_fold1_bbdebc262dec/attention_rank_2026_tune,137,0.007392908361825076,0.000306768311340126,0.5359489874329681
production_fold1_bbdebc262dec/attention_rank_2026_tune,138,0.007456203541633758,0.000301936964364765,0.5364575859417627
production_fold1_bbdebc262dec/attention_rank_2026_tune,139,0.007576696405356581,0.0002971265280644246,0.5360688519257428
production_fold1_bbdebc262dec/attention_rank_2026_tune,140,0.007407632360065525,0.0002923382134407187,0.5361891302710938
production_fold1_bbdebc262dec/attention_rank_2026_tune,141,0.007431582505391402,0.00028757322592624696,0.5362281622507977
production_fold1_bbdebc262dec/attention_rank_2026_tune,142,0.007438281170007857,0.0002828327650811343,0.5361509928339713
production_fold1_bbdebc262dec/attention_rank_2026_tune,143,0.007378520952029662,0.0002781180242910476,0.5358974220672972
production_fold1_bbdebc262dec/attention_rank_2026_tune,144,0.007285965183241801,0.00027343019046676754,0.5362062111175844
production_fold1_bbdebc262dec/attention_rank_2026_tune,145,0.007383751598271457,0.0002687704437453901,0.5361946503602607
production_fold1_bbdebc262dec/attention_rank_2026_tune,146,0.007284309461035512,0.000264139957193233,0.5364818329286486
production_fold1_bbdebc262dec/attention_rank_2026_tune,147,0.007334058977324854,0.0002595398965105232,0.5365570652825449
production_fold1_bbdebc262dec/attention_rank_2026_tune,148,0.00730755307119001,0.00025497141973793765,0.5365897699712444
production_fold1_bbdebc262dec/attention_rank_2026_tune,149,0.00737262326716022,0.0002504356769650728,0.5367967280189886
production_fold1_bbdebc262dec/attention_rank_2026_tune,150,0.007362448060038415,0.0002459338100409155,0.5367123968058848
production_fold1_bbdebc262dec/attention_rank_2026_tune,151,0.007286006584763527,0.00024146695228638922,0.5370292365097633
production_fold1_bbdebc262dec/attention_rank_2026_tune,152,0.007430357689207251,0.000237036228209046,0.5371055759104995
production_fold1_bbdebc262dec/residual_42_refit,1,1.548546974475567,3.5000000000000004e-05,
production_fold1_bbdebc262dec/residual_42_refit,2,1.4908346212827241,6.118881118881119e-05,
production_fold1_bbdebc262dec/residual_42_refit,3,1.327652211372669,9.300699300699301e-05,
production_fold1_bbdebc262dec/residual_42_refit,4,1.0650565715936513,0.00012482517482517483,
production_fold1_bbdebc262dec/residual_42_refit,5,0.729446665598796,0.00015664335664335665,
production_fold1_bbdebc262dec/residual_42_refit,6,0.4779171519554578,0.00018846153846153844,
production_fold1_bbdebc262dec/residual_42_refit,7,0.31387640879704404,0.0002202797202797203,
production_fold1_bbdebc262dec/residual_42_refit,8,0.20494119364481705,0.0002520979020979021,
production_fold1_bbdebc262dec/residual_42_refit,9,0.13383698234191307,0.0002839160839160839,
production_fold1_bbdebc262dec/residual_42_refit,10,0.08824426852739774,0.0003157342657342657,
production_fold1_bbdebc262dec/residual_42_refit,11,0.058142794152865045,0.00034755244755244757,
production_fold1_bbdebc262dec/residual_42_refit,12,0.04754844795052822,0.00037937062937062936,
production_fold1_bbdebc262dec/residual_42_refit,13,0.042374593420670584,0.00041118881118881116,
production_fold1_bbdebc262dec/residual_42_refit,14,0.04982239165558265,0.00044300699300699306,
production_fold1_bbdebc262dec/residual_42_refit,15,0.03591350781229826,0.00047482517482517485,
production_fold1_bbdebc262dec/residual_42_refit,16,0.03187195440897575,0.0005066433566433566,
production_fold1_bbdebc262dec/residual_42_refit,17,0.03047558507667138,0.0005384615384615384,
production_fold1_bbdebc262dec/residual_42_refit,18,0.02973484004346224,0.0005702797202797202,
production_fold1_bbdebc262dec/residual_42_refit,19,0.022556168528703544,0.000602097902097902,
production_fold1_bbdebc262dec/residual_42_refit,20,0.022264584970588867,0.0006339160839160839,
production_fold1_bbdebc262dec/residual_42_refit,21,0.02073979750275612,0.0006657342657342657,
production_fold1_bbdebc262dec/residual_42_refit,22,0.023675274677001514,0.0006975524475524475,
production_fold1_bbdebc262dec/residual_42_refit,23,0.01569601556716057,0.0006999716115248672,
production_fold1_bbdebc262dec/residual_42_refit,24,0.019900072652560014,0.0006998648691065406,
production_fold1_bbdebc262dec/residual_42_refit,25,0.01566797673988801,0.000699678861141235,
production_fold1_bbdebc262dec/residual_42_refit,26,0.01508646010636137,0.0006994136344554611,
production_fold1_bbdebc262dec/residual_42_refit,27,0.012559230725925703,0.0006990692558186185,
production_fold1_bbdebc262dec/residual_42_refit,28,0.009455180153823815,0.0006986458119261876,
production_fold1_bbdebc262dec/residual_42_refit,29,0.010440193116664886,0.0006981434093779037,
production_fold1_bbdebc262dec/residual_42_refit,30,0.008598255315938821,0.0006975621746509214,
production_fold1_bbdebc262dec/residual_42_refit,31,0.008335525886370586,0.0006969022540679752,
production_fold1_bbdebc262dec/residual_42_refit,32,0.007482556733660973,0.0006961638137605428,
production_fold1_bbdebc262dec/residual_42_refit,33,0.007188708270685031,0.0006953470396270225,
production_fold1_bbdebc262dec/residual_42_refit,34,0.006550313152659398,0.0006944521372859343,
production_fold1_bbdebc262dec/residual_42_refit,35,0.006094655899617534,0.0006934793320241573,
production_fold1_bbdebc262dec/residual_42_refit,36,0.00501244615476865,0.0006924288687402135,
production_fold1_bbdebc262dec/residual_42_refit,37,0.004433252499438822,0.0006913010118826171,
production_fold1_bbdebc262dec/residual_42_refit,38,0.0037242822313251402,0.0006900960453833005,
production_fold1_bbdebc262dec/residual_42_refit,39,0.004007330629974604,0.0006888142725861361,
production_fold1_bbdebc262dec/residual_42_refit,40,0.004244750526805337,0.0006874560161705709,
production_fold1_bbdebc262dec/residual_42_refit,41,0.004484392469748855,0.0006860216180703939,
production_fold1_bbdebc262dec/residual_42_refit,42,0.003998461403310872,0.0006845114393876561,
production_fold1_bbdebc262dec/residual_42_refit,43,0.003366179244879347,0.0006829258603017649,
production_fold1_bbdebc262dec/residual_42_refit,44,0.0030785810399370696,0.0006812652799737756,
production_fold1_bbdebc262dec/residual_42_refit,45,0.002801526579647683,0.0006795301164459057,
production_fold1_bbdebc262dec/residual_42_refit,46,0.003015019465237856,0.0006777208065362938,
production_fold1_bbdebc262dec/residual_42_refit,47,0.0030042912112548947,0.0006758378057290344,
production_fold1_bbdebc262dec/residual_42_refit,48,0.003093116460009836,0.0006738815880595105,
production_fold1_bbdebc262dec/residual_42_refit,49,0.0028864418944487204,0.000671852645995059,
production_fold1_bbdebc262dec/residual_42_refit,50,0.0033176019250486907,0.0006697514903109947,
production_fold1_bbdebc262dec/residual_42_refit,51,0.0035915693554740688,0.0006675786499620244,
production_fold1_bbdebc262dec/residual_42_refit,52,0.003466648264573171,0.000665334671949086,
production_fold1_bbdebc262dec/residual_42_refit,53,0.0034550067323904773,0.0006630201211816443,
production_fold1_bbdebc262dec/residual_42_refit,54,0.0029090033270991766,0.0006606355803354773,
production_fold1_bbdebc262dec/residual_42_refit,55,0.002543837584268588,0.000658181649705991,
production_fold1_bbdebc262dec/residual_42_refit,56,0.0027771507694314304,0.0006556589470570984,
production_fold1_bbdebc262dec/residual_42_refit,57,0.0021908906592915836,0.0006530681074657004,
production_fold1_bbdebc262dec/residual_42_refit,58,0.0020435800005753455,0.0006504097831618094,
production_fold1_bbdebc262dec/residual_42_refit,59,0.0020832571720417878,0.0006476846433643525,
production_fold1_bbdebc262dec/residual_42_refit,60,0.0021228968219545027,0.0006448933741127005,
production_fold1_bbdebc262dec/residual_42_refit,61,0.00210812167586902,0.0006420366780939603,
production_fold1_bbdebc262dec/residual_42_refit,62,0.001964669003008077,0.000639115274466078,
production_fold1_bbdebc262dec/ordinal_2026_refit,1,2.1523861518272986,3.5000000000000004e-05,
production_fold1_bbdebc262dec/ordinal_2026_refit,2,1.4729939561623793,6.363636363636364e-05,
production_fold1_bbdebc262dec/ordinal_2026_refit,3,0.9880656966796288,9.545454545454545e-05,
production_fold1_bbdebc262dec/ordinal_2026_refit,4,0.7078956594833961,0.00012727272727272728,
production_fold1_bbdebc262dec/ordinal_2026_refit,5,0.5753691792488098,0.00015909090909090907,
production_fold1_bbdebc262dec/ordinal_2026_refit,6,0.450576337484213,0.0001909090909090909,
production_fold1_bbdebc262dec/ordinal_2026_refit,7,0.3757894245477823,0.00022272727272727272,
production_fold1_bbdebc262dec/text_tune,1,1.173312920929184,9.986969945609078e-06,0.6599799997254191
production_fold1_bbdebc262dec/text_tune,2,0.8389197368293054,9.43796732877198e-06,0.6227990599982912
production_fold1_bbdebc262dec/text_tune,3,0.54210411845189,8.150069518382929e-06,0.6117928986594425
production_fold1_bbdebc262dec/text_tune,4,0.46989476060982616,6.366450704482724e-06,0.6160843573958593
production_fold1_bbdebc262dec/text_tune,5,0.43997467818507363,4.420753948951304e-06,0.5906816860279098
production_fold1_bbdebc262dec/text_tune,6,0.3989415448898124,2.676940552233722e-06,0.5888349796510066
production_fold1_bbdebc262dec/text_tune,7,0.33747379131068195,1.4612075899012335e-06,0.6040611125768357
production_fold1_bbdebc262dec/text_tune,8,0.3197064477458803,1.000969610858501e-06,0.6007054891030337
production_fold1_bbdebc262dec/residual_2026_refit,1,1.5527522839032686,3.5000000000000004e-05,
production_fold1_bbdebc262dec/residual_2026_refit,2,1.4871999300443208,6.118881118881119e-05,
production_fold1_bbdebc262dec/residual_2026_refit,3,1.3337447505730848,9.300699300699301e-05,
production_fold1_bbdebc262dec/residual_2026_refit,4,1.0759093440496004,0.00012482517482517483,
production_fold1_bbdebc262dec/residual_2026_refit,5,0.7380876403588515,0.00015664335664335665,
production_fold1_bbdebc262dec/residual_2026_refit,6,0.46978313418535084,0.00018846153846153844,
production_fold1_bbdebc262dec/residual_2026_refit,7,0.31589333713054657,0.0002202797202797203,
production_fold1_bbdebc262dec/residual_2026_refit,8,0.19997823352997118,0.0002520979020979021,
production_fold1_bbdebc262dec/residual_2026_refit,9,0.13646371433368096,0.0002839160839160839,
production_fold1_bbdebc262dec/residual_2026_refit,10,0.09302170230792119,0.0003157342657342657,
production_fold1_bbdebc262dec/residual_2026_refit,11,0.0667234194966463,0.00034755244755244757,
production_fold1_bbdebc262dec/residual_2026_refit,12,0.056109414937404484,0.00037937062937062936,
production_fold1_bbdebc262dec/residual_2026_refit,13,0.054980265406461865,0.00041118881118881116,
production_fold1_bbdebc262dec/residual_2026_refit,14,0.04374851372379523,0.00044300699300699306,
production_fold1_bbdebc262dec/residual_2026_refit,15,0.03950288834480139,0.00047482517482517485,
production_fold1_bbdebc262dec/residual_2026_refit,16,0.03275391430808948,0.0005066433566433566,
production_fold1_bbdebc262dec/residual_2026_refit,17,0.02521971620332736,0.0005384615384615384,
production_fold1_bbdebc262dec/residual_2026_refit,18,0.019891036889300898,0.0005702797202797202,
production_fold1_bbdebc262dec/residual_2026_refit,19,0.023035774652201396,0.000602097902097902,
production_fold1_bbdebc262dec/residual_2026_refit,20,0.019793580572765607,0.0006339160839160839,
production_fold1_bbdebc262dec/residual_2026_refit,21,0.01885891383370528,0.0006657342657342657,
production_fold1_bbdebc262dec/residual_2026_refit,22,0.01781418389425828,0.0006975524475524475,
production_fold1_bbdebc262dec/residual_2026_refit,23,0.015905822913807172,0.0006999716115248672,
production_fold1_bbdebc262dec/residual_2026_refit,24,0.013161933980882168,0.0006998648691065406,
production_fold1_bbdebc262dec/residual_2026_refit,25,0.01343274313526658,0.000699678861141235,
production_fold1_bbdebc262dec/residual_2026_refit,26,0.013968894258141518,0.0006994136344554611,
production_fold1_bbdebc262dec/residual_2026_refit,27,0.013481348394774474,0.0006990692558186185,
production_fold1_bbdebc262dec/residual_2026_refit,28,0.013153475100317827,0.0006986458119261876,
production_fold1_bbdebc262dec/residual_2026_refit,29,0.012573324179706665,0.0006981434093779037,
production_fold1_bbdebc262dec/residual_2026_refit,30,0.010074781003193213,0.0006975621746509214,
production_fold1_bbdebc262dec/residual_2026_refit,31,0.007440325016012559,0.0006969022540679752,
production_fold1_bbdebc262dec/residual_2026_refit,32,0.007173160664164103,0.0006961638137605428,
production_fold1_bbdebc262dec/residual_2026_refit,33,0.005505998439800281,0.0006953470396270225,
production_fold1_bbdebc262dec/residual_2026_refit,34,0.00463746959128632,0.0006944521372859343,
production_fold1_bbdebc262dec/residual_2026_refit,35,0.004974619342157474,0.0006934793320241573,
production_fold1_bbdebc262dec/residual_2026_refit,36,0.0044886377962449426,0.0006924288687402135,
production_fold1_bbdebc262dec/residual_2026_refit,37,0.003875852365476581,0.0006913010118826171,
production_fold1_bbdebc262dec/residual_2026_refit,38,0.00414962052869109,0.0006900960453833005,
production_fold1_bbdebc262dec/residual_2026_refit,39,0.0047924925501529984,0.0006888142725861361,
production_fold1_bbdebc262dec/residual_2026_refit,40,0.005499593125512967,0.0006874560161705709,
production_fold1_bbdebc262dec/residual_2026_refit,41,0.004374493146315217,0.0006860216180703939,
production_fold1_bbdebc262dec/residual_2026_tune,1,1.6455848975615068,3.5000000000000004e-05,1.1746605085611406
production_fold1_bbdebc262dec/residual_2026_tune,2,1.527147650718689,6.0743801652892564e-05,1.150118337086911
production_fold1_bbdebc262dec/residual_2026_tune,3,1.405400200323625,9.256198347107438e-05,1.0924191108966517
production_fold1_bbdebc262dec/residual_2026_tune,4,1.2352599122307517,0.00012438016528925618,0.9915542156416594
production_fold1_bbdebc262dec/residual_2026_tune,5,0.9181681492111899,0.00015619834710743803,0.8643198277347602
production_fold1_bbdebc262dec/residual_2026_tune,6,0.5839718336408789,0.00018801652892561983,0.7645883950828319
production_fold1_bbdebc262dec/residual_2026_tune,7,0.37668072229081934,0.00021983471074380165,0.7253387856522386
production_fold1_bbdebc262dec/residual_2026_tune,8,0.24825258553028107,0.00025165289256198347,0.6988655975201096
production_fold1_bbdebc262dec/residual_2026_tune,9,0.1601199128411033,0.00028347107438016526,0.6624773295594332
production_fold1_bbdebc262dec/residual_2026_tune,10,0.11256381259723143,0.0003152892561983471,0.6227363351836024
production_fold1_bbdebc262dec/residual_2026_tune,11,0.06713273884220557,0.00034710743801652895,0.5974746155860208
production_fold1_bbdebc262dec/residual_2026_tune,12,0.05154884301803329,0.00037892561983471075,0.5812539655274296
production_fold1_bbdebc262dec/residual_2026_tune,13,0.044955126602541313,0.0004107438016528926,0.5729202857750658
production_fold1_bbdebc262dec/residual_2026_tune,14,0.037069490518082275,0.0004425619834710744,0.5703916375905324
production_fold1_bbdebc262dec/residual_2026_tune,15,0.033999741077423096,0.0004743801652892562,0.5630816410883258
production_fold1_bbdebc262dec/residual_2026_tune,16,0.03260535171086138,0.0005061983471074381,0.5648424786894944
production_fold1_bbdebc262dec/residual_2026_tune,17,0.026501632549545982,0.0005380165289256199,0.5596744722361231
production_fold1_bbdebc262dec/residual_2026_tune,18,0.017738694621419363,0.0005698347107438016,0.555288929006994
production_fold1_bbdebc262dec/residual_2026_tune,19,0.015122268052602356,0.0006016528925619835,0.5550121668468173
production_fold1_bbdebc262dec/residual_2026_tune,20,0.015147273005409674,0.0006334710743801653,0.5559577159311229
production_fold1_bbdebc262dec/residual_2026_tune,21,0.01655383746732365,0.0006652892561983472,0.5545165969191524
production_fold1_bbdebc262dec/residual_2026_tune,22,0.01937268962236968,0.000697107438016529,0.5517410729542369
production_fold1_bbdebc262dec/residual_2026_tune,23,0.02008800030770627,0.0006999734573993824,0.5512556933433408
production_fold1_bbdebc262dec/residual_2026_tune,24,0.01797408356585286,0.0006998689326784723,0.5483500223020782
production_fold1_bbdebc262dec/residual_2026_tune,25,0.015152826312590729,0.0006996851413876009,0.5432874127814632
production_fold1_bbdebc262dec/residual_2026_tune,26,0.01636200389740142,0.0006994221297952425,0.5415666319960657
production_fold1_bbdebc262dec/residual_2026_tune,27,0.012862537606534634,0.0006990799641131591,0.5423847469486699
production_fold1_bbdebc262dec/residual_2026_tune,28,0.010133967607874762,0.0006986587304797315,0.542494249381889
production_fold1_bbdebc262dec/residual_2026_tune,29,0.008720388635993004,0.0006981585349382742,0.5420674317240427
production_fold1_bbdebc262dec/residual_2026_tune,30,0.007221824066205459,0.0006975795034103396,0.5410265586925104
production_fold1_bbdebc262dec/residual_2026_tune,31,0.00723131729120558,0.0006969217816640185,0.5392715042951001
production_fold1_bbdebc262dec/residual_2026_tune,32,0.005846241362054239,0.0006961855352772434,0.5399715231641059
production_fold1_bbdebc262dec/residual_2026_tune,33,0.005635282448069615,0.0006953709495961046,0.539791090454892
production_fold1_bbdebc262dec/residual_2026_tune,34,0.005305386635220863,0.0006944782296881913,0.5403246390409446
production_fold1_bbdebc262dec/residual_2026_tune,35,0.006133654112504287,0.0006935076002909661,0.5412661948306215
production_fold1_bbdebc262dec/residual_2026_tune,36,0.005350781858644702,0.0006924593057551894,0.5401276543009244
production_fold1_bbdebc262dec/residual_2026_tune,37,0.005760871741751378,0.0006913336099834042,0.5407104802841142
production_fold1_bbdebc262dec/residual_2026_tune,38,0.005056668326935985,0.0006901307963635014,0.5402985211435969
production_fold1_bbdebc262dec/residual_2026_tune,39,0.0055553121492266655,0.0006888511676973773,0.539508241321025
production_fold1_bbdebc262dec/residual_2026_tune,40,0.007221997884864157,0.0006874950461247054,0.538952324228577
production_fold1_bbdebc262dec/residual_2026_tune,41,0.007164880675687032,0.0006860627730418395,0.5372171459753482
production_fold1_bbdebc262dec/residual_2026_tune,42,0.00705100976946679,0.0006845547090158688,0.5389095118689183
production_fold1_bbdebc262dec/residual_2026_tune,43,0.0066306751052087,0.0006829712336938473,0.5395379167139408
production_fold1_bbdebc262dec/residual_2026_tune,44,0.005310750460590829,0.0006813127457072188,0.5407454679994603
production_fold1_bbdebc262dec/residual_2026_tune,45,0.004808652405203743,0.0006795796625714651,0.5413504514877913
production_fold1_bbdebc262dec/residual_2026_tune,46,0.0038145495028319683,0.0006777724205809974,0.5413799386165725
production_fold1_bbdebc262dec/residual_2026_tune,47,0.005055384392934767,0.0006758914746993222,0.5413329536566336
production_fold1_bbdebc262dec/residual_2026_tune,48,0.004638788734816692,0.0006739372984445064,0.541167073102193
production_fold1_bbdebc262dec/residual_2026_tune,49,0.004092096753249114,0.0006719103837699716,0.5415814174680933
production_fold1_bbdebc262dec/residual_2026_tune,50,0.0037825747223740273,0.0006698112409406478,0.5418341358606187
production_fold1_bbdebc262dec/residual_2026_tune,51,0.003204109866849401,0.0006676403984045166,0.5416386518417755
production_fold1_bbdebc262dec/residual_2026_tune,52,0.0030592323111539536,0.0006653984026595771,0.541371297371952
production_fold1_bbdebc262dec/residual_2026_tune,53,0.002569320611655712,0.0006630858181162687,0.5407650343927454
production_fold1_bbdebc262dec/residual_2026_tune,54,0.0024145613847808404,0.000660703226955383,0.5401308038227223
production_fold1_bbdebc262dec/residual_2026_tune,55,0.002207526037554172,0.0006582512289815031,0.5390538295751336
production_fold1_bbdebc262dec/residual_2026_tune,56,0.0019444218540394847,0.0006557304414720066,0.5386899683668176
production_fold1_bbdebc262dec/residual_2026_tune,57,0.002383368724787777,0.0006531414990216683,0.538122508850951
production_fold1_bbdebc262dec/residual_2026_tune,58,0.0017078789374367757,0.0006504850533829049,0.5384028944470995
production_fold1_bbdebc262dec/residual_2026_tune,59,0.0018000565045936542,0.0006477617733017001,0.5385563535328032
production_fold1_bbdebc262dec/residual_2026_tune,60,0.0017624173884872687,0.0006449723443492508,0.5393213451779002
production_fold1_bbdebc262dec/residual_2026_tune,61,0.0017853315750306303,0.0006421174687493787,0.5386410659769704
production_fold1_bbdebc262dec/residual_42_tune,1,1.6054480184208264,3.5000000000000004e-05,1.1740515049882079
production_fold1_bbdebc262dec/residual_42_tune,2,1.5051417784257368,6.0743801652892564e-05,1.1490394420768533
production_fold1_bbdebc262dec/residual_42_tune,3,1.4206675074317239,9.256198347107438e-05,1.090236098635343
production_fold1_bbdebc262dec/residual_42_tune,4,1.1878599361939863,0.00012438016528925618,0.9869967274111355
production_fold1_bbdebc262dec/residual_42_tune,5,0.8612905957482078,0.00015619834710743803,0.8593260105175567
production_fold1_bbdebc262dec/residual_42_tune,6,0.5809877406467091,0.00018801652892561983,0.7634066330750727
production_fold1_bbdebc262dec/residual_42_tune,7,0.3803631514310837,0.00021983471074380165,0.7275661877463475
production_fold1_bbdebc262dec/residual_42_tune,8,0.2398800551891327,0.00025165289256198347,0.6994560922104238
production_fold1_bbdebc262dec/residual_42_tune,9,0.16148633577606894,0.00028347107438016526,0.649611197260223
production_fold1_bbdebc262dec/residual_42_tune,10,0.09758084335110405,0.0003152892561983471,0.6213591369216718
production_fold1_bbdebc262dec/residual_42_tune,11,0.06965715539726344,0.00034710743801652895,0.5937376640561332
production_fold1_bbdebc262dec/residual_42_tune,12,0.05133823982693932,0.00037892561983471075,0.584740677802751
production_fold1_bbdebc262dec/residual_42_tune,13,0.04761881652203473,0.0004107438016528926,0.5712565997288042
production_fold1_bbdebc262dec/residual_42_tune,14,0.045963619581677696,0.0004425619834710744,0.5729074338376768
production_fold1_bbdebc262dec/residual_42_tune,15,0.037917616523124954,0.0004743801652892562,0.5717124286098128
production_fold1_bbdebc262dec/residual_42_tune,16,0.0305244502696124,0.0005061983471074381,0.5674596560765954
production_fold1_bbdebc262dec/residual_42_tune,17,0.02885821224613623,0.0005380165289256199,0.5661801301905915
production_fold1_bbdebc262dec/residual_42_tune,18,0.022283047522333534,0.0005698347107438016,0.5641210526925046
production_fold1_bbdebc262dec/residual_42_tune,19,0.022269147278910332,0.0006016528925619835,0.562312525455807
production_fold1_bbdebc262dec/residual_42_tune,20,0.025552516464482655,0.0006334710743801653,0.5604300765999106
production_fold1_bbdebc262dec/residual_42_tune,21,0.021824489093639633,0.0006652892561983472,0.563083052477977
production_fold1_bbdebc262dec/residual_42_tune,22,0.020270484922961754,0.000697107438016529,0.5585302541401916
production_fold1_bbdebc262dec/residual_42_tune,23,0.01577369420027191,0.0006999734573993824,0.5606714489762671
production_fold1_bbdebc262dec/residual_42_tune,24,0.018712729469619015,0.0006998689326784723,0.5606099891976694
production_fold1_bbdebc262dec/residual_42_tune,25,0.013388293625956232,0.0006996851413876009,0.5581221655768696
production_fold1_bbdebc262dec/residual_42_tune,26,0.013020319440825419,0.0006994221297952425,0.556537448949051
production_fold1_bbdebc262dec/residual_42_tune,27,0.009139824404635212,0.0006990799641131591,0.5567857013336501
production_fold1_bbdebc262dec/residual_42_tune,28,0.008890206459909678,0.0006986587304797315,0.5526574583177647
production_fold1_bbdebc262dec/residual_42_tune,29,0.009250009347769346,0.0006981585349382742,0.5480272249432845
production_fold1_bbdebc262dec/residual_42_tune,30,0.009491090789775957,0.0006975795034103396,0.5462364052239952
production_fold1_bbdebc262dec/residual_42_tune,31,0.008435542568225752,0.0006969217816640185,0.5475478501971259
production_fold1_bbdebc262dec/residual_42_tune,32,0.0075223790058358145,0.0006961855352772434,0.5465619265039532
production_fold1_bbdebc262dec/residual_42_tune,33,0.00741704972460866,0.0006953709495961046,0.5489976376612403
production_fold1_bbdebc262dec/residual_42_tune,34,0.0058489084159108725,0.0006944782296881913,0.5469554944983072
production_fold1_bbdebc262dec/residual_42_tune,35,0.005737403111362999,0.0006935076002909661,0.5450509344189916
production_fold1_bbdebc262dec/residual_42_tune,36,0.004871398824351755,0.0006924593057551894,0.5458680139973553
production_fold1_bbdebc262dec/residual_42_tune,37,0.00569241686554795,0.0006913336099834042,0.5452649781394355
production_fold1_bbdebc262dec/residual_42_tune,38,0.005113478157330643,0.0006901307963635014,0.544098045289883
production_fold1_bbdebc262dec/residual_42_tune,39,0.0049206129359928045,0.0006888511676973773,0.5438386931485502
production_fold1_bbdebc262dec/residual_42_tune,40,0.005607500397176905,0.0006874950461247054,0.5446351043917526
production_fold1_bbdebc262dec/residual_42_tune,41,0.0042371776124293156,0.0006860627730418395,0.5446391427963981
production_fold1_bbdebc262dec/residual_42_tune,42,0.0038637668317691846,0.0006845547090158688,0.5432924970257574
production_fold1_bbdebc262dec/residual_42_tune,43,0.004214817933230238,0.0006829712336938473,0.5414924764473941
production_fold1_bbdebc262dec/residual_42_tune,44,0.00508620704270222,0.0006813127457072188,0.5411225544900754
production_fold1_bbdebc262dec/residual_42_tune,45,0.004160377958958799,0.0006795796625714651,0.5402806234931564
production_fold1_bbdebc262dec/residual_42_tune,46,0.003186987628313628,0.0006777724205809974,0.5402510127509448
production_fold1_bbdebc262dec/residual_42_tune,47,0.002864776549606838,0.0006758914746993222,0.5407265602963719
production_fold1_bbdebc262dec/residual_42_tune,48,0.0030134812695905566,0.0006739372984445064,0.5406374468585083
production_fold1_bbdebc262dec/residual_42_tune,49,0.0027932389850982213,0.0006719103837699716,0.5396852901380085
production_fold1_bbdebc262dec/residual_42_tune,50,0.0024903220844201064,0.0006698112409406478,0.5389776465650682
production_fold1_bbdebc262dec/residual_42_tune,51,0.0022968918571925974,0.0006676403984045166,0.5384810893742279
production_fold1_bbdebc262dec/residual_42_tune,52,0.0023147126405753875,0.0006653984026595771,0.5378261303252388
production_fold1_bbdebc262dec/residual_42_tune,53,0.001852838894013654,0.0006630858181162687,0.5389096394103225
production_fold1_bbdebc262dec/residual_42_tune,54,0.002469752989286049,0.000660703226955383,0.538329172902212
production_fold1_bbdebc262dec/residual_42_tune,55,0.0028437214310873637,0.0006582512289815031,0.5376188334254622
production_fold1_bbdebc262dec/residual_42_tune,56,0.0021220802604644136,0.0006557304414720066,0.5380017045669027
production_fold1_bbdebc262dec/residual_42_tune,57,0.0022234132576903157,0.0006531414990216683,0.5375411923566952
production_fold1_bbdebc262dec/residual_42_tune,58,0.0017998948248780587,0.0006504850533829049,0.5372221117480871
production_fold1_bbdebc262dec/residual_42_tune,59,0.0020417526724155655,0.0006477617733017001,0.5381135758034108
production_fold1_bbdebc262dec/residual_42_tune,60,0.002373155439272523,0.0006449723443492508,0.5374703498812872
production_fold1_bbdebc262dec/residual_42_tune,61,0.0026888218920000577,0.0006421174687493787,0.5369212037932168
production_fold1_bbdebc262dec/residual_42_tune,62,0.002124123688025231,0.000639197865201749,0.5367504063164469
production_fold1_bbdebc262dec/residual_42_tune,63,0.001888374681584537,0.0006362142687009415,0.5374020320757542
production_fold1_bbdebc262dec/residual_42_tune,64,0.0017953256822445176,0.0006331674303514194,0.537011405889099
production_fold1_bbdebc262dec/residual_42_tune,65,0.0016749809305606918,0.000630058117178444,0.5373213855858927
production_fold1_bbdebc262dec/residual_42_tune,66,0.0015281490896913138,0.0006268871119349783,0.5379860541522399
production_fold1_bbdebc262dec/residual_42_tune,67,0.0015805866675112736,0.0006236552129046349,0.5375847929210704
production_fold1_bbdebc262dec/residual_42_tune,68,0.0014008702816102993,0.0006203632337007112,0.537723410591492
production_fold1_bbdebc262dec/residual_42_tune,69,0.001451436324383725,0.000617012003061367,0.5371383671664431
production_fold1_bbdebc262dec/residual_42_tune,70,0.0014800927707586777,0.0006136023646409944,0.5371918126232089
production_fold1_bbdebc262dec/residual_42_tune,71,0.0014404179422523487,0.0006101351767978316,0.5377787230409036
production_fold1_bbdebc262dec/residual_42_tune,72,0.001660609205084091,0.0006066113123778767,0.5372706635520683
production_fold1_bbdebc262dec/residual_42_tune,73,0.0014576058072799985,0.0006030316584951526,0.5379637195832591
production_fold1_bbdebc262dec/residual_42_tune,74,0.001509574252519418,0.0005993971163083813,0.5380085714418775
production_fold1_bbdebc262dec/residual_42_tune,75,0.0014179571457630532,0.0005957086007941213,0.5376898800414543
production_fold1_bbdebc262dec/residual_42_tune,76,0.0012816776288673282,0.0005919670405164284,0.5378514018522854
production_fold1_bbdebc262dec/residual_42_tune,77,0.00123534543143416,0.0005881733773930937,0.537871760382625
production_fold1_bbdebc262dec/residual_42_tune,78,0.001258013658860529,0.0005843285664585205,0.537401104805834
production_fold1_bbdebc262dec/residual_42_tune,79,0.001298598140816797,0.0005804335756233009,0.5376954086916357
production_fold1_bbdebc262dec/residual_42_tune,80,0.001165069465059787,0.0005764893854305478,0.537902141001202
production_fold1_bbdebc262dec/residual_42_tune,81,0.0010981567796658385,0.0005724969888090502,0.5374890923966782
production_fold1_bbdebc262dec/residual_42_tune,82,0.0011226302541961725,0.0005684573908233068,0.5374993545461216
production_fold1_bbdebc262dec/text_refit,1,1.2895197468559916,9.987821690228236e-06,
production_fold1_bbdebc262dec/text_refit,2,0.7420905640454796,9.428563509225348e-06,
production_fold1_bbdebc262dec/text_refit,3,0.6367742780596017,8.13471926393264e-06,
production_fold1_bbdebc262dec/text_refit,4,0.49152581876189244,6.348219611630237e-06,
production_fold1_bbdebc262dec/text_refit,5,0.4368548216676809,4.4031148344017135e-06,
production_fold1_bbdebc262dec/text_refit,6,0.36751974638612045,2.6631121396220517e-06,
production_fold1_bbdebc262dec/attention_rank_2026_refit,1,1.573566693526048,3.5000000000000004e-05,
production_fold1_bbdebc262dec/attention_rank_2026_refit,2,1.507455614896921,6.118881118881119e-05,
production_fold1_bbdebc262dec/attention_rank_2026_refit,3,1.3517435514009917,9.300699300699301e-05,
production_fold1_bbdebc262dec/attention_rank_2026_refit,4,1.0895656301425054,0.00012482517482517483,
production_fold1_bbdebc262dec/attention_rank_2026_refit,5,0.7454886505236993,0.00015664335664335665,
production_fold1_bbdebc262dec/attention_rank_2026_refit,6,0.47352997156289905,0.00018846153846153844,
production_fold1_bbdebc262dec/attention_rank_2026_refit,7,0.3186728209257126,0.0002202797202797203,
production_fold1_bbdebc262dec/attention_rank_2026_refit,8,0.20120139935841927,0.0002520979020979021,
production_fold1_bbdebc262dec/attention_rank_2026_refit,9,0.1355749678153258,0.0002839160839160839,
production_fold1_bbdebc262dec/attention_rank_2026_refit,10,0.10049388672296818,0.0003157342657342657,
production_fold1_bbdebc262dec/attention_rank_2026_refit,11,0.07748616887972905,0.00034755244755244757,
production_fold1_bbdebc262dec/attention_rank_2026_refit,12,0.06286492513922545,0.00037937062937062936,
production_fold1_bbdebc262dec/attention_rank_2026_refit,13,0.057285573333501816,0.00041118881118881116,
production_fold1_bbdebc262dec/attention_rank_2026_refit,14,0.046093144095860995,0.00044300699300699306,
production_fold1_bbdebc262dec/attention_rank_2026_refit,15,0.04746175270814162,0.00047482517482517485,
production_fold1_bbdebc262dec/attention_rank_2026_refit,16,0.04642808423019373,0.0005066433566433566,
production_fold1_bbdebc262dec/attention_rank_2026_refit,17,0.03345726588024543,0.0005384615384615384,
production_fold1_bbdebc262dec/attention_rank_2026_refit,18,0.028775902178425055,0.0005702797202797202,
production_fold1_bbdebc262dec/attention_rank_2026_refit,19,0.03378086150265657,0.000602097902097902,
production_fold1_bbdebc262dec/attention_rank_2026_refit,20,0.027959005047495548,0.0006339160839160839,
production_fold1_bbdebc262dec/attention_rank_2026_refit,21,0.029927610634611204,0.0006657342657342657,
production_fold1_bbdebc262dec/attention_rank_2026_refit,22,0.02560894262905304,0.0006975524475524475,
production_fold1_bbdebc262dec/attention_rank_2026_refit,23,0.025503806483287077,0.0006999716115248672,
production_fold1_bbdebc262dec/attention_rank_2026_refit,24,0.023266910790250853,0.0006998648691065406,
production_fold1_bbdebc262dec/attention_rank_2026_refit,25,0.023327222523780968,0.000699678861141235,
production_fold1_bbdebc262dec/attention_rank_2026_refit,26,0.021507487632334232,0.0006994136344554611,
production_fold1_bbdebc262dec/attention_rank_2026_refit,27,0.020838776030219518,0.0006990692558186185,
production_fold1_bbdebc262dec/attention_rank_2026_refit,28,0.01973910379008605,0.0006986458119261876,
production_fold1_bbdebc262dec/attention_rank_2026_refit,29,0.01650435821368144,0.0006981434093779037,
production_fold1_bbdebc262dec/attention_rank_2026_refit,30,0.015132692714150135,0.0006975621746509214,
production_fold1_bbdebc262dec/attention_rank_2026_refit,31,0.014316976070404053,0.0006969022540679752,
production_fold1_bbdebc262dec/attention_rank_2026_refit,32,0.01357454054344159,0.0006961638137605428,
production_fold1_bbdebc262dec/attention_rank_2026_refit,33,0.013457921190330615,0.0006953470396270225,
production_fold1_bbdebc262dec/attention_rank_2026_refit,34,0.01271618136133139,0.0006944521372859343,
production_fold1_bbdebc262dec/attention_rank_2026_refit,35,0.011549944416261636,0.0006934793320241573,
production_fold1_bbdebc262dec/attention_rank_2026_refit,36,0.011307026259601116,0.0006924288687402135,
production_fold1_bbdebc262dec/attention_rank_2026_refit,37,0.010949609872813407,0.0006913010118826171,
production_fold1_bbdebc262dec/attention_rank_2026_refit,38,0.01140362174751667,0.0006900960453833005,
production_fold1_bbdebc262dec/attention_rank_2026_refit,39,0.012146617357547466,0.0006888142725861361,
production_fold1_bbdebc262dec/attention_rank_2026_refit,40,0.012107738580268163,0.0006874560161705709,
production_fold1_bbdebc262dec/attention_rank_2026_refit,41,0.010775753081991123,0.0006860216180703939,
production_fold1_bbdebc262dec/attention_rank_2026_refit,42,0.010669402133386869,0.0006845114393876561,
production_fold1_bbdebc262dec/attention_rank_2026_refit,43,0.0105540703695554,0.0006829258603017649,
production_fold1_bbdebc262dec/attention_rank_2026_refit,44,0.010871918513797797,0.0006812652799737756,
production_fold1_bbdebc262dec/attention_rank_2026_refit,45,0.010513964109122753,0.0006795301164459057,
production_fold1_bbdebc262dec/attention_rank_2026_refit,46,0.011021771038380953,0.0006777208065362938,
production_fold1_bbdebc262dec/attention_rank_2026_refit,47,0.010204890384696998,0.0006758378057290344,
production_fold1_bbdebc262dec/attention_rank_2026_refit,48,0.010325647245805997,0.0006738815880595105,
production_fold1_bbdebc262dec/attention_rank_2026_refit,49,0.010207815883824458,0.000671852645995059,
production_fold1_bbdebc262dec/attention_rank_2026_refit,50,0.01012843087888681,0.0006697514903109947,
production_fold1_bbdebc262dec/attention_rank_2026_refit,51,0.01009219354734971,0.0006675786499620244,
production_fold1_bbdebc262dec/attention_rank_2026_refit,52,0.010011459915683819,0.000665334671949086,
production_fold1_bbdebc262dec/attention_rank_2026_refit,53,0.010101646865503145,0.0006630201211816443,
production_fold1_bbdebc262dec/attention_rank_2026_refit,54,0.009697635084963761,0.0006606355803354773,
production_fold1_bbdebc262dec/attention_rank_2026_refit,55,0.009504301760059137,0.000658181649705991,
production_fold1_bbdebc262dec/attention_rank_2026_refit,56,0.009522898480869256,0.0006556589470570984,
production_fold1_bbdebc262dec/attention_rank_2026_refit,57,0.009355032171767492,0.0006530681074657004,
production_fold1_bbdebc262dec/attention_rank_2026_refit,58,0.009465046155338105,0.0006504097831618094,
production_fold1_bbdebc262dec/attention_rank_2026_refit,59,0.009550622377831202,0.0006476846433643525,
production_fold1_bbdebc262dec/attention_rank_2026_refit,60,0.009456733098396888,0.0006448933741127005,
production_fold1_bbdebc262dec/attention_rank_2026_refit,61,0.009537006011949135,0.0006420366780939603,
production_fold1_bbdebc262dec/attention_rank_2026_refit,62,0.009343990554603247,0.000639115274466078,
production_fold1_bbdebc262dec/attention_rank_2026_refit,63,0.009995243297173427,0.0006361298986767938,
production_fold1_bbdebc262dec/attention_rank_2026_refit,64,0.009563412087468,0.0006330813022784977,
production_fold1_bbdebc262dec/attention_rank_2026_refit,65,0.009218512317882134,0.0006299702527390298,
production_fold1_bbdebc262dec/attention_rank_2026_refit,66,0.00886543059291748,0.0006267975332484744,
production_fold1_bbdebc262dec/attention_rank_2026_refit,67,0.008678371050896553,0.0006235639425219967,
production_fold1_bbdebc262dec/attention_rank_2026_refit,68,0.008707866502495913,0.0006202702945987691,
production_fold1_bbdebc262dec/attention_rank_2026_refit,69,0.00868544398018947,0.0006169174186370432,
production_fold1_bbdebc262dec/attention_rank_2026_refit,70,0.008652305982720394,0.000613506158705412,
production_fold1_bbdebc262dec/attention_rank_2026_refit,71,0.009043147142689962,0.0006100373735703203,
production_fold1_bbdebc262dec/attention_rank_2026_refit,72,0.009232361586048054,0.000606511936479876,
production_fold1_bbdebc262dec/attention_rank_2026_refit,73,0.009067548582187066,0.0006029307349440132,
production_fold1_bbdebc262dec/attention_rank_2026_refit,74,0.008868098438072663,0.0005992946705110677,
production_fold1_bbdebc262dec/attention_rank_2026_refit,75,0.00873717271651213,0.0005956046585408151,
production_fold1_bbdebc262dec/attention_rank_2026_refit,76,0.008779278956353664,0.0005918616279740359,
production_fold1_bbdebc262dec/attention_rank_2026_refit,77,0.008932882131865391,0.0005880665210986586,
production_fold1_bbdebc262dec/attention_rank_2026_refit,78,0.008689402172771784,0.0005842202933125438,
production_fold1_bbdebc262dec/attention_rank_2026_refit,79,0.008478071540594101,0.0005803239128829679,
production_fold1_bbdebc262dec/attention_rank_2026_refit,80,0.008466913758848723,0.0005763783607028672,
production_fold1_bbdebc262dec/attention_rank_2026_refit,81,0.008548933618630353,0.000572384630043903,
production_fold1_bbdebc262dec/attention_rank_2026_refit,82,0.008624495687679602,0.0005683437263064115,
production_fold1_bbdebc262dec/attention_rank_2026_refit,83,0.008521377144811245,0.000564256666766299,
production_fold1_bbdebc262dec/attention_rank_2026_refit,84,0.008328065061225342,0.0005601244803189477,
production_fold1_bbdebc262dec/attention_rank_2026_refit,85,0.00841177380285584,0.000555948207220198,
production_fold1_bbdebc262dec/attention_rank_2026_refit,86,0.008434935114704646,0.0005517288988244692,
production_fold1_bbdebc262dec/attention_rank_2026_refit,87,0.00835258044445744,0.0005474676173200855,
production_fold1_bbdebc262dec/attention_rank_2026_refit,88,0.008209585749472562,0.0005431654354618779,
production_fold1_bbdebc262dec/attention_rank_2026_refit,89,0.008230343210295988,0.000538823436301122,
production_fold1_bbdebc262dec/attention_rank_2026_refit,90,0.008401661609800963,0.0005344427129128865,
production_fold1_bbdebc262dec/attention_rank_2026_refit,91,0.008244984210110627,0.0005300243681208575,
production_fold1_bbdebc262dec/attention_rank_2026_refit,92,0.008039853463952359,0.0005255695142197081,
production_fold1_bbdebc262dec/attention_rank_2026_refit,93,0.008143995924351307,0.0005210792726950845,
production_fold1_bbdebc262dec/attention_rank_2026_refit,94,0.008046846120403362,0.0005165547739412779,
production_fold1_bbdebc262dec/attention_rank_2026_refit,95,0.008121677244511934,0.0005119971569766537,
production_fold1_bbdebc262dec/attention_rank_2026_refit,96,0.007993923930021433,0.0005074075691569096,
production_fold1_bbdebc262dec/attention_rank_2026_refit,97,0.00780084109506928,0.0005027871658862355,
production_fold1_bbdebc262dec/attention_rank_2026_refit,98,0.007909607679511491,0.0004981371103264456,
production_fold1_bbdebc262dec/attention_rank_2026_refit,99,0.007931735402402969,0.0004934585731041602,
production_fold1_bbdebc262dec/attention_rank_2026_refit,100,0.007948371044431742,0.0004887527320161051,
production_fold1_bbdebc262dec/attention_rank_2026_refit,101,0.007987933842322001,0.00048402077173260864,
production_fold1_bbdebc262dec/attention_rank_2026_refit,102,0.007793295233008953,0.0004792638834993668,
production_fold1_bbdebc262dec/attention_rank_2026_refit,103,0.007893117968566142,0.00047448326483755373,
production_fold1_bbdebc262dec/attention_rank_2026_refit,104,0.00785844479329311,0.0004696801192423519,
production_fold1_bbdebc262dec/attention_rank_2026_refit,105,0.007971623016951175,0.000464855655879979,
production_fold1_bbdebc262dec/attention_rank_2026_refit,106,0.00792934913904621,0.00046001108928328636,
production_fold1_bbdebc262dec/attention_rank_2026_refit,107,0.007841797438091956,0.0004551476390460072,
production_fold1_bbdebc262dec/attention_rank_2026_refit,108,0.007946249849807758,0.00045026652951573026,
production_fold1_bbdebc262dec/attention_rank_2026_refit,109,0.00796381731589253,0.0004453689894856768,
production_fold1_bbdebc262dec/attention_rank_2026_refit,110,0.008065494529616375,0.00044045625188535864,
production_fold1_bbdebc262dec/attention_rank_2026_refit,111,0.007916633469554095,0.00043552955347019446,
production_fold1_bbdebc262dec/attention_rank_2026_refit,112,0.007921349257230759,0.0004305901345101636,
production_fold1_bbdebc262dec/attention_rank_2026_refit,113,0.007928923130608521,0.0004256392384775745,
production_fold1_bbdebc262dec/attention_rank_2026_refit,114,0.007779970621833434,0.0004206781117340271,
production_fold1_bbdebc262dec/attention_rank_2026_refit,115,0.007813938069515504,0.0004157080032166484,
production_fold1_bbdebc262dec/attention_rank_2026_refit,116,0.007841086803147426,0.0004107301641236785,
production_fold1_bbdebc262dec/attention_rank_2026_refit,117,0.007884866952036437,0.000405745847599489,
production_fold1_bbdebc262dec/attention_rank_2026_refit,118,0.007739034588806904,0.0004007563084191099,
production_fold1_bbdebc262dec/attention_rank_2026_refit,119,0.007706604468134733,0.0003957628026723472,
production_fold1_bbdebc262dec/attention_rank_2026_refit,120,0.007641226805459995,0.00039076658744756837,
production_fold1_bbdebc262dec/attention_rank_2026_refit,121,0.00760946970862838,0.000385768920515238,
production_fold1_bbdebc262dec/attention_rank_2026_refit,122,0.007701788921482288,0.0003807710600112799,
production_fold1_bbdebc262dec/attention_rank_2026_refit,123,0.00769828066516381,0.00037577426412034853,
production_fold1_bbdebc262dec/attention_rank_2026_refit,124,0.007666694394384439,0.000370779790759088,
production_fold1_bbdebc262dec/attention_rank_2026_refit,125,0.007705966870372112,0.00036578889725945784,
production_fold1_bbdebc262dec/attention_rank_2026_refit,126,0.007663369966814151,0.00036080284005220626,
production_fold1_bbdebc262dec/attention_rank_2026_refit,127,0.007674506901261898,0.00035582287435057127,
production_fold1_bbdebc262dec/attention_rank_2026_refit,128,0.007689267898408266,0.00035085025383428653,
production_fold1_bbdebc262dec/attention_rank_2026_refit,129,0.00765044464228245,0.0003458862303339748,
production_fold1_bbdebc262dec/attention_rank_2026_refit,130,0.007654807745264127,0.00034093205351600565,
production_fold1_bbdebc262dec/attention_rank_2026_refit,131,0.007636816025926516,0.0003359889705678995,
production_fold1_bbdebc262dec/attention_rank_2026_refit,132,0.007507549455532661,0.0003310582258843543,
production_fold0_b9ade16db0da/cross_modal_2026_refit,1,1.535032895895151,3.5000000000000004e-05,
production_fold0_b9ade16db0da/cross_modal_2026_refit,2,0.9501107243391184,6.118881118881119e-05,
production_fold0_b9ade16db0da/cross_modal_2026_refit,3,0.7539694400934073,9.300699300699301e-05,
production_fold0_b9ade16db0da/cross_modal_2026_refit,4,0.6109824547400842,0.00012482517482517483,
production_fold0_b9ade16db0da/cross_modal_2026_refit,5,0.5270999188606555,0.00015664335664335665,
production_fold0_b9ade16db0da/cross_modal_2026_refit,6,0.43987366557121277,0.00018846153846153844,
production_fold0_b9ade16db0da/cross_modal_2026_refit,7,0.3842228467647846,0.0002202797202797203,
production_fold0_b9ade16db0da/cross_modal_2026_refit,8,0.35079292150644154,0.0002520979020979021,
production_fold0_b9ade16db0da/cross_modal_2026_refit,9,0.29742540189853084,0.0002839160839160839,
production_fold0_b9ade16db0da/cross_modal_2026_refit,10,0.28840327836,0.0003157342657342657,
production_fold0_b9ade16db0da/cross_modal_2026_refit,11,0.2512481522101622,0.00034755244755244757,
production_fold0_b9ade16db0da/cross_modal_2026_refit,12,0.22307493938849524,0.00037937062937062936,
production_fold0_b9ade16db0da/cross_modal_2026_refit,13,0.18689851806713983,0.00041118881118881116,
production_fold0_b9ade16db0da/cross_modal_2026_refit,14,0.19166862620757177,0.00044300699300699306,
production_fold0_b9ade16db0da/cross_modal_2026_refit,15,0.166881358394256,0.00047482517482517485,
production_fold0_b9ade16db0da/cross_modal_42_tune,1,1.5573233474384656,3.5000000000000004e-05,0.8429995710396474
production_fold0_b9ade16db0da/cross_modal_42_tune,2,0.9343643947081133,6.363636363636364e-05,0.7280020830051163
production_fold0_b9ade16db0da/cross_modal_42_tune,3,0.7707036841999401,9.545454545454545e-05,0.6829133028661699
production_fold0_b9ade16db0da/cross_modal_42_tune,4,0.6840117573738098,0.00012727272727272728,0.6215128104583565
production_fold0_b9ade16db0da/cross_modal_42_tune,5,0.5691421871835535,0.00015909090909090907,0.6050821823704597
production_fold0_b9ade16db0da/cross_modal_42_tune,6,0.4948811260136691,0.0001909090909090909,0.6028792977555469
production_fold0_b9ade16db0da/cross_modal_42_tune,7,0.4368613660335541,0.00022272727272727272,0.5998502529241687
production_fold0_b9ade16db0da/cross_modal_42_tune,8,0.37851222536780615,0.00025454545454545456,0.5895534395236757
production_fold0_b9ade16db0da/cross_modal_42_tune,9,0.344715877012773,0.00028636363636363636,0.5793532671382909
production_fold0_b9ade16db0da/cross_modal_42_tune,10,0.3027060194448991,0.00031818181818181815,0.5726880047202328
production_fold0_b9ade16db0da/cross_modal_42_tune,11,0.2880163152109493,0.00035,0.5513128029376928
production_fold0_b9ade16db0da/cross_modal_42_tune,12,0.2526080770926042,0.0003818181818181818,0.5560890189909573
production_fold0_b9ade16db0da/cross_modal_42_tune,13,0.2134435149756345,0.00041363636363636364,0.5599069973768201
production_fold0_b9ade16db0da/cross_modal_42_tune,14,0.19909908148375424,0.00044545454545454543,0.5687358282534296
production_fold0_b9ade16db0da/cross_modal_42_tune,15,0.18198325417258523,0.0004772727272727272,0.5612678407986139
production_fold0_b9ade16db0da/cross_modal_42_tune,16,0.1714908927679062,0.0005090909090909091,0.554333894856317
production_fold0_b9ade16db0da/cross_modal_42_tune,17,0.15471084686842831,0.0005409090909090909,0.5555758824615383
production_fold0_b9ade16db0da/cross_modal_42_tune,18,0.11446667327122255,0.0005727272727272727,0.5678845569062321
production_fold0_b9ade16db0da/cross_modal_42_tune,19,0.0996684418483214,0.0006045454545454545,0.5730260712370321
production_fold0_b9ade16db0da/cross_modal_42_tune,20,0.09153482859784906,0.0006363636363636363,0.5708385048250353
production_fold0_b9ade16db0da/cross_modal_42_tune,21,0.09268499809232625,0.0006681818181818182,0.5729095877446255
production_fold0_b9ade16db0da/cross_modal_42_tune,22,0.08099657568064603,0.0007,0.5864448671160437
production_fold0_b9ade16db0da/cross_modal_42_tune,23,0.06638498434966261,0.0006999672314652103,0.5958664945224046
production_fold0_b9ade16db0da/cross_modal_42_tune,24,0.062266863882541656,0.000699855499305238,0.5890830798889591
production_fold0_b9ade16db0da/cross_modal_42_tune,25,0.0669023756953803,0.000699664503957084,0.597885653788786
production_fold0_b9ade16db0da/cross_modal_42_tune,26,0.052459082142873245,0.0006993942935028059,0.6123632763015497
production_fold0_b9ade16db0da/cross_modal_42_tune,27,0.042296235195615074,0.0006990449359664408,0.6133487466624354
production_fold0_b9ade16db0da/cross_modal_42_tune,28,0.034561128948222504,0.0006986165192968797,0.617699472448428
production_fold0_b9ade16db0da/cross_modal_42_tune,29,0.03230294754559344,0.0006981091513457285,0.6175358340333363
production_fold0_b9ade16db0da/cross_modal_42_tune,30,0.027666416865858166,0.0006975229598401555,0.615874149673667
production_fold0_b9ade16db0da/cross_modal_42_tune,31,0.026186087930744343,0.0006968580923507375,0.6091692130185641
production_fold0_b9ade16db0da/cross_modal_42_refit,1,1.447132055576031,3.5000000000000004e-05,
production_fold0_b9ade16db0da/cross_modal_42_refit,2,0.9309488764176002,6.363636363636364e-05,
production_fold0_b9ade16db0da/cross_modal_42_refit,3,0.7942220431107742,9.545454545454545e-05,
production_fold0_b9ade16db0da/cross_modal_42_refit,4,0.6531377663979163,0.00012727272727272728,
production_fold0_b9ade16db0da/cross_modal_42_refit,5,0.5921598627017095,0.00015909090909090907,
production_fold0_b9ade16db0da/cross_modal_42_refit,6,0.490767790721013,0.0001909090909090909,
production_fold0_b9ade16db0da/cross_modal_42_refit,7,0.42566003936987656,0.00022272727272727272,
production_fold0_b9ade16db0da/cross_modal_42_refit,8,0.3562697424338414,0.00025454545454545456,
production_fold0_b9ade16db0da/cross_modal_42_refit,9,0.3239039985033182,0.00028636363636363636,
production_fold0_b9ade16db0da/cross_modal_42_refit,10,0.29003808819330656,0.00031818181818181815,
production_fold0_b9ade16db0da/cross_modal_42_refit,11,0.26601553192505467,0.00035,
production_fold0_b9ade16db0da/ordinal_42_refit,1,2.152028175500723,3.5000000000000004e-05,
production_fold0_b9ade16db0da/ordinal_42_refit,2,1.4397707352271447,6.608391608391608e-05,
production_fold0_b9ade16db0da/ordinal_42_refit,3,1.0209147746746356,9.790209790209791e-05,
production_fold0_b9ade16db0da/ordinal_42_refit,4,0.755094248514909,0.0001297202797202797,
production_fold0_b9ade16db0da/ordinal_42_refit,5,0.593733223584982,0.00016153846153846155,
production_fold0_b9ade16db0da/ordinal_42_refit,6,0.48407079164798444,0.00019335664335664335,
production_fold0_b9ade16db0da/ordinal_42_refit,7,0.4014332340313838,0.00022517482517482517,
production_fold0_b9ade16db0da/ordinal_42_refit,8,0.32438517075318557,0.000256993006993007,
production_fold0_b9ade16db0da/ordinal_42_refit,9,0.26342640129419476,0.00028881118881118883,
production_fold0_b9ade16db0da/ordinal_42_refit,10,0.20678563530628497,0.00032062937062937063,
production_fold0_b9ade16db0da/ordinal_42_refit,11,0.18438834525071657,0.0003524475524475525,
production_fold0_b9ade16db0da/ordinal_42_refit,12,0.1545642035511824,0.00038426573426573427,
production_fold0_b9ade16db0da/ordinal_42_refit,13,0.1327949481514784,0.00041608391608391606,
production_fold0_b9ade16db0da/ordinal_42_refit,14,0.11308145924256398,0.0004479020979020979,
production_fold0_b9ade16db0da/ordinal_42_refit,15,0.09294810375342002,0.0004797202797202797,
production_fold0_b9ade16db0da/ordinal_42_refit,16,0.07958140740027794,0.0005115384615384615,
production_fold0_b9ade16db0da/ordinal_42_refit,17,0.0584770730481698,0.0005433566433566434,
production_fold0_b9ade16db0da/ordinal_42_refit,18,0.05365597284757174,0.0005751748251748252,
production_fold0_b9ade16db0da/audio_tune,1,1.3718499388723147,7.912357270778181e-06,0.8526553293961685
production_fold0_b9ade16db0da/audio_tune,2,0.9613048667383809,6.904214058419896e-06,0.7464768646752316
production_fold0_b9ade16db0da/audio_tune,3,0.703229044312759,5.075875842929948e-06,0.6916749806065476
production_fold0_b9ade16db0da/audio_tune,4,0.6305803396103401,3.0261707729394203e-06,0.6698662226087563
production_fold0_b9ade16db0da/audio_tune,5,0.5529611831612234,1.4264303788529612e-06,0.6441820065752518
production_fold0_b9ade16db0da/audio_tune,6,0.4993290992579349,8.006110984702603e-07,0.6376510971880395
production_fold0_b9ade16db0da/attention_rank_42_refit,1,1.4809230107527513,3.5000000000000004e-05,
production_fold0_b9ade16db0da/attention_rank_42_refit,2,1.41075926560622,6.118881118881119e-05,
production_fold0_b9ade16db0da/attention_rank_42_refit,3,1.267857001377986,9.300699300699301e-05,
production_fold0_b9ade16db0da/attention_rank_42_refit,4,1.0104098136608417,0.00012482517482517483,
production_fold0_b9ade16db0da/attention_rank_42_refit,5,0.6974225044250488,0.00015664335664335665,
production_fold0_b9ade16db0da/attention_rank_42_refit,6,0.437620080434359,0.00018846153846153844,
production_fold0_b9ade16db0da/attention_rank_42_refit,7,0.2890618076691261,0.0002202797202797203,
production_fold0_b9ade16db0da/attention_rank_42_refit,8,0.17843015721211067,0.0002520979020979021,
production_fold0_b9ade16db0da/attention_rank_42_refit,9,0.1135922555740063,0.0002839160839160839,
production_fold0_b9ade16db0da/attention_rank_42_refit,10,0.07882336097267958,0.0003157342657342657,
production_fold0_b9ade16db0da/attention_rank_42_refit,11,0.06852434346309075,0.00034755244755244757,
production_fold0_b9ade16db0da/attention_rank_42_refit,12,0.06654482478132615,0.00037937062937062936,
production_fold0_b9ade16db0da/attention_rank_42_refit,13,0.05579468779839002,0.00041118881118881116,
production_fold0_b9ade16db0da/attention_rank_42_refit,14,0.04874243730535874,0.00044300699300699306,
production_fold0_b9ade16db0da/cross_modal_2026_tune,1,1.5367926901037043,3.5000000000000004e-05,0.8384558936190923
production_fold0_b9ade16db0da/cross_modal_2026_tune,2,0.9673206155950372,6.363636363636364e-05,0.6817732255574703
production_fold0_b9ade16db0da/cross_modal_2026_tune,3,0.7530517794869163,9.545454545454545e-05,0.6101206264181688
production_fold0_b9ade16db0da/cross_modal_2026_tune,4,0.6260534037243236,0.00012727272727272728,0.5853267804933889
production_fold0_b9ade16db0da/cross_modal_2026_tune,5,0.5344105389985171,0.00015909090909090907,0.5859503383545444
production_fold0_b9ade16db0da/cross_modal_2026_tune,6,0.45043200796300714,0.0001909090909090909,0.5598723070602379
production_fold0_b9ade16db0da/cross_modal_2026_tune,7,0.39277120340954175,0.00022272727272727272,0.5282852025125838
production_fold0_b9ade16db0da/cross_modal_2026_tune,8,0.3571843288161538,0.00025454545454545456,0.5317199501644313
production_fold0_b9ade16db0da/cross_modal_2026_tune,9,0.3235596093264493,0.00028636363636363636,0.5399669003532621
production_fold0_b9ade16db0da/cross_modal_2026_tune,10,0.28239675814455206,0.00031818181818181815,0.5389558168574974
production_fold0_b9ade16db0da/cross_modal_2026_tune,11,0.2640026022087444,0.00035,0.5184043367832202
production_fold0_b9ade16db0da/cross_modal_2026_tune,12,0.23115164041519165,0.0003818181818181818,0.5342720546957909
production_fold0_b9ade16db0da/cross_modal_2026_tune,13,0.2304540046236732,0.00041363636363636364,0.5369839464829169
production_fold0_b9ade16db0da/cross_modal_2026_tune,14,0.2058404887264425,0.00044545454545454543,0.536718007079994
production_fold0_b9ade16db0da/cross_modal_2026_tune,15,0.1934134675697847,0.0004772727272727272,0.5180889702966338
production_fold0_b9ade16db0da/cross_modal_2026_tune,16,0.16825192895802585,0.0005090909090909091,0.5197394041678608
production_fold0_b9ade16db0da/cross_modal_2026_tune,17,0.14654704386537726,0.0005409090909090909,0.533039866927625
production_fold0_b9ade16db0da/cross_modal_2026_tune,18,0.11764852905815298,0.0005727272727272727,0.5415683764697727
production_fold0_b9ade16db0da/cross_modal_2026_tune,19,0.09942153231664137,0.0006045454545454545,0.5438908496617154
production_fold0_b9ade16db0da/cross_modal_2026_tune,20,0.09532203593037346,0.0006363636363636363,0.5612438657107676
production_fold0_b9ade16db0da/cross_modal_2026_tune,21,0.0899065760048953,0.0006681818181818182,0.581087542407977
production_fold0_b9ade16db0da/cross_modal_2026_tune,22,0.08658103509382768,0.0007,0.5827810047597597
production_fold0_b9ade16db0da/cross_modal_2026_tune,23,0.06883313066580078,0.0006999672314652103,0.5907569284400165
production_fold0_b9ade16db0da/cross_modal_2026_tune,24,0.06585977531292221,0.000699855499305238,0.591579862139698
production_fold0_b9ade16db0da/cross_modal_2026_tune,25,0.06547661430456421,0.000699664503957084,0.5790629327668522
production_fold0_b9ade16db0da/cross_modal_2026_tune,26,0.05377199873328209,0.0006993942935028059,0.5815538961190627
production_fold0_b9ade16db0da/cross_modal_2026_tune,27,0.04639010520821268,0.0006990449359664408,0.5775932401261297
production_fold0_b9ade16db0da/cross_modal_2026_tune,28,0.04269037785177881,0.0006986165192968797,0.5801216329386537
production_fold0_b9ade16db0da/cross_modal_2026_tune,29,0.03864937021651051,0.0006981091513457285,0.5754352307414599
production_fold0_b9ade16db0da/cross_modal_2026_tune,30,0.04455467076464133,0.0006975229598401555,0.5808251913523266
production_fold0_b9ade16db0da/cross_modal_2026_tune,31,0.031478922136805275,0.0006968580923507375,0.5840423012884444
production_fold0_b9ade16db0da/cross_modal_2026_tune,32,0.03529606471684846,0.0006961147162543093,0.5842564320660203
production_fold0_b9ade16db0da/cross_modal_2026_tune,33,0.0331256277859211,0.0006952930186918277,0.5824806086177675
production_fold0_b9ade16db0da/cross_modal_2026_tune,34,0.03771855191073634,0.0006943932065212601,0.5804185041810362
production_fold0_b9ade16db0da/cross_modal_2026_tune,35,0.032877945764498276,0.0006934155062655083,0.583968545912688
production_fold0_b9ade16db0da/ordinal_2026_tune,1,2.184888818047263,3.5000000000000004e-05,1.09806599891931
production_fold0_b9ade16db0da/ordinal_2026_tune,2,1.6030638001181863,6.652892561983471e-05,0.9364795616670264
production_fold0_b9ade16db0da/ordinal_2026_tune,3,1.2560202262618325,9.834710743801653e-05,0.8141671511656444
production_fold0_b9ade16db0da/ordinal_2026_tune,4,0.9554582942615856,0.00013016528925619835,0.7040903275068436
production_fold0_b9ade16db0da/ordinal_2026_tune,5,0.7011909322305159,0.00016198347107438017,0.6258559930152845
production_fold0_b9ade16db0da/ordinal_2026_tune,6,0.5326435295018283,0.000193801652892562,0.6013361803689213
production_fold0_b9ade16db0da/ordinal_2026_tune,7,0.4089629352092743,0.00022561983471074378,0.5876821239808913
production_fold0_b9ade16db0da/ordinal_2026_tune,8,0.3403780595822768,0.0002574380165289256,0.5664949382467811
production_fold0_b9ade16db0da/ordinal_2026_tune,9,0.2702429714527997,0.00028925619834710745,0.5598503432773189
production_fold0_b9ade16db0da/ordinal_2026_tune,10,0.21082820133729416,0.00032107438016528925,0.546147645645768
production_fold0_b9ade16db0da/ordinal_2026_tune,11,0.18586390804160724,0.00035289256198347104,0.553541645209218
production_fold0_b9ade16db0da/ordinal_2026_tune,12,0.1518095616589893,0.00038471074380165283,0.5554556004107044
production_fold0_b9ade16db0da/ordinal_2026_tune,13,0.12842776761813599,0.00041652892561983473,0.5524797114661318
production_fold0_b9ade16db0da/ordinal_2026_tune,14,0.09738990596749565,0.0004483471074380165,0.5486209687173077
production_fold0_b9ade16db0da/ordinal_2026_tune,15,0.07870006967674602,0.0004801652892561984,0.5620324480184617
production_fold0_b9ade16db0da/ordinal_2026_tune,16,0.061653461307287216,0.0005119834710743802,0.5631251491005009
production_fold0_b9ade16db0da/ordinal_2026_tune,17,0.04342527958479794,0.000543801652892562,0.5648761963419813
production_fold0_b9ade16db0da/ordinal_2026_tune,18,0.03070691702040759,0.0005756198347107439,0.5766750458171751
production_fold0_b9ade16db0da/ordinal_2026_tune,19,0.021898557770658623,0.0006074380165289257,0.5787652963844723
production_fold0_b9ade16db0da/ordinal_2026_tune,20,0.02921007607470859,0.0006392561983471074,0.5830971983744602
production_fold0_b9ade16db0da/ordinal_2026_tune,21,0.03179771038280292,0.0006710743801652892,0.5781821193143162
production_fold0_b9ade16db0da/ordinal_2026_tune,22,0.031221651133488525,0.0007,0.5873510693480938
production_fold0_b9ade16db0da/ordinal_2026_tune,23,0.028808149593797596,0.0006999603502172707,0.5960399267524874
production_fold0_b9ade16db0da/ordinal_2026_tune,24,0.020802099088376217,0.0006998414108507033,0.5875040599920238
production_fold0_b9ade16db0da/ordinal_2026_tune,25,0.032691786023364824,0.0006996432118426475,0.5905709044409782
production_fold0_b9ade16db0da/ordinal_2026_tune,26,0.0227290934629061,0.0006993658030886436,0.6057230590645112
production_fold0_b9ade16db0da/ordinal_2026_tune,27,0.02870617320083759,0.0006990092544248618,0.6022311923759368
production_fold0_b9ade16db0da/ordinal_2026_tune,28,0.024029223587025295,0.0006985736556105217,0.622945086556879
production_fold0_b9ade16db0da/ordinal_2026_tune,29,0.021826941519975662,0.000698059116305295,0.6184255610511736
production_fold0_b9ade16db0da/ordinal_2026_tune,30,0.028202706058932978,0.0006974657660417005,0.6290539860342652
production_fold0_b9ade16db0da/ordinal_42_tune,1,2.1788683479482476,3.5000000000000004e-05,1.1256807473306727
production_fold0_b9ade16db0da/ordinal_42_tune,2,1.4808726852590388,6.652892561983471e-05,0.9151527978749472
production_fold0_b9ade16db0da/ordinal_42_tune,3,1.099520905451341,9.834710743801653e-05,0.7708162846078355
production_fold0_b9ade16db0da/ordinal_42_tune,4,0.8235331773757935,0.00013016528925619835,0.6997343234701051
production_fold0_b9ade16db0da/ordinal_42_tune,5,0.6484923308545892,0.00016198347107438017,0.649674697791779
production_fold0_b9ade16db0da/ordinal_42_tune,6,0.5206923620267347,0.000193801652892562,0.6364962969129717
production_fold0_b9ade16db0da/ordinal_42_tune,7,0.4189534214409915,0.00022561983471074378,0.6333615555391084
production_fold0_b9ade16db0da/ordinal_42_tune,8,0.34349370815537195,0.0002574380165289256,0.6144285931255565
production_fold0_b9ade16db0da/ordinal_42_tune,9,0.291385447437113,0.00028925619834710745,0.5966719572379369
production_fold0_b9ade16db0da/ordinal_42_tune,10,0.23561665957624262,0.00032107438016528925,0.5954288552037441
production_fold0_b9ade16db0da/ordinal_42_tune,11,0.19696278328245337,0.00035289256198347104,0.5859524607544722
production_fold0_b9ade16db0da/ordinal_42_tune,12,0.14693363552743738,0.00038471074380165283,0.5839923067718954
production_fold0_b9ade16db0da/ordinal_42_tune,13,0.12057070908221332,0.00041652892561983473,0.5873264636057433
production_fold0_b9ade16db0da/ordinal_42_tune,14,0.09338308532129634,0.0004483471074380165,0.593905953313666
production_fold0_b9ade16db0da/ordinal_42_tune,15,0.07911523363806984,0.0004801652892561984,0.6020359112126106
production_fold0_b9ade16db0da/ordinal_42_tune,16,0.06847712397575378,0.0005119834710743802,0.6070466416593508
production_fold0_b9ade16db0da/ordinal_42_tune,17,0.04911267351020466,0.000543801652892562,0.5966831429809798
production_fold0_b9ade16db0da/ordinal_42_tune,18,0.0401386884464459,0.0005756198347107439,0.5833527638076577
production_fold0_b9ade16db0da/ordinal_42_tune,19,0.034251688556237656,0.0006074380165289257,0.6047541231852748
production_fold0_b9ade16db0da/ordinal_42_tune,20,0.025895160961557518,0.0006392561983471074,0.6206149038709544
production_fold0_b9ade16db0da/ordinal_42_tune,21,0.024791629053652287,0.0006710743801652892,0.6306984172597251
production_fold0_b9ade16db0da/ordinal_42_tune,22,0.022523954934017223,0.0007,0.6303986158501881
production_fold0_b9ade16db0da/ordinal_42_tune,23,0.024818831208077343,0.0006999603502172707,0.6352933680481624
production_fold0_b9ade16db0da/ordinal_42_tune,24,0.03291811413046988,0.0006998414108507033,0.6335583862521339
production_fold0_b9ade16db0da/ordinal_42_tune,25,0.03348575041375377,0.0006996432118426475,0.6322766151801221
production_fold0_b9ade16db0da/ordinal_42_tune,26,0.046683031218973076,0.0006993658030886436,0.6382388245038809
production_fold0_b9ade16db0da/ordinal_42_tune,27,0.04383863652632995,0.0006990092544248618,0.6334929159647745
production_fold0_b9ade16db0da/ordinal_42_tune,28,0.04418204580856995,0.0006985736556105217,0.625379903334512
production_fold0_b9ade16db0da/ordinal_42_tune,29,0.03490490948950702,0.000698059116305295,0.6355847248902928
production_fold0_b9ade16db0da/ordinal_42_tune,30,0.030674069019203835,0.0006974657660417005,0.6329827177820736
production_fold0_b9ade16db0da/ordinal_42_tune,31,0.033241697968068445,0.0006967937541924939,0.6346486158495845
production_fold0_b9ade16db0da/ordinal_42_tune,32,0.020483205137266355,0.0006960432499330642,0.6389178192859136
production_fold0_b9ade16db0da/ordinal_42_tune,33,0.02563114578581669,0.0006952144421988456,0.6511681355786026
production_fold0_b9ade16db0da/ordinal_42_tune,34,0.01665877059779384,0.0006943075396377526,0.6484333580753843
production_fold0_b9ade16db0da/ordinal_42_tune,35,0.014890054198489948,0.0006933227705576553,0.642551963236287
production_fold0_b9ade16db0da/ordinal_42_tune,36,0.012486761605197733,0.0006922603828689032,0.6439771974432847
production_fold0_b9ade16db0da/ordinal_42_tune,37,0.008323718179863963,0.0006911206440219157,0.6417982862831968
production_fold0_b9ade16db0da/ordinal_42_tune,38,0.011206986340270801,0.0006899038409398522,0.6339928942264108
production_fold0_b9ade16db0da/attention_rank_42_tune,1,1.5142614299600774,3.5000000000000004e-05,1.1736409249806108
production_fold0_b9ade16db0da/attention_rank_42_tune,2,1.4107825485142795,6.0743801652892564e-05,1.1515157378855547
production_fold0_b9ade16db0da/attention_rank_42_tune,3,1.3289393240755254,9.256198347107438e-05,1.0970559841267822
production_fold0_b9ade16db0da/attention_rank_42_tune,4,1.1042530265721409,0.00012438016528925618,0.9987743874482505
production_fold0_b9ade16db0da/attention_rank_42_tune,5,0.8409413912079551,0.00015619834710743803,0.866500439897983
production_fold0_b9ade16db0da/attention_rank_42_tune,6,0.5467004857280038,0.00018801652892561983,0.7496341809797847
production_fold0_b9ade16db0da/attention_rank_42_tune,7,0.3595852824774655,0.00021983471074380165,0.6800168090829031
production_fold0_b9ade16db0da/attention_rank_42_tune,8,0.2541485699740323,0.00025165289256198347,0.648288833567082
production_fold0_b9ade16db0da/attention_rank_42_tune,9,0.15711299939589066,0.00028347107438016526,0.5997375607388816
production_fold0_b9ade16db0da/attention_rank_42_tune,10,0.10509295761585236,0.0003152892561983471,0.5545901883676139
production_fold0_b9ade16db0da/attention_rank_42_tune,11,0.08015238561413505,0.00034710743801652895,0.5284385093467028
production_fold0_b9ade16db0da/attention_rank_42_tune,12,0.06409021433104169,0.00037892561983471075,0.5285699355045856
production_fold0_b9ade16db0da/attention_rank_42_tune,13,0.05557109788060188,0.0004107438016528926,0.5235333895362243
production_fold0_b9ade16db0da/attention_rank_42_tune,14,0.05625409785319458,0.0004425619834710744,0.5216211110808655
production_fold0_b9ade16db0da/attention_rank_42_tune,15,0.04448874430222945,0.0004743801652892562,0.5293320815027651
production_fold0_b9ade16db0da/attention_rank_42_tune,16,0.043170561505989594,0.0005061983471074381,0.5296447631233926
production_fold0_b9ade16db0da/attention_rank_42_tune,17,0.03951367464932529,0.0005380165289256199,0.5312247540692108
production_fold0_b9ade16db0da/attention_rank_42_tune,18,0.0354612007398497,0.0005698347107438016,0.5300974348820301
production_fold0_b9ade16db0da/attention_rank_42_tune,19,0.035045373676852745,0.0006016528925619835,0.5291405762759844
production_fold0_b9ade16db0da/attention_rank_42_tune,20,0.0302803192965009,0.0006334710743801653,0.5307122901984143
production_fold0_b9ade16db0da/attention_rank_42_tune,21,0.026195803995836865,0.0006652892561983472,0.5275207609392131
production_fold0_b9ade16db0da/attention_rank_42_tune,22,0.027141284536231648,0.000697107438016529,0.528523835622311
production_fold0_b9ade16db0da/attention_rank_42_tune,23,0.021954524246129124,0.0006999734573993824,0.5298006536368025
production_fold0_b9ade16db0da/attention_rank_42_tune,24,0.02225461153482849,0.0006998689326784723,0.5307745167711357
production_fold0_b9ade16db0da/attention_rank_42_tune,25,0.020118087868798862,0.0006996851413876009,0.5265857909717413
production_fold0_b9ade16db0da/attention_rank_42_tune,26,0.018588803539221935,0.0006994221297952425,0.5253937811002779
production_fold0_b9ade16db0da/attention_rank_42_tune,27,0.017022633078423412,0.0006990799641131591,0.5248170118905257
production_fold0_b9ade16db0da/attention_rank_42_tune,28,0.01732031653889201,0.0006986587304797315,0.5255228787882895
production_fold0_b9ade16db0da/attention_rank_42_tune,29,0.016443083486096424,0.0006981585349382742,0.52543739221338
production_fold0_b9ade16db0da/attention_rank_42_tune,30,0.014728995124724779,0.0006975795034103396,0.5248805348333123
production_fold0_b9ade16db0da/attention_rank_42_tune,31,0.016219753687354652,0.0006969217816640185,0.5253364695795877
production_fold0_b9ade16db0da/attention_rank_42_tune,32,0.013468684882602909,0.0006961855352772434,0.5252156198201039
production_fold0_b9ade16db0da/attention_rank_42_tune,33,0.014702954922210087,0.0006953709495961046,0.5245062926648981
production_fold0_b9ade16db0da/attention_rank_42_tune,34,0.01641339605504816,0.0006944782296881913,0.5219232019489095
production_fold0_b9ade16db0da/audio_refit,1,1.3886160075906815,7.914010575791207e-06,
production_fold0_b9ade16db0da/audio_refit,2,0.9449160020889306,6.90684749832339e-06,
production_fold0_b9ade16db0da/audio_refit,3,0.726997940227147,5.075640913934023e-06,
production_fold0_b9ade16db0da/audio_refit,4,0.6415779858040132,3.0223396434856766e-06,
production_fold0_b9ade16db0da/audio_refit,5,0.5521130283067867,1.4218988171960296e-06,
production_fold0_b9ade16db0da/audio_refit,6,0.5135576781536627,8.004106173770074e-07,
production_fold0_b9ade16db0da/attention_rank_2026_tune,1,1.4960546818646518,3.5000000000000004e-05,1.1721222671047935
production_fold0_b9ade16db0da/attention_rank_2026_tune,2,1.4525438222018154,5.785123966942149e-05,1.1514183057396137
production_fold0_b9ade16db0da/attention_rank_2026_tune,3,1.3405358845537358,8.96694214876033e-05,1.0980746634931167
production_fold0_b9ade16db0da/attention_rank_2026_tune,4,1.145253907550465,0.00012148760330578513,1.003241808777098
production_fold0_b9ade16db0da/attention_rank_2026_tune,5,0.8524745215069164,0.00015330578512396694,0.8726460374910544
production_fold0_b9ade16db0da/attention_rank_2026_tune,6,0.560308041897687,0.00018512396694214876,0.7461309902753198
production_fold0_b9ade16db0da/attention_rank_2026_tune,7,0.3649033416401256,0.0002169421487603306,0.6839143693899955
production_fold0_b9ade16db0da/attention_rank_2026_tune,8,0.27354530786926096,0.00024876033057851237,0.6560856806949117
production_fold0_b9ade16db0da/attention_rank_2026_tune,9,0.16838342290032993,0.0002805785123966942,0.6305783664986809
production_fold0_b9ade16db0da/attention_rank_2026_tune,10,0.10386117954145778,0.00031239669421487606,0.5858947188422037
production_fold0_b9ade16db0da/attention_rank_2026_tune,11,0.07944017513231798,0.00034421487603305786,0.5497572426393008
production_fold0_b9ade16db0da/attention_rank_2026_tune,12,0.06955926086414944,0.00037603305785123965,0.5386132393965951
production_fold0_b9ade16db0da/attention_rank_2026_tune,13,0.05782380463047461,0.00040785123966942144,0.5374414075960403
production_fold0_b9ade16db0da/attention_rank_2026_tune,14,0.048895025117830795,0.0004396694214876033,0.5239572841043536
production_fold0_b9ade16db0da/attention_rank_2026_tune,15,0.04182978719472885,0.0004714876033057851,0.5150752989348151
production_fold0_b9ade16db0da/attention_rank_2026_tune,16,0.031767256049947304,0.0005033057851239669,0.5172364975749355
production_fold0_b9ade16db0da/attention_rank_2026_tune,17,0.031011062250895935,0.0005351239669421487,0.5164502138052746
production_fold0_b9ade16db0da/attention_rank_2026_tune,18,0.025525080209428615,0.0005669421487603305,0.5177549981705504
production_fold0_b9ade16db0da/attention_rank_2026_tune,19,0.030399701134725052,0.0005987603305785124,0.5130961957629144
production_fold0_b9ade16db0da/attention_rank_2026_tune,20,0.028091339394450188,0.0006305785123966942,0.5140585091921519
production_fold0_b9ade16db0da/attention_rank_2026_tune,21,0.02604541275650263,0.000662396694214876,0.5175550757526047
production_fold0_b9ade16db0da/attention_rank_2026_tune,22,0.026013161648403515,0.0006942148760330579,0.514280582181716
production_fold0_b9ade16db0da/attention_rank_2026_tune,23,0.024359467524019154,0.0006999790280068331,0.5129919240671014
production_fold0_b9ade16db0da/attention_rank_2026_tune,24,0.02359667301855304,0.0006998817109424572,0.5129834075672721
production_fold0_b9ade16db0da/attention_rank_2026_tune,25,0.02342080595818433,0.0006997051240912602,0.5110418492545157
production_fold0_b9ade16db0da/attention_rank_2026_tune,26,0.020214861597527157,0.0006994493119080377,0.5099505571995527
production_fold0_b9ade16db0da/attention_rank_2026_tune,27,0.020521281371739777,0.0006991143387921386,0.5101919575544873
production_fold0_b9ade16db0da/attention_rank_2026_tune,28,0.0194314799525521,0.0006987002890712535,0.5063989327930053
production_fold0_b9ade16db0da/attention_rank_2026_tune,29,0.01596188604493033,0.0006982072669801855,0.5062215626294196
production_fold0_b9ade16db0da/attention_rank_2026_tune,30,0.016835717907683415,0.0006976353966346095,0.5061389015849522
production_fold0_b9ade16db0da/attention_rank_2026_tune,31,0.018871332095427948,0.0006969848219998266,0.5072661973958161
production_fold0_b9ade16db0da/attention_rank_2026_tune,32,0.016766957261345604,0.0006962557068545222,0.5070779649609497
production_fold0_b9ade16db0da/attention_rank_2026_tune,33,0.014978323047134008,0.0006954482347495349,0.5072729044760163
production_fold0_b9ade16db0da/attention_rank_2026_tune,34,0.014094490811906078,0.000694562608961649,0.5079274005924399
production_fold0_b9ade16db0da/attention_rank_2026_tune,35,0.013953385197303513,0.0006935990524424205,0.5081159693435398
production_fold0_b9ade16db0da/attention_rank_2026_tune,36,0.014292806894941763,0.00069255780776205,0.5087486177532031
production_fold0_b9ade16db0da/attention_rank_2026_tune,37,0.01271621078591455,0.0006914391370483179,0.5081987821790436
production_fold0_b9ade16db0da/attention_rank_2026_tune,38,0.012880702079697088,0.0006902433219205937,0.5074152904462367
production_fold0_b9ade16db0da/attention_rank_2026_tune,39,0.012341949411413887,0.0006889706634189411,0.5078042181004531
production_fold0_b9ade16db0da/attention_rank_2026_tune,40,0.011373029683123936,0.0006876214819283319,0.5081136528247846
production_fold0_b9ade16db0da/attention_rank_2026_tune,41,0.010884998450902376,0.0006861961170979913,0.5069699218830818
production_fold0_b9ade16db0da/attention_rank_2026_tune,42,0.011775950816544619,0.0006846949277558927,0.5080595667189773
production_fold0_b9ade16db0da/attention_rank_2026_tune,43,0.011046825400130316,0.0006831182918184252,0.507053794524317
production_fold0_b9ade16db0da/attention_rank_2026_tune,44,0.011083423160016537,0.0006814666061952546,0.5078706302270904
production_fold0_b9ade16db0da/attention_rank_2026_tune,45,0.011213455095209858,0.0006797402866894036,0.5071727378780364
production_fold0_b9ade16db0da/attention_rank_2026_tune,46,0.011220130815424702,0.000677939767892576,0.5078509045920436
production_fold0_b9ade16db0da/attention_rank_2026_tune,47,0.01047690153460611,0.00067606550307575,0.5082460578946827
production_fold0_b9ade16db0da/attention_rank_2026_tune,48,0.010391478934748606,0.0006741179640750704,0.5081838369650146
production_fold0_b9ade16db0da/attention_rank_2026_tune,49,0.010661495426161722,0.0006720976411730655,0.5096532966442853
production_fold0_b9ade16db0da/residual_42_refit,1,1.4601722543056195,3.5000000000000004e-05,
production_fold0_b9ade16db0da/residual_42_refit,2,1.3907454564021184,6.118881118881119e-05,
production_fold0_b9ade16db0da/residual_42_refit,3,1.2498353123664856,9.300699300699301e-05,
production_fold0_b9ade16db0da/residual_42_refit,4,0.9963039801670954,0.00012482517482517483,
production_fold0_b9ade16db0da/residual_42_refit,5,0.6877492322371557,0.00015664335664335665,
production_fold0_b9ade16db0da/residual_42_refit,6,0.4319203748152806,0.00018846153846153844,
production_fold0_b9ade16db0da/residual_42_refit,7,0.2816330538346217,0.0002202797202797203,
production_fold0_b9ade16db0da/residual_42_refit,8,0.1701299364750202,0.0002520979020979021,
production_fold0_b9ade16db0da/residual_42_refit,9,0.1096411427626243,0.0002839160839160839,
production_fold0_b9ade16db0da/residual_42_refit,10,0.08015591106735744,0.0003157342657342657,
production_fold0_b9ade16db0da/residual_42_refit,11,0.06515038013458252,0.00034755244755244757,
production_fold0_b9ade16db0da/residual_42_refit,12,0.05765490463146797,0.00037937062937062936,
production_fold0_b9ade16db0da/residual_42_refit,13,0.052302988389363654,0.00041118881118881116,
production_fold0_b9ade16db0da/residual_42_refit,14,0.04377372176028215,0.00044300699300699306,
production_fold0_b9ade16db0da/residual_42_refit,15,0.03626434748562483,0.00047482517482517485,
production_fold0_b9ade16db0da/residual_42_refit,16,0.030111172021581575,0.0005066433566433566,
production_fold0_b9ade16db0da/residual_42_refit,17,0.020019940888652436,0.0005384615384615384,
production_fold0_b9ade16db0da/residual_42_refit,18,0.02406838149405443,0.0005702797202797202,
production_fold0_b9ade16db0da/residual_42_refit,19,0.02169707238387603,0.000602097902097902,
production_fold0_b9ade16db0da/residual_42_refit,20,0.0256722063685839,0.0006339160839160839,
production_fold0_b9ade16db0da/residual_42_refit,21,0.02411524034463442,0.0006657342657342657,
production_fold0_b9ade16db0da/residual_42_refit,22,0.02063996523905259,0.0006975524475524475,
production_fold0_b9ade16db0da/residual_42_refit,23,0.0244496540667919,0.0006999716115248672,
production_fold0_b9ade16db0da/residual_42_refit,24,0.015571407973766327,0.0006998648691065406,
production_fold0_b9ade16db0da/residual_42_refit,25,0.013964712977982484,0.000699678861141235,
production_fold0_b9ade16db0da/residual_42_refit,26,0.013853095901700167,0.0006994136344554611,
production_fold0_b9ade16db0da/residual_42_refit,27,0.01433423448067445,0.0006990692558186185,
production_fold0_b9ade16db0da/residual_42_refit,28,0.012995080449260198,0.0006986458119261876,
production_fold0_b9ade16db0da/residual_42_refit,29,0.009726072195917368,0.0006981434093779037,
production_fold0_b9ade16db0da/residual_42_refit,30,0.009155949147847982,0.0006975621746509214,
production_fold0_b9ade16db0da/residual_42_refit,31,0.008650886826217175,0.0006969022540679752,
production_fold0_b9ade16db0da/residual_42_refit,32,0.007588702683838515,0.0006961638137605428,
production_fold0_b9ade16db0da/residual_42_refit,33,0.006648372787122543,0.0006953470396270225,
production_fold0_b9ade16db0da/residual_42_refit,34,0.0059148137672589375,0.0006944521372859343,
production_fold0_b9ade16db0da/ordinal_2026_refit,1,2.107029676437378,3.5000000000000004e-05,
production_fold0_b9ade16db0da/ordinal_2026_refit,2,1.529184919137221,6.608391608391608e-05,
production_fold0_b9ade16db0da/ordinal_2026_refit,3,1.16720489355234,9.790209790209791e-05,
production_fold0_b9ade16db0da/ordinal_2026_refit,4,0.8720619357549227,0.0001297202797202797,
production_fold0_b9ade16db0da/ordinal_2026_refit,5,0.6353737070010259,0.00016153846153846155,
production_fold0_b9ade16db0da/ordinal_2026_refit,6,0.48472596819584185,0.00019335664335664335,
production_fold0_b9ade16db0da/ordinal_2026_refit,7,0.394588814331935,0.00022517482517482517,
production_fold0_b9ade16db0da/ordinal_2026_refit,8,0.3121162790518541,0.000256993006993007,
production_fold0_b9ade16db0da/ordinal_2026_refit,9,0.2678678207672559,0.00028881118881118883,
production_fold0_b9ade16db0da/ordinal_2026_refit,10,0.2139869905435122,0.00032062937062937063,
production_fold0_b9ade16db0da/text_tune,1,1.4320247180405117,9.986969945609078e-06,0.6446760159538106
production_fold0_b9ade16db0da/text_tune,2,0.778408379471373,9.422803844848103e-06,0.5709526260054407
production_fold0_b9ade16db0da/text_tune,3,0.6276528440962826,8.124839538018884e-06,0.5489805918745354
production_fold0_b9ade16db0da/text_tune,4,0.501546613258561,6.335873738279223e-06,0.5509405401120722
production_fold0_b9ade16db0da/text_tune,5,0.462592770064634,4.390549712661304e-06,0.5457235436804685
production_fold0_b9ade16db0da/text_tune,6,0.40669746248657623,2.652759038893292e-06,0.5630291493063325
production_fold0_b9ade16db0da/text_tune,7,0.38598045265109887,1.447572184265524e-06,0.5538842161730304
production_fold0_b9ade16db0da/text_tune,8,0.3316270706469252,1.000969610858501e-06,0.5575288155855782
production_fold0_b9ade16db0da/residual_2026_refit,1,1.457912197479835,3.5000000000000004e-05,
production_fold0_b9ade16db0da/residual_2026_refit,2,1.3977205569927509,6.118881118881119e-05,
production_fold0_b9ade16db0da/residual_2026_refit,3,1.254257816534776,9.300699300699301e-05,
production_fold0_b9ade16db0da/residual_2026_refit,4,0.9899943883602436,0.00012482517482517483,
production_fold0_b9ade16db0da/residual_2026_refit,5,0.6887788084837106,0.00015664335664335665,
production_fold0_b9ade16db0da/residual_2026_refit,6,0.43336789080729854,0.00018846153846153844,
production_fold0_b9ade16db0da/residual_2026_refit,7,0.2955318746658472,0.0002202797202797203,
production_fold0_b9ade16db0da/residual_2026_refit,8,0.18935720565227362,0.0002520979020979021,
production_fold0_b9ade16db0da/residual_2026_refit,9,0.11774025456263469,0.0002839160839160839,
production_fold0_b9ade16db0da/residual_2026_refit,10,0.08843942158497296,0.0003157342657342657,
production_fold0_b9ade16db0da/residual_2026_refit,11,0.061954160435841635,0.00034755244755244757,
production_fold0_b9ade16db0da/residual_2026_refit,12,0.051547921334321685,0.00037937062937062936,
production_fold0_b9ade16db0da/residual_2026_refit,13,0.0444019608772718,0.00041118881118881116,
production_fold0_b9ade16db0da/residual_2026_refit,14,0.03617427942271416,0.00044300699300699306,
production_fold0_b9ade16db0da/residual_2026_refit,15,0.029479079951460544,0.00047482517482517485,
production_fold0_b9ade16db0da/residual_2026_refit,16,0.027392631253370874,0.0005066433566433566,
production_fold0_b9ade16db0da/residual_2026_refit,17,0.029133150783868935,0.0005384615384615384,
production_fold0_b9ade16db0da/residual_2026_refit,18,0.026629342339359797,0.0005702797202797202,
production_fold0_b9ade16db0da/residual_2026_refit,19,0.02004073918438875,0.000602097902097902,
production_fold0_b9ade16db0da/residual_2026_refit,20,0.02067962818993972,0.0006339160839160839,
production_fold0_b9ade16db0da/residual_2026_tune,1,1.4752401926300742,3.5000000000000004e-05,1.1721251551226777
production_fold0_b9ade16db0da/residual_2026_tune,2,1.4320908893238415,5.785123966942149e-05,1.1514150673110723
production_fold0_b9ade16db0da/residual_2026_tune,3,1.3209737214175137,8.96694214876033e-05,1.098151620565684
production_fold0_b9ade16db0da/residual_2026_tune,4,1.1282463182102551,0.00012148760330578513,1.0039700067883672
production_fold0_b9ade16db0da/residual_2026_tune,5,0.8388600891286676,0.00015330578512396694,0.874308682464902
production_fold0_b9ade16db0da/residual_2026_tune,6,0.5511419664729725,0.00018512396694214876,0.7473413121996006
production_fold0_b9ade16db0da/residual_2026_tune,7,0.35984898832711304,0.0002169421487603306,0.6843878361185803
production_fold0_b9ade16db0da/residual_2026_tune,8,0.25940846313129773,0.00024876033057851237,0.6546977376687972
production_fold0_b9ade16db0da/residual_2026_tune,9,0.16154272109270096,0.0002805785123966942,0.6290061196435317
production_fold0_b9ade16db0da/residual_2026_tune,10,0.0951347371393984,0.00031239669421487606,0.5862353052083239
production_fold0_b9ade16db0da/residual_2026_tune,11,0.07062231546098535,0.00034421487603305786,0.5359114180698357
production_fold0_b9ade16db0da/residual_2026_tune,12,0.06320946562019261,0.00037603305785123965,0.5176065263699585
production_fold0_b9ade16db0da/residual_2026_tune,13,0.057784723287278954,0.00040785123966942144,0.5279239022973792
production_fold0_b9ade16db0da/residual_2026_tune,14,0.04812597974457524,0.0004396694214876033,0.518056018285753
production_fold0_b9ade16db0da/residual_2026_tune,15,0.037377094172618607,0.0004714876033057851,0.5146386462396847
production_fold0_b9ade16db0da/residual_2026_tune,16,0.02755870365283706,0.0005033057851239669,0.5173483253321587
production_fold0_b9ade16db0da/residual_2026_tune,17,0.032118953595107254,0.0005351239669421487,0.5220885566330609
production_fold0_b9ade16db0da/residual_2026_tune,18,0.022698310288515957,0.0005669421487603305,0.5191148219356296
production_fold0_b9ade16db0da/residual_2026_tune,19,0.02434909191321243,0.0005987603305785124,0.512827288555765
production_fold0_b9ade16db0da/residual_2026_tune,20,0.029112709686160088,0.0006305785123966942,0.5108674533335964
production_fold0_b9ade16db0da/residual_2026_tune,21,0.02344686681912704,0.000662396694214876,0.515326202738751
production_fold0_b9ade16db0da/residual_2026_tune,22,0.02156383120878176,0.0006942148760330579,0.5192712263469316
production_fold0_b9ade16db0da/residual_2026_tune,23,0.017457245002416046,0.0006999790280068331,0.5177319982844966
production_fold0_b9ade16db0da/residual_2026_tune,24,0.018873614343729885,0.0006998817109424572,0.5191861418366059
production_fold0_b9ade16db0da/residual_2026_tune,25,0.02357156261463057,0.0006997051240912602,0.5147124225144046
production_fold0_b9ade16db0da/residual_2026_tune,26,0.025745514949614353,0.0006994493119080377,0.5122752394804638
production_fold0_b9ade16db0da/residual_2026_tune,27,0.016070004044608635,0.0006991143387921386,0.5132834682076401
production_fold0_b9ade16db0da/residual_2026_tune,28,0.012347528160634365,0.0006987002890712535,0.5143976457205526
production_fold0_b9ade16db0da/residual_2026_tune,29,0.009776578115468676,0.0006982072669801855,0.5136487759156952
production_fold0_b9ade16db0da/residual_2026_tune,30,0.010407337622547691,0.0006976353966346095,0.5142090497261141
production_fold0_b9ade16db0da/residual_2026_tune,31,0.01111515336246653,0.0006969848219998266,0.5157532945008556
production_fold0_b9ade16db0da/residual_2026_tune,32,0.008876457598737696,0.0006962557068545222,0.5151719194127692
production_fold0_b9ade16db0da/residual_2026_tune,33,0.008898507761345669,0.0006954482347495349,0.5142607348649101
production_fold0_b9ade16db0da/residual_2026_tune,34,0.006533622699366374,0.000694562608961649,0.5141973536450006
production_fold0_b9ade16db0da/residual_2026_tune,35,0.005411881297318773,0.0006935990524424205,0.5138995486295478
production_fold0_b9ade16db0da/residual_2026_tune,36,0.00482288608327508,0.00069255780776205,0.5145271730051288
production_fold0_b9ade16db0da/residual_2026_tune,37,0.004672864579002966,0.0006914391370483179,0.5146873836700512
production_fold0_b9ade16db0da/residual_2026_tune,38,0.005105868045409972,0.0006902433219205937,0.5146707154706665
production_fold0_b9ade16db0da/residual_2026_tune,39,0.005180773663927208,0.0006889706634189411,0.5148612282749873
production_fold0_b9ade16db0da/residual_2026_tune,40,0.004801216069608927,0.0006876214819283319,0.5149191884620137
production_fold0_b9ade16db0da/residual_42_tune,1,1.4935101162303577,3.5000000000000004e-05,1.173652754879443
production_fold0_b9ade16db0da/residual_42_tune,2,1.3905569044026462,6.0743801652892564e-05,1.151416007500942
production_fold0_b9ade16db0da/residual_42_tune,3,1.3101015145128423,9.256198347107438e-05,1.0978464676802686
production_fold0_b9ade16db0da/residual_42_tune,4,1.0877287496219983,0.00012438016528925618,1.0004488478959768
production_fold0_b9ade16db0da/residual_42_tune,5,0.8279695619236339,0.00015619834710743803,0.8689599040906388
production_fold0_b9ade16db0da/residual_42_tune,6,0.5382945022799752,0.00018801652892561983,0.7489755639098346
production_fold0_b9ade16db0da/residual_42_tune,7,0.3595656698400324,0.00021983471074380165,0.6835808295915398
production_fold0_b9ade16db0da/residual_42_tune,8,0.2508679208430377,0.00025165289256198347,0.6518639848254956
production_fold0_b9ade16db0da/residual_42_tune,9,0.1507533626122908,0.00028347107438016526,0.6088315179639117
production_fold0_b9ade16db0da/residual_42_tune,10,0.0983501137657599,0.0003152892561983471,0.5620093129007598
production_fold0_b9ade16db0da/residual_42_tune,11,0.07191728258674795,0.00034710743801652895,0.5304685180681371
production_fold0_b9ade16db0da/residual_42_tune,12,0.05425127392465418,0.00037892561983471075,0.5294781902469261
production_fold0_b9ade16db0da/residual_42_tune,13,0.04661076041785153,0.0004107438016528926,0.521977308231673
production_fold0_b9ade16db0da/residual_42_tune,14,0.04070857082578269,0.0004425619834710744,0.5195726247559097
production_fold0_b9ade16db0da/residual_42_tune,15,0.03482473015107892,0.0004743801652892562,0.5264758763732375
production_fold0_b9ade16db0da/residual_42_tune,16,0.030290746892040425,0.0005061983471074381,0.5267729405575937
production_fold0_b9ade16db0da/residual_42_tune,17,0.026921464553610844,0.0005380165289256199,0.5256453904765913
production_fold0_b9ade16db0da/residual_42_tune,18,0.024507442319935017,0.0005698347107438016,0.5241455443302374
production_fold0_b9ade16db0da/residual_42_tune,19,0.02687482527372512,0.0006016528925619835,0.5223004300051654
production_fold0_b9ade16db0da/residual_42_tune,20,0.02685750699178739,0.0006334710743801653,0.5247315904272369
production_fold0_b9ade16db0da/residual_42_tune,21,0.020814516496929256,0.0006652892561983472,0.520345414647518
production_fold0_b9ade16db0da/residual_42_tune,22,0.016794727607206864,0.000697107438016529,0.5212572946305266
production_fold0_b9ade16db0da/residual_42_tune,23,0.015295144847848198,0.0006999734573993824,0.5218101647634934
production_fold0_b9ade16db0da/residual_42_tune,24,0.016531520099802452,0.0006998689326784723,0.5174179542584608
production_fold0_b9ade16db0da/residual_42_tune,25,0.02015890401195396,0.0006996851413876009,0.5159923214658456
production_fold0_b9ade16db0da/residual_42_tune,26,0.013775349933315407,0.0006994221297952425,0.5151267303714135
production_fold0_b9ade16db0da/residual_42_tune,27,0.013060163452543995,0.0006990799641131591,0.5159576118045494
production_fold0_b9ade16db0da/residual_42_tune,28,0.013210112398320978,0.0006986587304797315,0.5152987094227817
production_fold0_b9ade16db0da/residual_42_tune,29,0.00960791635919701,0.0006981585349382742,0.5157886425617405
production_fold0_b9ade16db0da/residual_42_tune,30,0.008194648830050772,0.0006975795034103396,0.5148119649126158
production_fold0_b9ade16db0da/residual_42_tune,31,0.00899442954158241,0.0006969217816640185,0.5145476445502553
production_fold0_b9ade16db0da/residual_42_tune,32,0.007706144951622595,0.0006961855352772434,0.5162408906325887
production_fold0_b9ade16db0da/residual_42_tune,33,0.008384243246506561,0.0006953709495961046,0.5149184042450717
production_fold0_b9ade16db0da/residual_42_tune,34,0.007191128563135862,0.0006944782296881913,0.514015353406874
production_fold0_b9ade16db0da/residual_42_tune,35,0.006165973080152815,0.0006935076002909661,0.5161016886694606
production_fold0_b9ade16db0da/residual_42_tune,36,0.006108593407341025,0.0006924593057551894,0.5177450333381445
production_fold0_b9ade16db0da/residual_42_tune,37,0.006298061312091621,0.0006913336099834042,0.5180210654336815
production_fold0_b9ade16db0da/residual_42_tune,38,0.0052202224350449715,0.0006901307963635014,0.5166103852316952
production_fold0_b9ade16db0da/residual_42_tune,39,0.005827799502929503,0.0006888511676973773,0.5149026862834313
production_fold0_b9ade16db0da/residual_42_tune,40,0.005377170566300099,0.0006874950461247054,0.5149126560652796
production_fold0_b9ade16db0da/residual_42_tune,41,0.005117840302938765,0.0006860627730418395,0.5145910144848584
production_fold0_b9ade16db0da/residual_42_tune,42,0.004369643559171395,0.0006845547090158688,0.5153075544610068
production_fold0_b9ade16db0da/residual_42_tune,43,0.00405402917584235,0.0006829712336938473,0.5160235157079924
production_fold0_b9ade16db0da/residual_42_tune,44,0.0038246497384865174,0.0006813127457072188,0.5146129359907795
production_fold0_b9ade16db0da/residual_42_tune,45,0.004025067350911823,0.0006795796625714651,0.5142919422540624
production_fold0_b9ade16db0da/residual_42_tune,46,0.003525921947915446,0.0006777724205809974,0.5147209020602557
production_fold0_b9ade16db0da/residual_42_tune,47,0.0036284859419207682,0.0006758914746993222,0.5158223225789845
production_fold0_b9ade16db0da/residual_42_tune,48,0.00353888583115556,0.0006739372984445064,0.5151699514913081
production_fold0_b9ade16db0da/residual_42_tune,49,0.003225054359063506,0.0006719103837699716,0.5154306773000125
production_fold0_b9ade16db0da/residual_42_tune,50,0.0030280106425793333,0.0006698112409406478,0.5153295621913466
production_fold0_b9ade16db0da/residual_42_tune,51,0.0028516143475743857,0.0006676403984045166,0.5153881448562592
production_fold0_b9ade16db0da/residual_42_tune,52,0.002783808910118585,0.0006653984026595771,0.5157776486082081
production_fold0_b9ade16db0da/residual_42_tune,53,0.0026304028737782078,0.0006630858181162687,0.5151142795477565
production_fold0_b9ade16db0da/residual_42_tune,54,0.0025095509534532375,0.000660703226955383,0.5161463762080842
production_fold0_b9ade16db0da/text_refit,1,1.2462096875154876,9.987821690228236e-06,
production_fold0_b9ade16db0da/text_refit,2,0.8217235867933529,9.428563509225348e-06,
production_fold0_b9ade16db0da/text_refit,3,0.5894692641508773,8.13471926393264e-06,
production_fold0_b9ade16db0da/text_refit,4,0.4916582809049424,6.348219611630237e-06,
production_fold0_b9ade16db0da/text_refit,5,0.4329860352464323,4.4031148344017135e-06,
production_fold0_b9ade16db0da/attention_rank_2026_refit,1,1.478608067219074,3.5000000000000004e-05,
production_fold0_b9ade16db0da/attention_rank_2026_refit,2,1.4178436169257531,6.118881118881119e-05,
production_fold0_b9ade16db0da/attention_rank_2026_refit,3,1.2724983783868642,9.300699300699301e-05,
production_fold0_b9ade16db0da/attention_rank_2026_refit,4,1.004826362316425,0.00012482517482517483,
production_fold0_b9ade16db0da/attention_rank_2026_refit,5,0.6994461279649001,0.00015664335664335665,
production_fold0_b9ade16db0da/attention_rank_2026_refit,6,0.4391791946612872,0.00018846153846153844,
production_fold0_b9ade16db0da/attention_rank_2026_refit,7,0.2991205843595358,0.0002202797202797203,
production_fold0_b9ade16db0da/attention_rank_2026_refit,8,0.19118612832747972,0.0002520979020979021,
production_fold0_b9ade16db0da/attention_rank_2026_refit,9,0.11980856038056888,0.0002839160839160839,
production_fold0_b9ade16db0da/attention_rank_2026_refit,10,0.0883423462510109,0.0003157342657342657,
production_fold0_b9ade16db0da/attention_rank_2026_refit,11,0.06819212923829372,0.00034755244755244757,
production_fold0_b9ade16db0da/attention_rank_2026_refit,12,0.052042558502692446,0.00037937062937062936,
production_fold0_b9ade16db0da/attention_rank_2026_refit,13,0.05046911738239802,0.00041118881118881116,
production_fold0_b9ade16db0da/attention_rank_2026_refit,14,0.04440739492957409,0.00044300699300699306,
production_fold0_b9ade16db0da/attention_rank_2026_refit,15,0.032938702031970024,0.00047482517482517485,
production_fold0_b9ade16db0da/attention_rank_2026_refit,16,0.03527025835445294,0.0005066433566433566,
production_fold0_b9ade16db0da/attention_rank_2026_refit,17,0.03393077993622193,0.0005384615384615384,
production_fold0_b9ade16db0da/attention_rank_2026_refit,18,0.031848652431598075,0.0005702797202797202,
production_fold0_b9ade16db0da/attention_rank_2026_refit,19,0.028172531093542393,0.000602097902097902,
production_fold0_b9ade16db0da/attention_rank_2026_refit,20,0.027374601134887107,0.0006339160839160839,
production_fold0_b9ade16db0da/attention_rank_2026_refit,21,0.0289134974949635,0.0006657342657342657,
production_fold0_b9ade16db0da/attention_rank_2026_refit,22,0.025256446061226036,0.0006975524475524475,
production_fold0_b9ade16db0da/attention_rank_2026_refit,23,0.018688212650326583,0.0006999716115248672,
production_fold0_b9ade16db0da/attention_rank_2026_refit,24,0.020087554191167537,0.0006998648691065406,
production_fold0_b9ade16db0da/attention_rank_2026_refit,25,0.019920548137563925,0.000699678861141235,
production_fold0_b9ade16db0da/attention_rank_2026_refit,26,0.01794604892627551,0.0006994136344554611,
production_fold0_b9ade16db0da/attention_rank_2026_refit,27,0.019143686844752386,0.0006990692558186185,
production_fold0_b9ade16db0da/attention_rank_2026_refit,28,0.0172023530333088,0.0006986458119261876,
production_fold0_b9ade16db0da/attention_rank_2026_refit,29,0.016389659964121304,0.0006981434093779037,
audit_development_fold2_4e6e57084417/cross_modal_2026_refit,1,1.5315490245819092,3.5000000000000004e-05,
audit_development_fold2_4e6e57084417/cross_modal_2026_refit,2,0.9894085466861725,6.363636363636364e-05,
audit_development_fold2_4e6e57084417/cross_modal_2026_refit,3,0.8341820240020752,9.545454545454545e-05,
audit_development_fold2_4e6e57084417/cross_modal_2026_refit,4,0.711679744720459,0.00012727272727272728,
audit_development_fold2_4e6e57084417/cross_modal_2026_refit,5,0.6269832789897919,0.00015909090909090907,
audit_development_fold2_4e6e57084417/cross_modal_2026_refit,6,0.4860964477062225,0.0001909090909090909,
audit_development_fold2_4e6e57084417/cross_modal_2026_refit,7,0.43540276288986207,0.00022272727272727272,
audit_development_fold2_4e6e57084417/cross_modal_2026_refit,8,0.37247484028339384,0.00025454545454545456,
audit_development_fold2_4e6e57084417/cross_modal_2026_refit,9,0.32834855914115907,0.00028636363636363636,
audit_development_fold2_4e6e57084417/cross_modal_2026_refit,10,0.29945596158504484,0.00031818181818181815,
audit_development_fold2_4e6e57084417/cross_modal_2026_refit,11,0.25419131219387053,0.00035,
audit_development_fold2_4e6e57084417/cross_modal_2026_refit,12,0.2407160758972168,0.0003818181818181818,
audit_development_fold2_4e6e57084417/cross_modal_2026_refit,13,0.2282487615942955,0.00041363636363636364,
audit_development_fold2_4e6e57084417/cross_modal_2026_refit,14,0.1821229174733162,0.00044545454545454543,
audit_development_fold2_4e6e57084417/cross_modal_2026_refit,15,0.17378056347370147,0.0004772727272727272,
audit_development_fold2_4e6e57084417/cross_modal_2026_refit,16,0.16521134227514267,0.0005090909090909091,
audit_development_fold2_4e6e57084417/cross_modal_2026_refit,17,0.17030867859721183,0.0005409090909090909,
audit_development_fold2_4e6e57084417/cross_modal_2026_refit,18,0.1393366940319538,0.0005727272727272727,
audit_development_fold2_4e6e57084417/cross_modal_2026_refit,19,0.13764116838574408,0.0006045454545454545,
audit_development_fold2_4e6e57084417/cross_modal_2026_refit,20,0.10162744671106339,0.0006363636363636363,
audit_development_fold2_4e6e57084417/cross_modal_42_tune,1,1.897498533129692,3.5000000000000004e-05,0.7984427623877879
audit_development_fold2_4e6e57084417/cross_modal_42_tune,2,1.094014286994934,6.363636363636364e-05,0.5991928097268104
audit_development_fold2_4e6e57084417/cross_modal_42_tune,3,0.864139087498188,9.545454545454545e-05,0.5637057359227027
audit_development_fold2_4e6e57084417/cross_modal_42_tune,4,0.7625752389431,0.00012727272727272728,0.5233868880580311
audit_development_fold2_4e6e57084417/cross_modal_42_tune,5,0.6125245243310928,0.00015909090909090907,0.5018598599419499
audit_development_fold2_4e6e57084417/cross_modal_42_tune,6,0.5236455127596855,0.0001909090909090909,0.4922358634593066
audit_development_fold2_4e6e57084417/cross_modal_42_tune,7,0.4520316831767559,0.00022272727272727272,0.5029192699843369
audit_development_fold2_4e6e57084417/cross_modal_42_tune,8,0.39362915232777596,0.00025454545454545456,0.5230379699466196
audit_development_fold2_4e6e57084417/cross_modal_42_tune,9,0.35803738608956337,0.00028636363636363636,0.5094982705282881
audit_development_fold2_4e6e57084417/cross_modal_42_tune,10,0.33388058468699455,0.00031818181818181815,0.5088815246668834
audit_development_fold2_4e6e57084417/cross_modal_42_tune,11,0.2922266721725464,0.00035,0.5317639135784943
audit_development_fold2_4e6e57084417/cross_modal_42_tune,12,0.26368338242173195,0.0003818181818181818,0.5095183213584156
audit_development_fold2_4e6e57084417/cross_modal_42_tune,13,0.22548960149288177,0.00041363636363636364,0.5203913155699541
audit_development_fold2_4e6e57084417/cross_modal_42_tune,14,0.23025411926209927,0.00044545454545454543,0.5015474721948692
audit_development_fold2_4e6e57084417/cross_modal_42_tune,15,0.21383954770863056,0.0004772727272727272,0.4774198897410358
audit_development_fold2_4e6e57084417/cross_modal_42_tune,16,0.18822980299592018,0.0005090909090909091,0.4694639129558778
audit_development_fold2_4e6e57084417/cross_modal_42_tune,17,0.1690416019409895,0.0005409090909090909,0.465352075222132
audit_development_fold2_4e6e57084417/cross_modal_42_tune,18,0.1482698693871498,0.0005727272727272727,0.48198758952139265
audit_development_fold2_4e6e57084417/cross_modal_42_tune,19,0.11320552229881287,0.0006045454545454545,0.4950311792373964
audit_development_fold2_4e6e57084417/cross_modal_42_tune,20,0.1026492128148675,0.0006363636363636363,0.502094677960166
audit_development_fold2_4e6e57084417/cross_modal_42_tune,21,0.08574439026415348,0.0006681818181818182,0.5086358442475368
audit_development_fold2_4e6e57084417/cross_modal_42_tune,22,0.07979045435786247,0.0007,0.5084351132745085
audit_development_fold2_4e6e57084417/cross_modal_42_tune,23,0.0747290444560349,0.0006999696429858325,0.5079914453366766
audit_development_fold2_4e6e57084417/cross_modal_42_tune,24,0.06826816452667117,0.0006998606135890717,0.5153546027215185
audit_development_fold2_4e6e57084417/cross_modal_42_tune,25,0.06741675408557057,0.0006996723197166356,0.5153421767355758
audit_development_fold2_4e6e57084417/cross_modal_42_tune,26,0.05139170307666063,0.0006994048087704998,0.5168814853195172
audit_development_fold2_4e6e57084417/cross_modal_42_tune,27,0.05281033460050821,0.0006990581480951143,0.5192054948709778
audit_development_fold2_4e6e57084417/cross_modal_42_tune,28,0.04370111087337136,0.0006986324249604505,0.524236784786159
audit_development_fold2_4e6e57084417/cross_modal_42_tune,29,0.03931098897010088,0.0006981277465400306,0.5235495100554972
audit_development_fold2_4e6e57084417/cross_modal_42_tune,30,0.040354050463065505,0.0006975442398839483,0.5283190311249575
audit_development_fold2_4e6e57084417/cross_modal_42_tune,31,0.037847330095246434,0.0006968820518868836,0.5372554840605439
audit_development_fold2_4e6e57084417/cross_modal_42_tune,32,0.03164953086525202,0.0006961413492511237,0.5376316575296026
audit_development_fold2_4e6e57084417/cross_modal_42_tune,33,0.029660989996045828,0.0006953223184445961,0.5359358441878346
audit_development_fold2_4e6e57084417/cross_modal_42_tune,34,0.0236075259745121,0.0006944251656539262,0.5294013173841065
audit_development_fold2_4e6e57084417/cross_modal_42_tune,35,0.02449701400473714,0.0006934501167325313,0.5276005467934471
audit_development_fold2_4e6e57084417/cross_modal_42_tune,36,0.01977962371893227,0.0006923974171437631,0.5239709698322133
audit_development_fold2_4e6e57084417/cross_modal_42_tune,37,0.01969567872583866,0.0006912673318991136,0.5224514929147485
audit_development_fold2_4e6e57084417/cross_modal_42_refit,1,1.6873754501342773,3.5000000000000004e-05,
audit_development_fold2_4e6e57084417/cross_modal_42_refit,2,1.081055623292923,6.363636363636364e-05,
audit_development_fold2_4e6e57084417/cross_modal_42_refit,3,0.8854562759399414,9.545454545454545e-05,
audit_development_fold2_4e6e57084417/cross_modal_42_refit,4,0.7173280775547027,0.00012727272727272728,
audit_development_fold2_4e6e57084417/cross_modal_42_refit,5,0.5996448457241058,0.00015909090909090907,
audit_development_fold2_4e6e57084417/cross_modal_42_refit,6,0.4897641628980637,0.0001909090909090909,
audit_development_fold2_4e6e57084417/cross_modal_42_refit,7,0.4172364860773087,0.00022272727272727272,
audit_development_fold2_4e6e57084417/cross_modal_42_refit,8,0.3602993041276932,0.00025454545454545456,
audit_development_fold2_4e6e57084417/cross_modal_42_refit,9,0.352731691300869,0.00028636363636363636,
audit_development_fold2_4e6e57084417/cross_modal_42_refit,10,0.3109185218811035,0.00031818181818181815,
audit_development_fold2_4e6e57084417/cross_modal_42_refit,11,0.2929249003529549,0.00035,
audit_development_fold2_4e6e57084417/cross_modal_42_refit,12,0.27859619855880735,0.0003818181818181818,
audit_development_fold2_4e6e57084417/cross_modal_42_refit,13,0.2566417306661606,0.00041363636363636364,
audit_development_fold2_4e6e57084417/cross_modal_42_refit,14,0.20777540504932404,0.00044545454545454543,
audit_development_fold2_4e6e57084417/cross_modal_42_refit,15,0.2080816999077797,0.0004772727272727272,
audit_development_fold2_4e6e57084417/cross_modal_42_refit,16,0.17950884625315666,0.0005090909090909091,
audit_development_fold2_4e6e57084417/cross_modal_42_refit,17,0.17645609974861146,0.0005409090909090909,
audit_development_fold2_4e6e57084417/ordinal_42_refit,1,1.9928754448890686,3.5000000000000004e-05,
audit_development_fold2_4e6e57084417/ordinal_42_refit,2,1.5871035218238831,6.363636363636364e-05,
audit_development_fold2_4e6e57084417/ordinal_42_refit,3,1.1270551025867461,9.545454545454545e-05,
audit_development_fold2_4e6e57084417/ordinal_42_refit,4,0.7748968660831451,0.00012727272727272728,
audit_development_fold2_4e6e57084417/ordinal_42_refit,5,0.6236237347126007,0.00015909090909090907,
audit_development_fold2_4e6e57084417/ordinal_42_refit,6,0.4844907492399216,0.0001909090909090909,
audit_development_fold2_4e6e57084417/ordinal_42_refit,7,0.4077982246875763,0.00022272727272727272,
audit_development_fold2_4e6e57084417/audio_tune,1,1.3737470213772536,7.92325491909864e-06,0.8313195459010632
audit_development_fold2_4e6e57084417/audio_tune,2,0.9052161070771244,6.937343569497522e-06,0.7914553426315869
audit_development_fold2_4e6e57084417/audio_tune,3,0.7691300481516106,5.1165843322657055e-06,0.7351856627973523
audit_development_fold2_4e6e57084417/audio_tune,4,0.6451418394541123,3.0600513814174287e-06,0.6565487575684125
audit_development_fold2_4e6e57084417/audio_tune,5,0.5711171813517892,1.4443941902436136e-06,0.6255900900984707
audit_development_fold2_4e6e57084417/audio_tune,6,0.48446175663181545,8.012033597971252e-07,0.6102324584688071
audit_development_fold2_4e6e57084417/attention_rank_42_refit,1,1.4869888246059417,3.5000000000000004e-05,
audit_development_fold2_4e6e57084417/attention_rank_42_refit,2,1.721491312980652,5.7272727272727274e-05,
audit_development_fold2_4e6e57084417/attention_rank_42_refit,3,1.3822516441345214,8.909090909090908e-05,
audit_development_fold2_4e6e57084417/attention_rank_42_refit,4,1.3532108962535858,0.00012090909090909091,
audit_development_fold2_4e6e57084417/attention_rank_42_refit,5,0.9604529917240143,0.00015272727272727272,
audit_development_fold2_4e6e57084417/attention_rank_42_refit,6,0.6847290724515915,0.00018454545454545451,
audit_development_fold2_4e6e57084417/attention_rank_42_refit,7,0.4735079795122147,0.00021636363636363636,
audit_development_fold2_4e6e57084417/attention_rank_42_refit,8,0.3180422008037567,0.0002481818181818182,
audit_development_fold2_4e6e57084417/attention_rank_42_refit,9,0.19658906236290932,0.00028000000000000003,
audit_development_fold2_4e6e57084417/attention_rank_42_refit,10,0.14604925289750098,0.0003118181818181818,
audit_development_fold2_4e6e57084417/attention_rank_42_refit,11,0.0821692442521453,0.0003436363636363636,
audit_development_fold2_4e6e57084417/attention_rank_42_refit,12,0.07141712494194508,0.00037545454545454546,
audit_development_fold2_4e6e57084417/attention_rank_42_refit,13,0.059209243208169934,0.00040727272727272726,
audit_development_fold2_4e6e57084417/attention_rank_42_refit,14,0.05416271984577179,0.0004390909090909091,
audit_development_fold2_4e6e57084417/attention_rank_42_refit,15,0.04449767135083675,0.0004709090909090909,
audit_development_fold2_4e6e57084417/attention_rank_42_refit,16,0.04789146184921265,0.0005027272727272727,
audit_development_fold2_4e6e57084417/attention_rank_42_refit,17,0.03562446590512991,0.0005345454545454545,
audit_development_fold2_4e6e57084417/attention_rank_42_refit,18,0.03656116258352995,0.0005663636363636363,
audit_development_fold2_4e6e57084417/attention_rank_42_refit,19,0.040683443937450645,0.0005981818181818181,
audit_development_fold2_4e6e57084417/attention_rank_42_refit,20,0.034861730970442296,0.00063,
audit_development_fold2_4e6e57084417/attention_rank_42_refit,21,0.04167662682011723,0.0006618181818181818,
audit_development_fold2_4e6e57084417/attention_rank_42_refit,22,0.036474027670919895,0.0006936363636363636,
audit_development_fold2_4e6e57084417/attention_rank_42_refit,23,0.029465239495038986,0.0006999805713985893,
audit_development_fold2_4e6e57084417/attention_rank_42_refit,24,0.028933380730450153,0.0006998854166713387,
audit_development_fold2_4e6e57084417/attention_rank_42_refit,25,0.023789489176124334,0.0006997109912243696,
audit_development_fold2_4e6e57084417/attention_rank_42_refit,26,0.023778146039694546,0.0006994573389683556,
audit_development_fold2_4e6e57084417/attention_rank_42_refit,27,0.023846532963216305,0.0006991245237588955,
audit_development_fold2_4e6e57084417/attention_rank_42_refit,28,0.02052860539406538,0.0006987126293804386,
audit_development_fold2_4e6e57084417/attention_rank_42_refit,29,0.024031941778957844,0.0006982217595251918,
audit_development_fold2_4e6e57084417/attention_rank_42_refit,30,0.02105179876089096,0.0006976520377670165,
audit_development_fold2_4e6e57084417/attention_rank_42_refit,31,0.018911152333021163,0.0006970036075303181,
audit_development_fold2_4e6e57084417/attention_rank_42_refit,32,0.01712961858138442,0.0006962766320539413,
audit_development_fold2_4e6e57084417/attention_rank_42_refit,33,0.018558753561228512,0.0006954712943500746,
audit_development_fold2_4e6e57084417/attention_rank_42_refit,34,0.02014646166935563,0.000694587797158178,
audit_development_fold2_4e6e57084417/attention_rank_42_refit,35,0.016090792138129473,0.0006936263628939451,
audit_development_fold2_4e6e57084417/attention_rank_42_refit,36,0.015264632413163781,0.0006925872335933103,
audit_development_fold2_4e6e57084417/attention_rank_42_refit,37,0.0171807412058115,0.000691470670851518,
audit_development_fold2_4e6e57084417/attention_rank_42_refit,38,0.013935680594295263,0.0006902769557572675,
audit_development_fold2_4e6e57084417/attention_rank_42_refit,39,0.014079720713198185,0.0006890063888219498,
audit_development_fold2_4e6e57084417/attention_rank_42_refit,40,0.012224691919982433,0.0006876592899039965,
audit_development_fold2_4e6e57084417/attention_rank_42_refit,41,0.011761529464274645,0.0006862359981283562,
audit_development_fold2_4e6e57084417/attention_rank_42_refit,42,0.011755113024264574,0.0006847368718011218,
audit_development_fold2_4e6e57084417/cross_modal_2026_tune,1,1.6075733751058578,3.5000000000000004e-05,0.8110527271686266
audit_development_fold2_4e6e57084417/cross_modal_2026_tune,2,1.0355336368083954,6.363636363636364e-05,0.6567434332642597
audit_development_fold2_4e6e57084417/cross_modal_2026_tune,3,0.8441810235381126,9.545454545454545e-05,0.6292850878373233
audit_development_fold2_4e6e57084417/cross_modal_2026_tune,4,0.7092887535691261,0.00012727272727272728,0.5882493176376273
audit_development_fold2_4e6e57084417/cross_modal_2026_tune,5,0.6325136572122574,0.00015909090909090907,0.5428584730704613
audit_development_fold2_4e6e57084417/cross_modal_2026_tune,6,0.569973386824131,0.0001909090909090909,0.5682078408008299
audit_development_fold2_4e6e57084417/cross_modal_2026_tune,7,0.4481753446161747,0.00022272727272727272,0.5738064231034652
audit_development_fold2_4e6e57084417/cross_modal_2026_tune,8,0.40085389092564583,0.00025454545454545456,0.5731184239168399
audit_development_fold2_4e6e57084417/cross_modal_2026_tune,9,0.3407641425728798,0.00028636363636363636,0.5555545094808255
audit_development_fold2_4e6e57084417/cross_modal_2026_tune,10,0.30577439442276955,0.00031818181818181815,0.5673331286611583
audit_development_fold2_4e6e57084417/cross_modal_2026_tune,11,0.2743490356951952,0.00035,0.5695661345869317
audit_development_fold2_4e6e57084417/cross_modal_2026_tune,12,0.24072357639670372,0.0003818181818181818,0.5661156272260467
audit_development_fold2_4e6e57084417/cross_modal_2026_tune,13,0.22151542268693447,0.00041363636363636364,0.5716257350938976
audit_development_fold2_4e6e57084417/cross_modal_2026_tune,14,0.21024999395012856,0.00044545454545454543,0.5575670543192346
audit_development_fold2_4e6e57084417/cross_modal_2026_tune,15,0.1707743350416422,0.0004772727272727272,0.5615423019461568
audit_development_fold2_4e6e57084417/cross_modal_2026_tune,16,0.17529400251805782,0.0005090909090909091,0.5604245801348011
audit_development_fold2_4e6e57084417/cross_modal_2026_tune,17,0.15904743410646915,0.0005409090909090909,0.5548362265840718
audit_development_fold2_4e6e57084417/cross_modal_2026_tune,18,0.13179703429341316,0.0005727272727272727,0.5501188634277852
audit_development_fold2_4e6e57084417/cross_modal_2026_tune,19,0.11815312039107084,0.0006045454545454545,0.5443207797027867
audit_development_fold2_4e6e57084417/cross_modal_2026_tune,20,0.10932214837521315,0.0006363636363636363,0.5395492790325456
audit_development_fold2_4e6e57084417/cross_modal_2026_tune,21,0.1164019200950861,0.0006681818181818182,0.557313634340504
audit_development_fold2_4e6e57084417/cross_modal_2026_tune,22,0.0871779527515173,0.0007,0.5604180595943857
audit_development_fold2_4e6e57084417/cross_modal_2026_tune,23,0.07064590323716402,0.0006999696429858325,0.5508353317581914
audit_development_fold2_4e6e57084417/cross_modal_2026_tune,24,0.06718294648453593,0.0006998606135890717,0.5563748668943072
audit_development_fold2_4e6e57084417/cross_modal_2026_tune,25,0.057539296336472034,0.0006996723197166356,0.5538791817899211
audit_development_fold2_4e6e57084417/cross_modal_2026_tune,26,0.05335651198402047,0.0006994048087704998,0.5634732025291458
audit_development_fold2_4e6e57084417/cross_modal_2026_tune,27,0.04853572929278016,0.0006990581480951143,0.558955496198467
audit_development_fold2_4e6e57084417/cross_modal_2026_tune,28,0.04602149687707424,0.0006986324249604505,0.5622133875231938
audit_development_fold2_4e6e57084417/cross_modal_2026_tune,29,0.04140045307576656,0.0006981277465400306,0.5723105472850263
audit_development_fold2_4e6e57084417/cross_modal_2026_tune,30,0.03620549105107784,0.0006975442398839483,0.5702284430910829
audit_development_fold2_4e6e57084417/cross_modal_2026_tune,31,0.03100661258213222,0.0006968820518868836,0.5554070101074057
audit_development_fold2_4e6e57084417/cross_modal_2026_tune,32,0.028618842363357544,0.0006961413492511237,0.551302365381649
audit_development_fold2_4e6e57084417/cross_modal_2026_tune,33,0.025279133580625057,0.0006953223184445961,0.5569521798294249
audit_development_fold2_4e6e57084417/cross_modal_2026_tune,34,0.025771308923140168,0.0006944251656539262,0.5679266065665183
audit_development_fold2_4e6e57084417/cross_modal_2026_tune,35,0.024668022990226746,0.0006934501167325313,0.5728087885983999
audit_development_fold2_4e6e57084417/cross_modal_2026_tune,36,0.020868989871814847,0.0006923974171437631,0.5666397770200251
audit_development_fold2_4e6e57084417/cross_modal_2026_tune,37,0.01830214774236083,0.0006912673318991136,0.5632368178263307
audit_development_fold2_4e6e57084417/cross_modal_2026_tune,38,0.0170067111030221,0.0006900601454914996,0.5639618938264347
audit_development_fold2_4e6e57084417/cross_modal_2026_tune,39,0.017120810924097896,0.0006887761618236437,0.5609499715771167
audit_development_fold2_4e6e57084417/cross_modal_2026_tune,40,0.015465873759239912,0.0006874157041315675,0.5580674806871604
audit_development_fold2_4e6e57084417/ordinal_2026_tune,1,2.686153382062912,3.5795454545454544e-05,1.3226737988583839
audit_development_fold2_4e6e57084417/ordinal_2026_tune,2,1.8795361816883087,6.363636363636364e-05,1.0524188044260112
audit_development_fold2_4e6e57084417/ordinal_2026_tune,3,1.3037752285599709,9.545454545454545e-05,0.8119542687064859
audit_development_fold2_4e6e57084417/ordinal_2026_tune,4,0.9756013378500938,0.00012727272727272728,0.701713369634919
audit_development_fold2_4e6e57084417/ordinal_2026_tune,5,0.7363220825791359,0.00015909090909090907,0.5995187268279885
audit_development_fold2_4e6e57084417/ordinal_2026_tune,6,0.5951632186770439,0.0001909090909090909,0.5515963701181892
audit_development_fold2_4e6e57084417/ordinal_2026_tune,7,0.47244902327656746,0.00022272727272727272,0.5411362294031664
audit_development_fold2_4e6e57084417/ordinal_2026_tune,8,0.3975021317601204,0.00025454545454545456,0.53305304174725
audit_development_fold2_4e6e57084417/ordinal_2026_tune,9,0.326747115701437,0.00028636363636363636,0.5448702924373767
audit_development_fold2_4e6e57084417/ordinal_2026_tune,10,0.27868410013616085,0.00031818181818181815,0.5362182918871986
audit_development_fold2_4e6e57084417/ordinal_2026_tune,11,0.22399216517806053,0.00035,0.5438231991433272
audit_development_fold2_4e6e57084417/ordinal_2026_tune,12,0.181316539645195,0.0003818181818181818,0.550052707985658
audit_development_fold2_4e6e57084417/ordinal_2026_tune,13,0.14819496497511864,0.00041363636363636364,0.5397925149946434
audit_development_fold2_4e6e57084417/ordinal_2026_tune,14,0.10885084047913551,0.00044545454545454543,0.5420146194782923
audit_development_fold2_4e6e57084417/ordinal_2026_tune,15,0.08900461066514254,0.0004772727272727272,0.5567730130873924
audit_development_fold2_4e6e57084417/ordinal_2026_tune,16,0.06773500051349401,0.0005090909090909091,0.5591372218148508
audit_development_fold2_4e6e57084417/ordinal_2026_tune,17,0.049186576157808304,0.0005409090909090909,0.5696878459496757
audit_development_fold2_4e6e57084417/ordinal_2026_tune,18,0.04261379409581423,0.0005727272727272727,0.5859958239205718
audit_development_fold2_4e6e57084417/ordinal_2026_tune,19,0.029755364870652556,0.0006045454545454545,0.5908599170139168
audit_development_fold2_4e6e57084417/ordinal_2026_tune,20,0.022818666649982333,0.0006363636363636363,0.6154243735985827
audit_development_fold2_4e6e57084417/ordinal_2026_tune,21,0.018465130240656435,0.0006681818181818182,0.6582303686726879
audit_development_fold2_4e6e57084417/ordinal_2026_tune,22,0.014544573845341802,0.0007,0.6705974251311055
audit_development_fold2_4e6e57084417/ordinal_2026_tune,23,0.01204015634721145,0.0006999696429858325,0.6687014438354224
audit_development_fold2_4e6e57084417/ordinal_2026_tune,24,0.010752279427833855,0.0006998606135890717,0.6610381396348216
audit_development_fold2_4e6e57084417/ordinal_2026_tune,25,0.009659354924224317,0.0006996723197166356,0.6711747108163981
audit_development_fold2_4e6e57084417/ordinal_2026_tune,26,0.006971970433369279,0.0006994048087704998,0.6799379053762044
audit_development_fold2_4e6e57084417/ordinal_2026_tune,27,0.00587111251661554,0.0006990581480951143,0.6792577868853931
audit_development_fold2_4e6e57084417/ordinal_2026_tune,28,0.00545459013665095,0.0006986324249604505,0.6818694568164257
audit_development_fold2_4e6e57084417/ordinal_42_tune,1,2.124934673309326,3.5795454545454544e-05,1.1148002485239061
audit_development_fold2_4e6e57084417/ordinal_42_tune,2,1.5679273456335068,6.761363636363636e-05,0.9278388833631626
audit_development_fold2_4e6e57084417/ordinal_42_tune,3,1.217407003045082,9.943181818181819e-05,0.7686306086574479
audit_development_fold2_4e6e57084417/ordinal_42_tune,4,0.8954041078686714,0.00013125,0.6523677154929852
audit_development_fold2_4e6e57084417/ordinal_42_tune,5,0.6846964806318283,0.0001630681818181818,0.5953274027760763
audit_development_fold2_4e6e57084417/ordinal_42_tune,6,0.5257196314632893,0.0001948863636363636,0.5346331029862073
audit_development_fold2_4e6e57084417/ordinal_42_tune,7,0.4331766106188297,0.00022670454545454545,0.5147443093456315
audit_development_fold2_4e6e57084417/ordinal_42_tune,8,0.36665287613868713,0.0002585227272727273,0.5342869648645296
audit_development_fold2_4e6e57084417/ordinal_42_tune,9,0.2893888149410486,0.0002903409090909091,0.5425243426063695
audit_development_fold2_4e6e57084417/ordinal_42_tune,10,0.24356790259480476,0.0003221590909090909,0.5393589901971437
audit_development_fold2_4e6e57084417/ordinal_42_tune,11,0.19171918742358685,0.00035397727272727273,0.5467635390081863
audit_development_fold2_4e6e57084417/ordinal_42_tune,12,0.16255893371999264,0.00038579545454545453,0.5452761203962019
audit_development_fold2_4e6e57084417/ordinal_42_tune,13,0.1410246966406703,0.0004176136363636363,0.5437432617803907
audit_development_fold2_4e6e57084417/ordinal_42_tune,14,0.10750966984778643,0.0004494318181818182,0.5502923266389534
audit_development_fold2_4e6e57084417/ordinal_42_tune,15,0.0868441816419363,0.00048125,0.5751170956865617
audit_development_fold2_4e6e57084417/ordinal_42_tune,16,0.061879475601017475,0.0005130681818181818,0.5827070501611188
audit_development_fold2_4e6e57084417/ordinal_42_tune,17,0.052741138730198145,0.0005448863636363636,0.5995778428908012
audit_development_fold2_4e6e57084417/ordinal_42_tune,18,0.037647791439667344,0.0005767045454545454,0.5952043993841921
audit_development_fold2_4e6e57084417/ordinal_42_tune,19,0.029597694519907236,0.0006085227272727272,0.5885952618942236
audit_development_fold2_4e6e57084417/ordinal_42_tune,20,0.025840447284281254,0.0006403409090909091,0.6043873686586907
audit_development_fold2_4e6e57084417/ordinal_42_tune,21,0.021734415902756155,0.0006721590909090909,0.6105869479235176
audit_development_fold2_4e6e57084417/ordinal_42_tune,22,0.022858627955429256,0.0007,0.6150008330217148
audit_development_fold2_4e6e57084417/ordinal_42_tune,23,0.016886359662748873,0.0006999603502172707,0.6395128782815823
audit_development_fold2_4e6e57084417/ordinal_42_tune,24,0.018507076310925186,0.0006998414108507033,0.6605738060146755
audit_development_fold2_4e6e57084417/ordinal_42_tune,25,0.020062768482603133,0.0006996432118426475,0.670363932371712
audit_development_fold2_4e6e57084417/ordinal_42_tune,26,0.020684718154370785,0.0006993658030886436,0.6578247529556218
audit_development_fold2_4e6e57084417/ordinal_42_tune,27,0.02555081178434193,0.0006990092544248618,0.6619433502157264
audit_development_fold2_4e6e57084417/attention_rank_42_tune,1,1.5417014360427856,3.5000000000000004e-05,1.2282039918572656
audit_development_fold2_4e6e57084417/attention_rank_42_tune,2,1.5389831066131592,5.96590909090909e-05,1.2109787111135146
audit_development_fold2_4e6e57084417/attention_rank_42_tune,3,1.4495799243450165,9.147727272727272e-05,1.1716648141873438
audit_development_fold2_4e6e57084417/attention_rank_42_tune,4,1.3398663401603699,0.00012329545454545454,1.101923950302626
audit_development_fold2_4e6e57084417/attention_rank_42_tune,5,1.0758909061551094,0.00015511363636363636,1.0017651298653352
audit_development_fold2_4e6e57084417/attention_rank_42_tune,6,0.8441817201673985,0.00018693181818181816,0.8854380234116501
audit_development_fold2_4e6e57084417/attention_rank_42_tune,7,0.579729326069355,0.00021875,0.7766154439353179
audit_development_fold2_4e6e57084417/attention_rank_42_tune,8,0.412126611918211,0.0002505681818181818,0.7000684528785442
audit_development_fold2_4e6e57084417/attention_rank_42_tune,9,0.3229847401380539,0.0002823863636363636,0.6491405079007416
audit_development_fold2_4e6e57084417/attention_rank_42_tune,10,0.1966369478031993,0.00031420454545454547,0.6061532926232381
audit_development_fold2_4e6e57084417/attention_rank_42_tune,11,0.13791780173778534,0.00034602272727272726,0.5719161779330347
audit_development_fold2_4e6e57084417/attention_rank_42_tune,12,0.09435564884915948,0.0003778409090909091,0.5540455684258904
audit_development_fold2_4e6e57084417/attention_rank_42_tune,13,0.06014922074973583,0.0004096590909090909,0.5322544262934685
audit_development_fold2_4e6e57084417/attention_rank_42_tune,14,0.06676873844116926,0.00044147727272727275,0.5360639188856423
audit_development_fold2_4e6e57084417/attention_rank_42_tune,15,0.05098262894898653,0.00047329545454545454,0.5161566822679097
audit_development_fold2_4e6e57084417/attention_rank_42_tune,16,0.041962527204304934,0.0005051136363636363,0.5197806401931199
audit_development_fold2_4e6e57084417/attention_rank_42_tune,17,0.03511775401420891,0.0005369318181818182,0.5248509545559344
audit_development_fold2_4e6e57084417/attention_rank_42_tune,18,0.02822912111878395,0.00056875,0.5166689858021731
audit_development_fold2_4e6e57084417/attention_rank_42_tune,19,0.022684979252517223,0.0006005681818181818,0.5156579396708509
audit_development_fold2_4e6e57084417/attention_rank_42_tune,20,0.02739495667628944,0.0006323863636363636,0.5176548775414437
audit_development_fold2_4e6e57084417/attention_rank_42_tune,21,0.027858997229486704,0.0006642045454545454,0.5161879977314072
audit_development_fold2_4e6e57084417/attention_rank_42_tune,22,0.02999501465819776,0.0006960227272727272,0.5236613553309338
audit_development_fold2_4e6e57084417/attention_rank_42_tune,23,0.026978063164278865,0.0006999776967925075,0.5184997210820084
audit_development_fold2_4e6e57084417/attention_rank_42_tune,24,0.026515501318499446,0.0006998785777944304,0.513308337920672
audit_development_fold2_4e6e57084417/attention_rank_42_tune,25,0.02692783297970891,0.0006997001897982852,0.5135756291965244
audit_development_fold2_4e6e57084417/attention_rank_42_tune,26,0.023384348955005407,0.0006994425777122963,0.5121741907775436
audit_development_fold2_4e6e57084417/attention_rank_42_tune,27,0.022507415153086185,0.0006991058063889286,0.5168407113292374
audit_development_fold2_4e6e57084417/attention_rank_42_tune,28,0.01631651574280113,0.000698689960608562,0.5140134196708879
audit_development_fold2_4e6e57084417/attention_rank_42_tune,29,0.018645978183485568,0.0006981951450581477,0.5099897058186054
audit_development_fold2_4e6e57084417/attention_rank_42_tune,30,0.017155322711914778,0.0006976214843048543,0.506806902506063
audit_development_fold2_4e6e57084417/attention_rank_42_tune,31,0.016455393168143928,0.0006969691227647086,0.50578358919942
audit_development_fold2_4e6e57084417/attention_rank_42_tune,32,0.018708420684561133,0.00069623822466624,0.5050031499289926
audit_development_fold2_4e6e57084417/attention_rank_42_tune,33,0.018238632939755917,0.0006954289740091357,0.5006529250983418
audit_development_fold2_4e6e57084417/attention_rank_42_tune,34,0.01871148927602917,0.0006945415745179214,0.5006210236854217
audit_development_fold2_4e6e57084417/attention_rank_42_tune,35,0.015024249441921711,0.0006935762495906731,0.49859258088105696
audit_development_fold2_4e6e57084417/attention_rank_42_tune,36,0.013152033905498683,0.000692533242242779,0.494971680176754
audit_development_fold2_4e6e57084417/attention_rank_42_tune,37,0.012140463921241462,0.0006914128150457612,0.495855672188562
audit_development_fold2_4e6e57084417/attention_rank_42_tune,38,0.013177392189390957,0.0006902152500611748,0.49675995040113446
audit_development_fold2_4e6e57084417/attention_rank_42_tune,39,0.013364718877710402,0.0006889408487696005,0.49482380023314426
audit_development_fold2_4e6e57084417/attention_rank_42_tune,40,0.012684004381299019,0.0006875899319947479,0.49359889946486507
audit_development_fold2_4e6e57084417/attention_rank_42_tune,41,0.013721692259423435,0.000686162839822691,0.49367882989313194
audit_development_fold2_4e6e57084417/attention_rank_42_tune,42,0.013024101965129375,0.0006846599315162526,0.4917598841968639
audit_development_fold2_4e6e57084417/attention_rank_42_tune,43,0.012907032389193773,0.0006830815854245611,0.4929859995466578
audit_development_fold2_4e6e57084417/attention_rank_42_tune,44,0.012137464014813304,0.000681428198887805,0.4938327729094311
audit_development_fold2_4e6e57084417/attention_rank_42_tune,45,0.011752035934478045,0.0006797001881372026,0.49339458214131193
audit_development_fold2_4e6e57084417/attention_rank_42_tune,46,0.011699481983669102,0.0006778979881902198,0.4927778024848129
audit_development_fold2_4e6e57084417/attention_rank_42_tune,47,0.010140260914340615,0.0006760220527410553,0.49295191224219226
audit_development_fold2_4e6e57084417/attention_rank_42_tune,48,0.010320398607291281,0.0006740728540464265,0.49314979143407006
audit_development_fold2_4e6e57084417/attention_rank_42_tune,49,0.00959776679519564,0.0006720508828066807,0.4935157272660391
audit_development_fold2_4e6e57084417/attention_rank_42_tune,50,0.009592964663170278,0.0006699566480422649,0.4935733414954002
audit_development_fold2_4e6e57084417/attention_rank_42_tune,51,0.009672909625805914,0.0006677906769655814,0.49274415401257604
audit_development_fold2_4e6e57084417/attention_rank_42_tune,52,0.009546589222736657,0.0006655535148482655,0.4929090059049054
audit_development_fold2_4e6e57084417/attention_rank_42_tune,53,0.01008309901226312,0.0006632457248839168,0.49321782619507193
audit_development_fold2_4e6e57084417/attention_rank_42_tune,54,0.010236204252578318,0.0006608678880463171,0.4929184715795003
audit_development_fold2_4e6e57084417/attention_rank_42_tune,55,0.009932956309057772,0.0006584206029431744,0.49327691911152793
audit_development_fold2_4e6e57084417/attention_rank_42_tune,56,0.010337222251109779,0.0006559044856654256,0.49282009561265555
audit_development_fold2_4e6e57084417/attention_rank_42_tune,57,0.009303297149017453,0.0006533201696321401,0.49285381238133863
audit_development_fold2_4e6e57084417/attention_rank_42_tune,58,0.009477372164838016,0.000650668305431059,0.493012481698348
audit_development_fold2_4e6e57084417/attention_rank_42_tune,59,0.00924074207432568,0.0006479495606548133,0.4934311220758389
audit_development_fold2_4e6e57084417/attention_rank_42_tune,60,0.009042481309734285,0.0006451646197328612,0.4933499402963816
audit_development_fold2_4e6e57084417/attention_rank_42_tune,61,0.009338655276224017,0.0006423141837591867,0.4934594518132842
audit_development_fold2_4e6e57084417/attention_rank_42_tune,62,0.009343474172055721,0.0006393989703158029,0.4934489690214257
audit_development_fold2_4e6e57084417/audio_refit,1,1.4166079888444976,7.91974003213631e-06,
audit_development_fold2_4e6e57084417/audio_refit,2,0.9435130757783804,6.925309595742756e-06,
audit_development_fold2_4e6e57084417/audio_refit,3,0.8142013738119821,5.099990742438095e-06,
audit_development_fold2_4e6e57084417/audio_refit,4,0.676548294026678,3.0443578710750846e-06,
audit_development_fold2_4e6e57084417/audio_refit,5,0.5785368881124251,1.4347643068526023e-06,
audit_development_fold2_4e6e57084417/audio_refit,6,0.49368425788050263,8.008055697424333e-07,
audit_development_fold2_4e6e57084417/attention_rank_2026_tune,1,1.5580393224954605,3.5000000000000004e-05,1.2303187736671908
audit_development_fold2_4e6e57084417/attention_rank_2026_tune,2,1.520421028137207,5.96590909090909e-05,1.2158591192065036
audit_development_fold2_4e6e57084417/attention_rank_2026_tune,3,1.4372433871030807,9.147727272727272e-05,1.1818955927846355
audit_development_fold2_4e6e57084417/attention_rank_2026_tune,4,1.3247500956058502,0.00012329545454545454,1.1162729327941154
audit_development_fold2_4e6e57084417/attention_rank_2026_tune,5,1.139180675148964,0.00015511363636363636,1.0157008780686636
audit_development_fold2_4e6e57084417/attention_rank_2026_tune,6,0.8516066931188107,0.00018693181818181816,0.8953969763186762
audit_development_fold2_4e6e57084417/attention_rank_2026_tune,7,0.6018685922026634,0.00021875,0.7794578683418849
audit_development_fold2_4e6e57084417/attention_rank_2026_tune,8,0.4463243633508682,0.0002505681818181818,0.6871395944264458
audit_development_fold2_4e6e57084417/attention_rank_2026_tune,9,0.30349860340356827,0.0002823863636363636,0.6306681151155018
audit_development_fold2_4e6e57084417/attention_rank_2026_tune,10,0.18261734768748283,0.00031420454545454547,0.5843572936283448
audit_development_fold2_4e6e57084417/attention_rank_2026_tune,11,0.10632294975221157,0.00034602272727272726,0.5505471965545885
audit_development_fold2_4e6e57084417/attention_rank_2026_tune,12,0.09098845394328237,0.0003778409090909091,0.5276016084214938
audit_development_fold2_4e6e57084417/attention_rank_2026_tune,13,0.07497725076973438,0.0004096590909090909,0.5069296646381701
audit_development_fold2_4e6e57084417/attention_rank_2026_tune,14,0.05253442982211709,0.00044147727272727275,0.5084495522930423
audit_development_fold2_4e6e57084417/attention_rank_2026_tune,15,0.047018643002957106,0.00047329545454545454,0.5143566268666305
audit_development_fold2_4e6e57084417/attention_rank_2026_tune,16,0.048486190382391214,0.0005051136363636363,0.509768466727857
audit_development_fold2_4e6e57084417/attention_rank_2026_tune,17,0.045895237009972334,0.0005369318181818182,0.5099474163125323
audit_development_fold2_4e6e57084417/attention_rank_2026_tune,18,0.0384865237865597,0.00056875,0.5123578606156378
audit_development_fold2_4e6e57084417/attention_rank_2026_tune,19,0.03993606544099748,0.0006005681818181818,0.5077488815736281
audit_development_fold2_4e6e57084417/attention_rank_2026_tune,20,0.035845844773575664,0.0006323863636363636,0.5063207420429595
audit_development_fold2_4e6e57084417/attention_rank_2026_tune,21,0.030493424739688635,0.0006642045454545454,0.50717067255053
audit_development_fold2_4e6e57084417/attention_rank_2026_tune,22,0.024951433762907982,0.0006960227272727272,0.507074371216688
audit_development_fold2_4e6e57084417/attention_rank_2026_tune,23,0.022162650944665074,0.0006999776967925075,0.5062737348607967
audit_development_fold2_4e6e57084417/attention_rank_2026_tune,24,0.019138911156915128,0.0006998785777944304,0.5077276261077092
audit_development_fold2_4e6e57084417/attention_rank_2026_tune,25,0.02156891208142042,0.0006997001897982852,0.5077265086257083
audit_development_fold2_4e6e57084417/attention_rank_2026_tune,26,0.020071487640962005,0.0006994425777122963,0.5071093065172715
audit_development_fold2_4e6e57084417/attention_rank_2026_tune,27,0.017620584229007363,0.0006991058063889286,0.5094882079427743
audit_development_fold2_4e6e57084417/attention_rank_2026_tune,28,0.01818857027683407,0.000698689960608562,0.5090315971584246
audit_development_fold2_4e6e57084417/attention_rank_2026_tune,29,0.01732950925361365,0.0006981951450581477,0.5060940468450529
audit_development_fold2_4e6e57084417/attention_rank_2026_tune,30,0.016161252977326512,0.0006976214843048543,0.5041265656425152
audit_development_fold2_4e6e57084417/attention_rank_2026_tune,31,0.01472101523540914,0.0006969691227647086,0.5025870598255482
audit_development_fold2_4e6e57084417/attention_rank_2026_tune,32,0.015063775470480323,0.00069623822466624,0.5026410164539464
audit_development_fold2_4e6e57084417/attention_rank_2026_tune,33,0.01527433330193162,0.0006954289740091357,0.501219084168695
audit_development_fold2_4e6e57084417/attention_rank_2026_tune,34,0.013032645569182932,0.0006945415745179214,0.498371042062723
audit_development_fold2_4e6e57084417/attention_rank_2026_tune,35,0.013067541876807809,0.0006935762495906731,0.49655585190734297
audit_development_fold2_4e6e57084417/attention_rank_2026_tune,36,0.012401772080920637,0.000692533242242779,0.49484210925221633
audit_development_fold2_4e6e57084417/attention_rank_2026_tune,37,0.012717913603410125,0.0006914128150457612,0.49633320941807785
audit_development_fold2_4e6e57084417/attention_rank_2026_tune,38,0.01282505295239389,0.0006902152500611748,0.49526805101691085
audit_development_fold2_4e6e57084417/attention_rank_2026_tune,39,0.011454944033175707,0.0006889408487696005,0.4950618012418282
audit_development_fold2_4e6e57084417/attention_rank_2026_tune,40,0.01128763344604522,0.0006875899319947479,0.4943106037307446
audit_development_fold2_4e6e57084417/attention_rank_2026_tune,41,0.011723134201020002,0.000686162839822691,0.4934497518747198
audit_development_fold2_4e6e57084417/attention_rank_2026_tune,42,0.011483653681352735,0.0006846599315162526,0.4930997048024287
audit_development_fold2_4e6e57084417/attention_rank_2026_tune,43,0.01128140278160572,0.0006830815854245611,0.4932205307469598
audit_development_fold2_4e6e57084417/attention_rank_2026_tune,44,0.010378570877946913,0.000681428198887805,0.49398214698334125
audit_development_fold2_4e6e57084417/attention_rank_2026_tune,45,0.010632887249812484,0.0006797001881372026,0.4935375703445224
audit_development_fold2_4e6e57084417/attention_rank_2026_tune,46,0.010763361933641136,0.0006778979881902198,0.4931323253393936
audit_development_fold2_4e6e57084417/attention_rank_2026_tune,47,0.010019326698966324,0.0006760220527410553,0.49333300739172725
audit_development_fold2_4e6e57084417/attention_rank_2026_tune,48,0.010330043965950608,0.0006740728540464265,0.49328196046561273
audit_development_fold2_4e6e57084417/attention_rank_2026_tune,49,0.010666692163795233,0.0006720508828066807,0.4933070318715221
audit_development_fold2_4e6e57084417/attention_rank_2026_tune,50,0.011094838031567633,0.0006699566480422649,0.49277727578816916
audit_development_fold2_4e6e57084417/attention_rank_2026_tune,51,0.010365618974901736,0.0006677906769655814,0.49310001082124516
audit_development_fold2_4e6e57084417/attention_rank_2026_tune,52,0.010358174913562834,0.0006655535148482655,0.4929496470181086
audit_development_fold2_4e6e57084417/attention_rank_2026_tune,53,0.011469139251857996,0.0006632457248839168,0.49304624652120677
audit_development_fold2_4e6e57084417/attention_rank_2026_tune,54,0.010606020456179976,0.0006608678880463171,0.4924894927463599
audit_development_fold2_4e6e57084417/attention_rank_2026_tune,55,0.01066000817809254,0.0006584206029431744,0.4924135124174559
audit_development_fold2_4e6e57084417/attention_rank_2026_tune,56,0.011242491193115711,0.0006559044856654256,0.49208692949170313
audit_development_fold2_4e6e57084417/attention_rank_2026_tune,57,0.01008021633606404,0.0006533201696321401,0.4920307605035494
audit_development_fold2_4e6e57084417/attention_rank_2026_tune,58,0.009976871777325869,0.000650668305431059,0.49197339503232423
audit_development_fold2_4e6e57084417/attention_rank_2026_tune,59,0.01008469529915601,0.0006479495606548133,0.4908659462917978
audit_development_fold2_4e6e57084417/attention_rank_2026_tune,60,0.010252301814034581,0.0006451646197328612,0.4906226005147978
audit_development_fold2_4e6e57084417/attention_rank_2026_tune,61,0.011740979622118175,0.0006423141837591867,0.4899278136532074
audit_development_fold2_4e6e57084417/attention_rank_2026_tune,62,0.011108690057881176,0.0006393989703158029,0.4899025323494858
audit_development_fold2_4e6e57084417/attention_rank_2026_tune,63,0.010641354252584279,0.0006364197132921042,0.4902622615695806
audit_development_fold2_4e6e57084417/attention_rank_2026_tune,64,0.010399360326118767,0.0006333771627001139,0.49052113081942367
audit_development_fold2_4e6e57084417/attention_rank_2026_tune,65,0.010011497302912176,0.0006302720844856729,0.49008154320413916
audit_development_fold2_4e6e57084417/attention_rank_2026_tune,66,0.009743878617882729,0.0006271052603356164,0.48989903327484796
audit_development_fold2_4e6e57084417/attention_rank_2026_tune,67,0.010105780558660626,0.0006238774874809888,0.4904446732512447
audit_development_fold2_4e6e57084417/attention_rank_2026_tune,68,0.009873546834569424,0.0006205895784963451,0.49075782390890604
audit_development_fold2_4e6e57084417/attention_rank_2026_tune,69,0.009621402074117213,0.0006172423610951891,0.49049607698841163
audit_development_fold2_4e6e57084417/attention_rank_2026_tune,70,0.009815919562242925,0.0006138366779216014,0.49074716041356564
audit_development_fold2_4e6e57084417/attention_rank_2026_tune,71,0.0098915989510715,0.0006103733863381083,0.4917211824148358
audit_development_fold2_4e6e57084417/attention_rank_2026_tune,72,0.00934205122757703,0.0006068533582098452,0.4921793692700744
audit_development_fold2_4e6e57084417/attention_rank_2026_tune,73,0.009358792565762997,0.0006032774796850692,0.4911627545801753
audit_development_fold2_4e6e57084417/attention_rank_2026_tune,74,0.009346266509965062,0.0005996466509720757,0.49102689286173457
audit_development_fold2_4e6e57084417/attention_rank_2026_tune,75,0.00952016212977469,0.0005959617861125767,0.4912179415095698
audit_development_fold2_4e6e57084417/attention_rank_2026_tune,76,0.008607205585576594,0.0005922238127515948,0.4913038983776963
audit_development_fold2_4e6e57084417/attention_rank_2026_tune,77,0.008820424089208245,0.0005884336719039337,0.4912501955279232
audit_development_fold2_4e6e57084417/attention_rank_2026_tune,78,0.008388248854316771,0.0005845923177172834,0.4908471692384849
audit_development_fold2_4e6e57084417/attention_rank_2026_tune,79,0.008611924189608544,0.0005807007172320175,0.49082274692747174
audit_development_fold2_4e6e57084417/attention_rank_2026_tune,80,0.008684709202498198,0.000576759850137747,0.49060461384411785
audit_development_fold2_4e6e57084417/attention_rank_2026_tune,81,0.008327836636453867,0.0005727707085266881,0.4905755655779086
audit_development_fold2_4e6e57084417/residual_42_refit,1,1.4664383113384247,3.5000000000000004e-05,
audit_development_fold2_4e6e57084417/residual_42_refit,2,1.701169455051422,5.7272727272727274e-05,
audit_development_fold2_4e6e57084417/residual_42_refit,3,1.3636154532432556,8.909090909090908e-05,
audit_development_fold2_4e6e57084417/residual_42_refit,4,1.337335866689682,0.00012090909090909091,
audit_development_fold2_4e6e57084417/residual_42_refit,5,0.9479354441165924,0.00015272727272727272,
audit_development_fold2_4e6e57084417/residual_42_refit,6,0.6767020285129547,0.00018454545454545451,
audit_development_fold2_4e6e57084417/residual_42_refit,7,0.46798114776611327,0.00021636363636363636,
audit_development_fold2_4e6e57084417/residual_42_refit,8,0.31955346912145616,0.0002481818181818182,
audit_development_fold2_4e6e57084417/residual_42_refit,9,0.19783378019928932,0.00028000000000000003,
audit_development_fold2_4e6e57084417/residual_42_refit,10,0.13905380219221114,0.0003118181818181818,
audit_development_fold2_4e6e57084417/residual_42_refit,11,0.08094625920057297,0.0003436363636363636,
audit_development_fold2_4e6e57084417/residual_42_refit,12,0.0634669978171587,0.00037545454545454546,
audit_development_fold2_4e6e57084417/residual_42_refit,13,0.05587633363902569,0.00040727272727272726,
audit_development_fold2_4e6e57084417/residual_42_refit,14,0.06210814751684666,0.0004390909090909091,
audit_development_fold2_4e6e57084417/residual_42_refit,15,0.048419729620218274,0.0004709090909090909,
audit_development_fold2_4e6e57084417/residual_42_refit,16,0.037576735392212866,0.0005027272727272727,
audit_development_fold2_4e6e57084417/residual_42_refit,17,0.02522795060649514,0.0005345454545454545,
audit_development_fold2_4e6e57084417/residual_42_refit,18,0.029815993271768093,0.0005663636363636363,
audit_development_fold2_4e6e57084417/residual_42_refit,19,0.025480709783732892,0.0005981818181818181,
audit_development_fold2_4e6e57084417/residual_42_refit,20,0.019452192867174745,0.00063,
audit_development_fold2_4e6e57084417/residual_42_refit,21,0.02559365229681134,0.0006618181818181818,
audit_development_fold2_4e6e57084417/residual_42_refit,22,0.02077340125106275,0.0006936363636363636,
audit_development_fold2_4e6e57084417/residual_42_refit,23,0.01804320150986314,0.0006999805713985893,
audit_development_fold2_4e6e57084417/residual_42_refit,24,0.020126997027546167,0.0006998854166713387,
audit_development_fold2_4e6e57084417/residual_42_refit,25,0.020502313505858183,0.0006997109912243696,
audit_development_fold2_4e6e57084417/residual_42_refit,26,0.021420161239802837,0.0006994573389683556,
audit_development_fold2_4e6e57084417/residual_42_refit,27,0.016854205913841725,0.0006991245237588955,
audit_development_fold2_4e6e57084417/residual_42_refit,28,0.013379134284332395,0.0006987126293804386,
audit_development_fold2_4e6e57084417/residual_42_refit,29,0.011694654077291488,0.0006982217595251918,
audit_development_fold2_4e6e57084417/residual_42_refit,30,0.012100552767515182,0.0006976520377670165,
audit_development_fold2_4e6e57084417/residual_42_refit,31,0.013796055130660534,0.0006970036075303181,
audit_development_fold2_4e6e57084417/residual_42_refit,32,0.012538896460318938,0.0006962766320539413,
audit_development_fold2_4e6e57084417/residual_42_refit,33,0.011267122137360275,0.0006954712943500746,
audit_development_fold2_4e6e57084417/residual_42_refit,34,0.009430097881704569,0.000694587797158178,
audit_development_fold2_4e6e57084417/residual_42_refit,35,0.009716641996055842,0.0006936263628939451,
audit_development_fold2_4e6e57084417/residual_42_refit,36,0.008630513539537787,0.0006925872335933103,
audit_development_fold2_4e6e57084417/residual_42_refit,37,0.008419826440513135,0.000691470670851518,
audit_development_fold2_4e6e57084417/residual_42_refit,38,0.007266191672533751,0.0006902769557572675,
audit_development_fold2_4e6e57084417/residual_42_refit,39,0.006614210712723434,0.0006890063888219498,
audit_development_fold2_4e6e57084417/residual_42_refit,40,0.005530489608645439,0.0006876592899039965,
audit_development_fold2_4e6e57084417/residual_42_refit,41,0.0055640709470026195,0.0006862359981283562,
audit_development_fold2_4e6e57084417/residual_42_refit,42,0.005762759945355356,0.0006847368718011218,
audit_development_fold2_4e6e57084417/residual_42_refit,43,0.005438613356091082,0.0006831622883193293,
audit_development_fold2_4e6e57084417/residual_42_refit,44,0.007483517844229936,0.0006815126440759499,
audit_development_fold2_4e6e57084417/residual_42_refit,45,0.005648748739622534,0.0006797883543600999,
audit_development_fold2_4e6e57084417/residual_42_refit,46,0.004810025403276086,0.0006779898532524941,
audit_development_fold2_4e6e57084417/residual_42_refit,47,0.005262520629912615,0.0006761175935161686,
audit_development_fold2_4e6e57084417/residual_42_refit,48,0.006606266205199063,0.0006741720464824995,
audit_development_fold2_4e6e57084417/residual_42_refit,49,0.0048662649234756826,0.0006721537019325482,
audit_development_fold2_4e6e57084417/residual_42_refit,50,0.005373952724039554,0.0006700630679737616,
audit_development_fold2_4e6e57084417/residual_42_refit,51,0.007750663859769702,0.0006679006709120588,
audit_development_fold2_4e6e57084417/residual_42_refit,52,0.004620976652950049,0.0006656670551193358,
audit_development_fold2_4e6e57084417/residual_42_refit,53,0.0047058337833732365,0.0006633627828964239,
audit_development_fold2_4e6e57084417/residual_42_refit,54,0.004711988777853548,0.0006609884343315324,
audit_development_fold2_4e6e57084417/residual_42_refit,55,0.004046013648621738,0.0006585446071542151,
audit_development_fold2_4e6e57084417/residual_42_refit,56,0.004582170979119837,0.000656031916584895,
audit_development_fold2_4e6e57084417/residual_42_refit,57,0.004127970384433866,0.0006534509951799855,
audit_development_fold2_4e6e57084417/residual_42_refit,58,0.006749890535138548,0.0006508024926726483,
audit_development_fold2_4e6e57084417/residual_42_refit,59,0.0062070193234831095,0.0006480870758092261,
audit_development_fold2_4e6e57084417/residual_42_refit,60,0.007308020954951644,0.0006453054281813928,
audit_development_fold2_4e6e57084417/residual_42_refit,61,0.006963686179369688,0.0006424582500540631,
audit_development_fold2_4e6e57084417/residual_42_refit,62,0.0041068756952881815,0.0006395462581891048,
audit_development_fold2_4e6e57084417/residual_42_refit,63,0.003500705142505467,0.0006365701856648972,
audit_development_fold2_4e6e57084417/residual_42_refit,64,0.0031799042830243708,0.000633530781691783,
audit_development_fold2_4e6e57084417/residual_42_refit,65,0.002867102582240477,0.0006304288114234582,
audit_development_fold2_4e6e57084417/residual_42_refit,66,0.0027098289108835162,0.0006272650557643496,
audit_development_fold2_4e6e57084417/residual_42_refit,67,0.0027702266816049814,0.0006240403111730254,
audit_development_fold2_4e6e57084417/residual_42_refit,68,0.003570129175204784,0.0006207553894616912,
audit_development_fold2_4e6e57084417/residual_42_refit,69,0.003964982624165714,0.0006174111175918208,
audit_development_fold2_4e6e57084417/residual_42_refit,70,0.004892172059044242,0.0006140083374659732,
audit_development_fold2_4e6e57084417/residual_42_refit,71,0.003730900050140917,0.000610547905715848,
audit_development_fold2_4e6e57084417/residual_42_refit,72,0.0037687462754547596,0.0006070306934866326,
audit_development_fold2_4e6e57084417/residual_42_refit,73,0.003900589724071324,0.0006034575862176966,
audit_development_fold2_4e6e57084417/residual_42_refit,74,0.003756244829855859,0.0005998294834196871,
audit_development_fold2_4e6e57084417/residual_42_refit,75,0.003797638206742704,0.0005961472984480808,
audit_development_fold2_4e6e57084417/residual_42_refit,76,0.004723465070128441,0.0005924119582732532,
audit_development_fold2_4e6e57084417/residual_42_refit,77,0.004384843842126429,0.0005886244032471178,
audit_development_fold2_4e6e57084417/residual_42_refit,78,0.004194440261926502,0.0005847855868663973,
audit_development_fold2_4e6e57084417/residual_42_refit,79,0.003326664795167744,0.0005808964755325865,
audit_development_fold2_4e6e57084417/residual_42_refit,80,0.002766510169021785,0.0005769580483086658,
audit_development_fold2_4e6e57084417/residual_42_refit,81,0.002771741827018559,0.000572971296672627,
audit_development_fold2_4e6e57084417/residual_42_refit,82,0.0028320449288003146,0.0005689372242678745,
audit_development_fold2_4e6e57084417/residual_42_refit,83,0.002757605188526213,0.0005648568466505628,
audit_development_fold2_4e6e57084417/residual_42_refit,84,0.0036414254689589145,0.0005607311910339364,
audit_development_fold2_4e6e57084417/residual_42_refit,85,0.0030665951548144222,0.0005565612960297335,
audit_development_fold2_4e6e57084417/residual_42_refit,86,0.0029555246699601414,0.0005523482113867222,
audit_development_fold2_4e6e57084417/residual_42_refit,87,0.0025191852007992567,0.0005480929977264306,
audit_development_fold2_4e6e57084417/residual_42_refit,88,0.001773642934858799,0.000543796726276142,
audit_development_fold2_4e6e57084417/residual_42_refit,89,0.0014869895996525884,0.0005394604785992186,
audit_development_fold2_4e6e57084417/residual_42_refit,90,0.0013084293954307214,0.000535085346322824,
audit_development_fold2_4e6e57084417/residual_42_refit,91,0.0016187161905691027,0.0005306724308631114,
audit_development_fold2_4e6e57084417/residual_42_refit,92,0.0017639986326685175,0.0005262228431479488,
audit_development_fold2_4e6e57084417/residual_42_refit,93,0.001324493990978226,0.0005217377033372481,
audit_development_fold2_4e6e57084417/residual_42_refit,94,0.0011377776856534183,0.0005172181405409715,
audit_development_fold2_4e6e57084417/ordinal_2026_refit,1,2.731886899471283,3.5000000000000004e-05,
audit_development_fold2_4e6e57084417/ordinal_2026_refit,2,1.7314295053482056,6.363636363636364e-05,
audit_development_fold2_4e6e57084417/ordinal_2026_refit,3,1.1504127025604247,9.545454545454545e-05,
audit_development_fold2_4e6e57084417/ordinal_2026_refit,4,0.8551389634609222,0.00012727272727272728,
audit_development_fold2_4e6e57084417/ordinal_2026_refit,5,0.6722135901451111,0.00015909090909090907,
audit_development_fold2_4e6e57084417/ordinal_2026_refit,6,0.5544005900621414,0.0001909090909090909,
audit_development_fold2_4e6e57084417/ordinal_2026_refit,7,0.4270134150981903,0.00022272727272727272,
audit_development_fold2_4e6e57084417/ordinal_2026_refit,8,0.35178890228271487,0.00025454545454545456,
audit_development_fold2_4e6e57084417/text_tune,1,1.5459379365547699,9.99238671222071e-06,0.6472059282260542
audit_development_fold2_4e6e57084417/text_tune,2,0.7953307475028586,9.4609062603105e-06,0.6365550592640852
audit_development_fold2_4e6e57084417/text_tune,3,0.6088580930141174,8.187213662662539e-06,0.581921823587429
audit_development_fold2_4e6e57084417/text_tune,4,0.4981809713687299,6.409979075494172e-06,0.5441343839203928
audit_development_fold2_4e6e57084417/text_tune,5,0.4443176205136946,4.462228581659019e-06,0.5375023525578243
audit_development_fold2_4e6e57084417/text_tune,6,0.43457052562417103,2.7089402892928307e-06,0.5326675880572994
audit_development_fold2_4e6e57084417/text_tune,7,0.3636091454893726,1.4786531185446455e-06,0.5530832516759366
audit_development_fold2_4e6e57084417/text_tune,8,0.33328688471038054,1.0019037246300975e-06,0.5591063520348201
audit_development_fold2_4e6e57084417/residual_2026_refit,1,1.5545365929603576,3.5000000000000004e-05,
audit_development_fold2_4e6e57084417/residual_2026_refit,2,1.4596423923969268,5.7272727272727274e-05,
audit_development_fold2_4e6e57084417/residual_2026_refit,3,1.5689342617988586,8.909090909090908e-05,
audit_development_fold2_4e6e57084417/residual_2026_refit,4,1.1877100616693497,0.00012090909090909091,
audit_development_fold2_4e6e57084417/residual_2026_refit,5,1.0086308002471924,0.00015272727272727272,
audit_development_fold2_4e6e57084417/residual_2026_refit,6,0.7244886428117752,0.00018454545454545451,
audit_development_fold2_4e6e57084417/residual_2026_refit,7,0.49304502457380295,0.00021636363636363636,
audit_development_fold2_4e6e57084417/residual_2026_refit,8,0.4388006255030632,0.0002481818181818182,
audit_development_fold2_4e6e57084417/residual_2026_refit,9,0.22206087615340947,0.00028000000000000003,
audit_development_fold2_4e6e57084417/residual_2026_refit,10,0.1912147469818592,0.0003118181818181818,
audit_development_fold2_4e6e57084417/residual_2026_refit,11,0.12033715993165969,0.0003436363636363636,
audit_development_fold2_4e6e57084417/residual_2026_refit,12,0.08092178851366043,0.00037545454545454546,
audit_development_fold2_4e6e57084417/residual_2026_refit,13,0.05690941475331783,0.00040727272727272726,
audit_development_fold2_4e6e57084417/residual_2026_tune,1,1.5372923165559769,3.5000000000000004e-05,1.230319283888506
audit_development_fold2_4e6e57084417/residual_2026_tune,2,1.4999406039714813,5.96590909090909e-05,1.2158740915025754
audit_development_fold2_4e6e57084417/residual_2026_tune,3,1.417568601667881,9.147727272727272e-05,1.1820975258253132
audit_development_fold2_4e6e57084417/residual_2026_tune,4,1.307520903646946,0.00012329545454545454,1.117361369400991
audit_development_fold2_4e6e57084417/residual_2026_tune,5,1.124658040702343,0.00015511363636363636,1.0180237313262952
audit_development_fold2_4e6e57084417/residual_2026_tune,6,0.8422050029039383,0.00018693181818181816,0.8987894127966958
audit_development_fold2_4e6e57084417/residual_2026_tune,7,0.5950239486992359,0.00021875,0.7845779961954531
audit_development_fold2_4e6e57084417/residual_2026_tune,8,0.4335399866104126,0.0002505681818181818,0.6949866134345103
audit_development_fold2_4e6e57084417/residual_2026_tune,9,0.2973175588995218,0.0002823863636363636,0.6351932096569565
audit_development_fold2_4e6e57084417/residual_2026_tune,10,0.17859091749414802,0.00031420454545454547,0.5881211165751764
audit_development_fold2_4e6e57084417/residual_2026_tune,11,0.10630183108150959,0.00034602272727272726,0.5404927509597073
audit_development_fold2_4e6e57084417/residual_2026_tune,12,0.09345717914402485,0.0003778409090909091,0.5140321254764498
audit_development_fold2_4e6e57084417/residual_2026_tune,13,0.07116543501615524,0.0004096590909090909,0.4945782402119973
audit_development_fold2_4e6e57084417/residual_2026_tune,14,0.04745010635815561,0.00044147727272727275,0.4977038692856401
audit_development_fold2_4e6e57084417/residual_2026_tune,15,0.04066619509831071,0.00047329545454545454,0.503746422863585
audit_development_fold2_4e6e57084417/residual_2026_tune,16,0.039302881341427565,0.0005051136363636363,0.5061261637986599
audit_development_fold2_4e6e57084417/residual_2026_tune,17,0.03946929192170501,0.0005369318181818182,0.509380471663116
audit_development_fold2_4e6e57084417/residual_2026_tune,18,0.03126289788633585,0.00056875,0.5102689912590198
audit_development_fold2_4e6e57084417/residual_2026_tune,19,0.0332196275703609,0.0006005681818181818,0.5024272215007815
audit_development_fold2_4e6e57084417/residual_2026_tune,20,0.03756524436175823,0.0006323863636363636,0.5055023032360676
audit_development_fold2_4e6e57084417/residual_2026_tune,21,0.02622797037474811,0.0006642045454545454,0.5057461037867721
audit_development_fold2_4e6e57084417/residual_2026_tune,22,0.02334675402380526,0.0006960227272727272,0.5024627201625605
audit_development_fold2_4e6e57084417/residual_2026_tune,23,0.016473307739943266,0.0006999776967925075,0.5051854960736625
audit_development_fold2_4e6e57084417/residual_2026_tune,24,0.014444593689404428,0.0006998785777944304,0.5047073292789999
audit_development_fold2_4e6e57084417/residual_2026_tune,25,0.0142866934183985,0.0006997001897982852,0.502981939340461
audit_development_fold2_4e6e57084417/residual_2026_tune,26,0.013269099174067378,0.0006994425777122963,0.5022975429747306
audit_development_fold2_4e6e57084417/residual_2026_tune,27,0.01388031430542469,0.0006991058063889286,0.5044265679493702
audit_development_fold2_4e6e57084417/residual_2026_tune,28,0.009921521705109626,0.000698689960608562,0.506109419826123
audit_development_fold2_4e6e57084417/residual_2026_tune,29,0.009737257962115109,0.0006981951450581477,0.506013286300674
audit_development_fold2_4e6e57084417/residual_2026_tune,30,0.008664785651490092,0.0006976214843048543,0.5043291442215923
audit_development_fold2_4e6e57084417/residual_2026_tune,31,0.00814601348247379,0.0006969691227647086,0.5053655071342823
audit_development_fold2_4e6e57084417/residual_2026_tune,32,0.007852432579966262,0.00069623822466624,0.5064860968239802
audit_development_fold2_4e6e57084417/residual_2026_tune,33,0.006892588105984032,0.0006954289740091357,0.5071613538657894
audit_development_fold2_4e6e57084417/residual_42_tune,1,1.52109195291996,3.5000000000000004e-05,1.2282956522463995
audit_development_fold2_4e6e57084417/residual_42_tune,2,1.5189193487167358,5.96590909090909e-05,1.2111003425113591
audit_development_fold2_4e6e57084417/residual_42_tune,3,1.4305341243743896,9.147727272727272e-05,1.1724028429504414
audit_development_fold2_4e6e57084417/residual_42_tune,4,1.3232256025075912,0.00012329545454545454,1.1031978983478805
audit_development_fold2_4e6e57084417/residual_42_tune,5,1.0621362701058388,0.00015511363636363636,1.0039598072742293
audit_development_fold2_4e6e57084417/residual_42_tune,6,0.8338506147265434,0.00018693181818181816,0.8884253433340107
audit_development_fold2_4e6e57084417/residual_42_tune,7,0.5733601897954941,0.00021875,0.7843867199921696
audit_development_fold2_4e6e57084417/residual_42_tune,8,0.4092551153153181,0.0002505681818181818,0.7080237118331549
audit_development_fold2_4e6e57084417/residual_42_tune,9,0.316832035779953,0.0002823863636363636,0.6462229836638922
audit_development_fold2_4e6e57084417/residual_42_tune,10,0.19510329701006413,0.00031420454545454547,0.6025122852236039
audit_development_fold2_4e6e57084417/residual_42_tune,11,0.1412790035828948,0.00034602272727272726,0.5773922808466181
audit_development_fold2_4e6e57084417/residual_42_tune,12,0.09666270250454545,0.0003778409090909091,0.5615768368596669
audit_development_fold2_4e6e57084417/residual_42_tune,13,0.06807547155767679,0.0004096590909090909,0.5344062264609354
audit_development_fold2_4e6e57084417/residual_42_tune,14,0.048615240724757314,0.00044147727272727275,0.5303850098146519
audit_development_fold2_4e6e57084417/residual_42_tune,15,0.0386332927737385,0.00047329545454545454,0.5186129767338904
audit_development_fold2_4e6e57084417/residual_42_tune,16,0.032310025533661246,0.0005051136363636363,0.5122134800736401
audit_development_fold2_4e6e57084417/residual_42_tune,17,0.03168460773304105,0.0005369318181818182,0.5145006875514795
audit_development_fold2_4e6e57084417/residual_42_tune,18,0.02211027662269771,0.00056875,0.5128712401594335
audit_development_fold2_4e6e57084417/residual_42_tune,19,0.023888608324341476,0.0006005681818181818,0.5161388954547683
audit_development_fold2_4e6e57084417/residual_42_tune,20,0.026559301652014256,0.0006323863636363636,0.5113603754479791
audit_development_fold2_4e6e57084417/residual_42_tune,21,0.024364027427509427,0.0006642045454545454,0.5116535528215302
audit_development_fold2_4e6e57084417/residual_42_tune,22,0.01945370063185692,0.0006960227272727272,0.5123147887147992
audit_development_fold2_4e6e57084417/residual_42_tune,23,0.022520318627357483,0.0006999776967925075,0.5085078484825585
audit_development_fold2_4e6e57084417/residual_42_tune,24,0.018343007075600326,0.0006998785777944304,0.5044767862946897
audit_development_fold2_4e6e57084417/residual_42_tune,25,0.015740421717055142,0.0006997001897982852,0.5041351741646076
audit_development_fold2_4e6e57084417/residual_42_tune,26,0.013398470473475754,0.0006994425777122963,0.5024325194298331
audit_development_fold2_4e6e57084417/residual_42_tune,27,0.011286983615718782,0.0006991058063889286,0.5073285167204045
audit_development_fold2_4e6e57084417/residual_42_tune,28,0.011371911270543933,0.000698689960608562,0.5066338608897084
audit_development_fold2_4e6e57084417/residual_42_tune,29,0.014701588195748627,0.0006981951450581477,0.504368015445763
audit_development_fold2_4e6e57084417/residual_42_tune,30,0.009100010967813432,0.0006976214843048543,0.5065569279108022
audit_development_fold2_4e6e57084417/residual_42_tune,31,0.007751761353574693,0.0006969691227647086,0.508827604877005
audit_development_fold2_4e6e57084417/residual_42_tune,32,0.0087812744313851,0.00069623822466624,0.5063729181233854
audit_development_fold2_4e6e57084417/residual_42_tune,33,0.006983718718402088,0.0006954289740091357,0.5016234034144801
audit_development_fold2_4e6e57084417/residual_42_tune,34,0.006669412017799914,0.0006945415745179214,0.5016343771704235
audit_development_fold2_4e6e57084417/residual_42_tune,35,0.005514483229489997,0.0006935762495906731,0.5023290855841168
audit_development_fold2_4e6e57084417/residual_42_tune,36,0.004543055809335783,0.000692533242242779,0.5012756444366091
audit_development_fold2_4e6e57084417/residual_42_tune,37,0.00566549930954352,0.0006914128150457612,0.5009313432082023
audit_development_fold2_4e6e57084417/residual_42_tune,38,0.0055507494253106415,0.0006902152500611748,0.5024368802682925
audit_development_fold2_4e6e57084417/residual_42_tune,39,0.00436715770047158,0.0006889408487696005,0.5008913376606059
audit_development_fold2_4e6e57084417/residual_42_tune,40,0.003754135046619922,0.0006875899319947479,0.4994058700653033
audit_development_fold2_4e6e57084417/residual_42_tune,41,0.004109797766432166,0.000686162839822691,0.49879659624139855
audit_development_fold2_4e6e57084417/residual_42_tune,42,0.003572368441382423,0.0006846599315162526,0.4979035694681532
audit_development_fold2_4e6e57084417/residual_42_tune,43,0.0038888038834556937,0.0006830815854245611,0.4980180426664603
audit_development_fold2_4e6e57084417/residual_42_tune,44,0.0038506224809680134,0.000681428198887805,0.49769128076116576
audit_development_fold2_4e6e57084417/residual_42_tune,45,0.0033116124395746738,0.0006797001881372026,0.4959664315912512
audit_development_fold2_4e6e57084417/residual_42_tune,46,0.004649328329833224,0.0006778979881902198,0.49483093607397144
audit_development_fold2_4e6e57084417/residual_42_tune,47,0.003276449133409187,0.0006760220527410553,0.49463675571135424
audit_development_fold2_4e6e57084417/residual_42_tune,48,0.0030307716806419194,0.0006740728540464265,0.49472387545370616
audit_development_fold2_4e6e57084417/residual_42_tune,49,0.0028494561556726694,0.0006720508828066807,0.49395704874618884
audit_development_fold2_4e6e57084417/residual_42_tune,50,0.002911394345574081,0.0006699566480422649,0.49372970131026644
audit_development_fold2_4e6e57084417/residual_42_tune,51,0.002805195574183017,0.0006677906769655814,0.4929211165479293
audit_development_fold2_4e6e57084417/residual_42_tune,52,0.0023677279968978837,0.0006655535148482655,0.49351487113465203
audit_development_fold2_4e6e57084417/residual_42_tune,53,0.003120665642200038,0.0006632457248839168,0.49426687502696187
audit_development_fold2_4e6e57084417/residual_42_tune,54,0.002918113808846101,0.0006608678880463171,0.4935193352319953
audit_development_fold2_4e6e57084417/residual_42_tune,55,0.0027237506583333015,0.0006584206029431744,0.49302886245595084
audit_development_fold2_4e6e57084417/residual_42_tune,56,0.00261623045662418,0.0006559044856654256,0.4927345624909955
audit_development_fold2_4e6e57084417/residual_42_tune,57,0.0024373386841034517,0.0006533201696321401,0.49247463834343536
audit_development_fold2_4e6e57084417/residual_42_tune,58,0.0027099579601781443,0.000650668305431059,0.49236874484461246
audit_development_fold2_4e6e57084417/residual_42_tune,59,0.002092616428853944,0.0006479495606548133,0.492097036530243
audit_development_fold2_4e6e57084417/residual_42_tune,60,0.0020430477161426097,0.0006451646197328612,0.49218789243002237
audit_development_fold2_4e6e57084417/residual_42_tune,61,0.0022861932957312092,0.0006423141837591867,0.492617771044046
audit_development_fold2_4e6e57084417/residual_42_tune,62,0.002321092484635301,0.0006393989703158029,0.4926434521003561
audit_development_fold2_4e6e57084417/residual_42_tune,63,0.0022516153403557837,0.0006364197132921042,0.4915670815520266
audit_development_fold2_4e6e57084417/residual_42_tune,64,0.002432984532788396,0.0006333771627001139,0.492046523795389
audit_development_fold2_4e6e57084417/residual_42_tune,65,0.0024968465004349127,0.0006302720844856729,0.4920928171122106
audit_development_fold2_4e6e57084417/residual_42_tune,66,0.0028974194719921798,0.0006271052603356164,0.49246439197600983
audit_development_fold2_4e6e57084417/residual_42_tune,67,0.0025494216388324276,0.0006238774874809888,0.4922838076596246
audit_development_fold2_4e6e57084417/residual_42_tune,68,0.002232844562968239,0.0006205895784963451,0.49244327349121336
audit_development_fold2_4e6e57084417/residual_42_tune,69,0.001808355882531032,0.0006172423610951891,0.4922564770340188
audit_development_fold2_4e6e57084417/residual_42_tune,70,0.0019998675998067483,0.0006138366779216014,0.4920085683675013
audit_development_fold2_4e6e57084417/residual_42_tune,71,0.001391146710375324,0.0006103733863381083,0.4917486655351766
audit_development_fold2_4e6e57084417/residual_42_tune,72,0.0013814717531204224,0.0006068533582098452,0.49217142236351796
audit_development_fold2_4e6e57084417/residual_42_tune,73,0.0014070552206248976,0.0006032774796850692,0.49203550794497436
audit_development_fold2_4e6e57084417/residual_42_tune,74,0.0014624472605646588,0.0005996466509720757,0.49153009605036946
audit_development_fold2_4e6e57084417/residual_42_tune,75,0.0015403533761855215,0.0005959617861125767,0.49150741465333403
audit_development_fold2_4e6e57084417/residual_42_tune,76,0.0015812908241059631,0.0005922238127515948,0.49152366136946807
audit_development_fold2_4e6e57084417/residual_42_tune,77,0.0014825996477156878,0.0005884336719039337,0.4911008016771479
audit_development_fold2_4e6e57084417/residual_42_tune,78,0.001714219237328507,0.0005845923177172834,0.4911939677223571
audit_development_fold2_4e6e57084417/residual_42_tune,79,0.0015042022641864605,0.0005807007172320175,0.4916700663541466
audit_development_fold2_4e6e57084417/residual_42_tune,80,0.0015625426458427683,0.000576759850137747,0.4923451948791575
audit_development_fold2_4e6e57084417/residual_42_tune,81,0.0015151219995459542,0.0005727707085266881,0.4922847394980819
audit_development_fold2_4e6e57084417/residual_42_tune,82,0.001888660917757079,0.0005687342966439084,0.49230771611472707
audit_development_fold2_4e6e57084417/residual_42_tune,83,0.0012956046120962128,0.0005646516306345137,0.4922927704011524
audit_development_fold2_4e6e57084417/residual_42_tune,84,0.001411043354892172,0.0005605237382878388,0.4923232253377734
audit_development_fold2_4e6e57084417/residual_42_tune,85,0.0014515509101329371,0.000556351658778707,0.49237873577023294
audit_development_fold2_4e6e57084417/residual_42_tune,86,0.0011649574589682743,0.0005521364424058235,0.4918423960953568
audit_development_fold2_4e6e57084417/residual_42_tune,87,0.0012438230405678041,0.0005478791503273682,0.49179547781878175
audit_development_fold2_4e6e57084417/residual_42_tune,88,0.001008884260954801,0.0005435808542938551,0.49201178254759015
audit_development_fold2_4e6e57084417/residual_42_tune,89,0.001372005521261599,0.0005392426363783243,0.491700314347979
audit_development_fold2_4e6e57084417/residual_42_tune,90,0.0016695428203092888,0.0005348655887039362,0.4914843637800898
audit_development_fold2_4e6e57084417/residual_42_tune,91,0.001224947438458912,0.0005304508131690357,0.4914477527923582
audit_development_fold2_4e6e57084417/residual_42_tune,92,0.0010582757968222722,0.0005259994211697544,0.49088212816622045
audit_development_fold2_4e6e57084417/residual_42_tune,93,0.0013120965741109103,0.0005215125333202234,0.4906742931437047
audit_development_fold2_4e6e57084417/residual_42_tune,94,0.0011863459658343345,0.0005169912791704639,0.49021207691500623
audit_development_fold2_4e6e57084417/residual_42_tune,95,0.0011456272331997752,0.0005124367969220296,0.49046024138701544
audit_development_fold2_4e6e57084417/residual_42_tune,96,0.001151746830146294,0.0005078502331414703,0.4905510928319289
audit_development_fold2_4e6e57084417/residual_42_tune,97,0.0009982921765185893,0.00050323274247169,0.49104888352543535
audit_development_fold2_4e6e57084417/residual_42_tune,98,0.001399408960423898,0.0004985854873412717,0.4912284596240647
audit_development_fold2_4e6e57084417/residual_42_tune,99,0.001121224784583319,0.0004939096376718419,0.4912233971952007
audit_development_fold2_4e6e57084417/residual_42_tune,100,0.0010420829494250938,0.0004892063705835498,0.4914071839938562
audit_development_fold2_4e6e57084417/residual_42_tune,101,0.0009708767320262268,0.0004844768700987329,0.4912512521951743
audit_development_fold2_4e6e57084417/residual_42_tune,102,0.0009753544145496562,0.00047972232684384596,0.49122492084432756
audit_development_fold2_4e6e57084417/residual_42_tune,103,0.0012737023498630151,0.0004749439377497276,0.49128140311461954
audit_development_fold2_4e6e57084417/residual_42_tune,104,0.0010839529568329453,0.00047014290575027844,0.4913751491035169
audit_development_fold2_4e6e57084417/residual_42_tune,105,0.0007665818702662364,0.0004653204394796295,0.491319095304529
audit_development_fold2_4e6e57084417/residual_42_tune,106,0.0008526758683728985,0.00046047775296787527,0.4914062504913176
audit_development_fold2_4e6e57084417/residual_42_tune,107,0.000894262244401034,0.00045561606533544755,0.4915091584686989
audit_development_fold2_4e6e57084417/residual_42_tune,108,0.0007745529946987517,0.00045073660048620875,0.49149032002300186
audit_development_fold2_4e6e57084417/residual_42_tune,109,0.0006356039630190935,0.0004458405867993403,0.491804633554615
audit_development_fold2_4e6e57084417/residual_42_tune,110,0.0008244048076448962,0.0004409292568201056,0.49163927630642135
audit_development_fold2_4e6e57084417/residual_42_tune,111,0.0007939155111671425,0.00043600384694956194,0.4912325267317901
audit_development_fold2_4e6e57084417/residual_42_tune,112,0.0006311649558483623,0.00043106559713330456,0.49138694133057886
audit_development_fold2_4e6e57084417/residual_42_tune,113,0.0005823039682582021,0.0004261157505493163,0.4915581792536404
audit_development_fold2_4e6e57084417/residual_42_tune,114,0.0006474806759797502,0.0004211555532950039,0.49152317016899205
audit_development_fold2_4e6e57084417/text_refit,1,1.5409557907543052,9.99094004412348e-06,
audit_development_fold2_4e6e57084417/text_refit,2,0.7616950904420756,9.449555453052652e-06,
audit_development_fold2_4e6e57084417/text_refit,3,0.6061753643027276,8.168085680745883e-06,
audit_development_fold2_4e6e57084417/text_refit,4,0.5072031263197951,6.3866582048293e-06,
audit_development_fold2_4e6e57084417/text_refit,5,0.43445695699577075,4.439084790207577e-06,
audit_development_fold2_4e6e57084417/text_refit,6,0.37046417425848,2.690310363129716e-06,
audit_development_fold2_4e6e57084417/attention_rank_2026_refit,1,1.5753478288650513,3.5000000000000004e-05,
audit_development_fold2_4e6e57084417/attention_rank_2026_refit,2,1.4800417959690093,5.7272727272727274e-05,
audit_development_fold2_4e6e57084417/attention_rank_2026_refit,3,1.588245940208435,8.909090909090908e-05,
audit_development_fold2_4e6e57084417/attention_rank_2026_refit,4,1.2063222706317902,0.00012090909090909091,
audit_development_fold2_4e6e57084417/attention_rank_2026_refit,5,1.023280817270279,0.00015272727272727272,
audit_development_fold2_4e6e57084417/attention_rank_2026_refit,6,0.7331137537956238,0.00018454545454545451,
audit_development_fold2_4e6e57084417/attention_rank_2026_refit,7,0.4967257231473923,0.00021636363636363636,
audit_development_fold2_4e6e57084417/attention_rank_2026_refit,8,0.44700349122285843,0.0002481818181818182,
audit_development_fold2_4e6e57084417/attention_rank_2026_refit,9,0.23570055402815343,0.00028000000000000003,
audit_development_fold2_4e6e57084417/attention_rank_2026_refit,10,0.19240194857120513,0.0003118181818181818,
audit_development_fold2_4e6e57084417/attention_rank_2026_refit,11,0.1250750407576561,0.0003436363636363636,
audit_development_fold2_4e6e57084417/attention_rank_2026_refit,12,0.08619455173611641,0.00037545454545454546,
audit_development_fold2_4e6e57084417/attention_rank_2026_refit,13,0.06089219767600298,0.00040727272727272726,
audit_development_fold2_4e6e57084417/attention_rank_2026_refit,14,0.06043478175997734,0.0004390909090909091,
audit_development_fold2_4e6e57084417/attention_rank_2026_refit,15,0.05528527498245239,0.0004709090909090909,
audit_development_fold2_4e6e57084417/attention_rank_2026_refit,16,0.04160175658762455,0.0005027272727272727,
audit_development_fold2_4e6e57084417/attention_rank_2026_refit,17,0.03990561179816723,0.0005345454545454545,
audit_development_fold2_4e6e57084417/attention_rank_2026_refit,18,0.035268868878483774,0.0005663636363636363,
audit_development_fold2_4e6e57084417/attention_rank_2026_refit,19,0.04174747467041016,0.0005981818181818181,
audit_development_fold2_4e6e57084417/attention_rank_2026_refit,20,0.03084045760333538,0.00063,
audit_development_fold2_4e6e57084417/attention_rank_2026_refit,21,0.029057588987052442,0.0006618181818181818,
audit_development_fold2_4e6e57084417/attention_rank_2026_refit,22,0.026645855605602266,0.0006936363636363636,
audit_development_fold2_4e6e57084417/attention_rank_2026_refit,23,0.028403108566999437,0.0006999805713985893,
audit_development_fold2_4e6e57084417/attention_rank_2026_refit,24,0.02802190613001585,0.0006998854166713387,
audit_development_fold2_4e6e57084417/attention_rank_2026_refit,25,0.02432106751948595,0.0006997109912243696,
audit_development_fold2_4e6e57084417/attention_rank_2026_refit,26,0.023467115312814712,0.0006994573389683556,
audit_development_fold2_4e6e57084417/attention_rank_2026_refit,27,0.024182642251253127,0.0006991245237588955,
audit_development_fold2_4e6e57084417/attention_rank_2026_refit,28,0.022503365809097887,0.0006987126293804386,
audit_development_fold2_4e6e57084417/attention_rank_2026_refit,29,0.02396637834608555,0.0006982217595251918,
audit_development_fold2_4e6e57084417/attention_rank_2026_refit,30,0.018694688379764558,0.0006976520377670165,
audit_development_fold2_4e6e57084417/attention_rank_2026_refit,31,0.022210173681378363,0.0006970036075303181,
audit_development_fold2_4e6e57084417/attention_rank_2026_refit,32,0.022488628514111042,0.0006962766320539413,
audit_development_fold2_4e6e57084417/attention_rank_2026_refit,33,0.02357556764036417,0.0006954712943500746,
audit_development_fold2_4e6e57084417/attention_rank_2026_refit,34,0.017246021889150143,0.000694587797158178,
audit_development_fold2_4e6e57084417/attention_rank_2026_refit,35,0.015132599230855703,0.0006936263628939451,
audit_development_fold2_4e6e57084417/attention_rank_2026_refit,36,0.013920603226870299,0.0006925872335933103,
audit_development_fold2_4e6e57084417/attention_rank_2026_refit,37,0.01290913438424468,0.000691470670851518,
audit_development_fold2_4e6e57084417/attention_rank_2026_refit,38,0.013309824746102095,0.0006902769557572675,
audit_development_fold2_4e6e57084417/attention_rank_2026_refit,39,0.013950786646455526,0.0006890063888219498,
audit_development_fold2_4e6e57084417/attention_rank_2026_refit,40,0.013687049318104983,0.0006876592899039965,
audit_development_fold2_4e6e57084417/attention_rank_2026_refit,41,0.013879655674099923,0.0006862359981283562,
audit_development_fold2_4e6e57084417/attention_rank_2026_refit,42,0.01226381966844201,0.0006847368718011218,
audit_development_fold2_4e6e57084417/attention_rank_2026_refit,43,0.0122903011739254,0.0006831622883193293,
audit_development_fold2_4e6e57084417/attention_rank_2026_refit,44,0.011767149157822131,0.0006815126440759499,
audit_development_fold2_4e6e57084417/attention_rank_2026_refit,45,0.010689129307866096,0.0006797883543600999,
audit_development_fold2_4e6e57084417/attention_rank_2026_refit,46,0.010297727771103382,0.0006779898532524941,
audit_development_fold2_4e6e57084417/attention_rank_2026_refit,47,0.012515301164239646,0.0006761175935161686,
audit_development_fold2_4e6e57084417/attention_rank_2026_refit,48,0.014465041272342206,0.0006741720464824995,
audit_development_fold2_4e6e57084417/attention_rank_2026_refit,49,0.012873249873518944,0.0006721537019325482,
audit_development_fold2_4e6e57084417/attention_rank_2026_refit,50,0.014732842706143856,0.0006700630679737616,
audit_development_fold2_4e6e57084417/attention_rank_2026_refit,51,0.013411449734121561,0.0006679006709120588,
audit_development_fold2_4e6e57084417/attention_rank_2026_refit,52,0.012203713692724705,0.0006656670551193358,
audit_development_fold2_4e6e57084417/attention_rank_2026_refit,53,0.011694418359547853,0.0006633627828964239,
audit_development_fold2_4e6e57084417/attention_rank_2026_refit,54,0.010536072496324777,0.0006609884343315324,
audit_development_fold2_4e6e57084417/attention_rank_2026_refit,55,0.009998522745445371,0.0006585446071542151,
audit_development_fold2_4e6e57084417/attention_rank_2026_refit,56,0.01056635808199644,0.000656031916584895,
audit_development_fold2_4e6e57084417/attention_rank_2026_refit,57,0.010402301605790854,0.0006534509951799855,
audit_development_fold2_4e6e57084417/attention_rank_2026_refit,58,0.010317727411165833,0.0006508024926726483,
audit_development_fold2_4e6e57084417/attention_rank_2026_refit,59,0.010766624193638562,0.0006480870758092261,
audit_development_fold2_4e6e57084417/attention_rank_2026_refit,60,0.011666832491755486,0.0006453054281813928,
audit_development_fold2_4e6e57084417/attention_rank_2026_refit,61,0.01180186839774251,0.0006424582500540631,
audit_development_fold1_1eb5abbc89fa/cross_modal_2026_refit,1,1.568127655982971,3.5000000000000004e-05,
audit_development_fold1_1eb5abbc89fa/cross_modal_2026_refit,2,1.0961264431476594,6.363636363636364e-05,
audit_development_fold1_1eb5abbc89fa/cross_modal_2026_refit,3,0.9145294547080993,9.227272727272726e-05,
audit_development_fold1_1eb5abbc89fa/cross_modal_2026_refit,4,0.7427826225757599,0.0001240909090909091,
audit_development_fold1_1eb5abbc89fa/cross_modal_2026_refit,5,0.6173014581203461,0.0001559090909090909,
audit_development_fold1_1eb5abbc89fa/cross_modal_2026_refit,6,0.5375083416700364,0.00018772727272727273,
audit_development_fold1_1eb5abbc89fa/cross_modal_2026_refit,7,0.4521937757730484,0.00021954545454545455,
audit_development_fold1_1eb5abbc89fa/cross_modal_2026_refit,8,0.4147758364677429,0.00025136363636363637,
audit_development_fold1_1eb5abbc89fa/cross_modal_2026_refit,9,0.3950273483991623,0.00028318181818181817,
audit_development_fold1_1eb5abbc89fa/cross_modal_2026_refit,10,0.3349682122468948,0.000315,
audit_development_fold1_1eb5abbc89fa/cross_modal_2026_refit,11,0.2985422283411026,0.0003468181818181818,
audit_development_fold1_1eb5abbc89fa/cross_modal_2026_refit,12,0.27700370699167254,0.0003786363636363636,
audit_development_fold1_1eb5abbc89fa/cross_modal_2026_refit,13,0.23022381365299224,0.0004104545454545454,
audit_development_fold1_1eb5abbc89fa/cross_modal_42_tune,1,2.119519144296646,3.5000000000000004e-05,0.8680112231155831
audit_development_fold1_1eb5abbc89fa/cross_modal_42_tune,2,1.2420765459537506,5.96590909090909e-05,0.7470030230638282
audit_development_fold1_1eb5abbc89fa/cross_modal_42_tune,3,0.9362616017460823,9.147727272727272e-05,0.6429362318220633
audit_development_fold1_1eb5abbc89fa/cross_modal_42_tune,4,0.8002119436860085,0.00012329545454545454,0.5731348975174599
audit_development_fold1_1eb5abbc89fa/cross_modal_42_tune,5,0.6555225774645805,0.00015511363636363636,0.5471552378447251
audit_development_fold1_1eb5abbc89fa/cross_modal_42_tune,6,0.5789776407182217,0.00018693181818181816,0.5624353684602603
audit_development_fold1_1eb5abbc89fa/cross_modal_42_tune,7,0.4795869216322899,0.00021875,0.5730205270918023
audit_development_fold1_1eb5abbc89fa/cross_modal_42_tune,8,0.4270695671439171,0.0002505681818181818,0.5741438616141706
audit_development_fold1_1eb5abbc89fa/cross_modal_42_tune,9,0.37712206691503525,0.0002823863636363636,0.5771533363108171
audit_development_fold1_1eb5abbc89fa/cross_modal_42_tune,10,0.3309360072016716,0.00031420454545454547,0.5828754035691267
audit_development_fold1_1eb5abbc89fa/cross_modal_42_tune,11,0.31162217631936073,0.00034602272727272726,0.57294224909508
audit_development_fold1_1eb5abbc89fa/cross_modal_42_tune,12,0.274611359462142,0.0003778409090909091,0.5795868259741593
audit_development_fold1_1eb5abbc89fa/cross_modal_42_tune,13,0.25267983973026276,0.0004096590909090909,0.5788653824049939
audit_development_fold1_1eb5abbc89fa/cross_modal_42_tune,14,0.21159825287759304,0.00044147727272727275,0.5722429415705371
audit_development_fold1_1eb5abbc89fa/cross_modal_42_tune,15,0.19361269287765026,0.00047329545454545454,0.5720603855083076
audit_development_fold1_1eb5abbc89fa/cross_modal_42_tune,16,0.18903713300824165,0.0005051136363636363,0.5830781130137301
audit_development_fold1_1eb5abbc89fa/cross_modal_42_tune,17,0.1787205208092928,0.0005369318181818182,0.547139893869903
audit_development_fold1_1eb5abbc89fa/cross_modal_42_tune,18,0.15870938263833523,0.00056875,0.544214897748256
audit_development_fold1_1eb5abbc89fa/cross_modal_42_tune,19,0.13900175224989653,0.0006005681818181818,0.5496823672018057
audit_development_fold1_1eb5abbc89fa/cross_modal_42_tune,20,0.10786465927958488,0.0006323863636363636,0.5414062168418194
audit_development_fold1_1eb5abbc89fa/cross_modal_42_tune,21,0.09916362166404724,0.0006642045454545454,0.5386513684473826
audit_development_fold1_1eb5abbc89fa/cross_modal_42_tune,22,0.08996748551726341,0.0006960227272727272,0.5319785838504487
audit_development_fold1_1eb5abbc89fa/cross_modal_42_tune,23,0.09474410302937031,0.0006999776967925075,0.5406955689516445
audit_development_fold1_1eb5abbc89fa/cross_modal_42_tune,24,0.08600113401189446,0.0006998785777944304,0.5402850946002389
audit_development_fold1_1eb5abbc89fa/cross_modal_42_tune,25,0.07307307794690132,0.0006997001897982852,0.5400923752655199
audit_development_fold1_1eb5abbc89fa/cross_modal_42_tune,26,0.07933287136256695,0.0006994425777122963,0.5448985163113425
audit_development_fold1_1eb5abbc89fa/cross_modal_42_tune,27,0.06514679221436381,0.0006991058063889286,0.550419502875804
audit_development_fold1_1eb5abbc89fa/cross_modal_42_tune,28,0.04894593544304371,0.000698689960608562,0.5497129200593053
audit_development_fold1_1eb5abbc89fa/cross_modal_42_tune,29,0.04931274335831404,0.0006981951450581477,0.542659514799779
audit_development_fold1_1eb5abbc89fa/cross_modal_42_tune,30,0.03856118302792311,0.0006976214843048543,0.5401255573470634
audit_development_fold1_1eb5abbc89fa/cross_modal_42_tune,31,0.03694392507895827,0.0006969691227647086,0.5343901828035439
audit_development_fold1_1eb5abbc89fa/cross_modal_42_tune,32,0.032848079688847065,0.00069623822466624,0.536593301257716
audit_development_fold1_1eb5abbc89fa/cross_modal_42_tune,33,0.03207866637967527,0.0006954289740091357,0.5377289759707702
audit_development_fold1_1eb5abbc89fa/cross_modal_42_tune,34,0.02886749221943319,0.0006945415745179214,0.5463616129701708
audit_development_fold1_1eb5abbc89fa/cross_modal_42_tune,35,0.025561167625710368,0.0006935762495906731,0.5415780514874416
audit_development_fold1_1eb5abbc89fa/cross_modal_42_tune,36,0.02290507173165679,0.000692533242242779,0.5388598267843582
audit_development_fold1_1eb5abbc89fa/cross_modal_42_tune,37,0.020601900527253747,0.0006914128150457612,0.5384459328324653
audit_development_fold1_1eb5abbc89fa/cross_modal_42_tune,38,0.017879422288388014,0.0006902152500611748,0.541632332649705
audit_development_fold1_1eb5abbc89fa/cross_modal_42_tune,39,0.016281215590424836,0.0006889408487696005,0.5441525841344216
audit_development_fold1_1eb5abbc89fa/cross_modal_42_tune,40,0.016443126369267702,0.0006875899319947479,0.5450461486538124
audit_development_fold1_1eb5abbc89fa/cross_modal_42_tune,41,0.01631768827792257,0.000686162839822691,0.541466961572587
audit_development_fold1_1eb5abbc89fa/cross_modal_42_tune,42,0.016093041631393135,0.0006846599315162526,0.5398686649181339
audit_development_fold1_1eb5abbc89fa/cross_modal_42_refit,1,1.949774169921875,3.5000000000000004e-05,
audit_development_fold1_1eb5abbc89fa/cross_modal_42_refit,2,1.1726299345493316,6.045454545454546e-05,
audit_development_fold1_1eb5abbc89fa/cross_modal_42_refit,3,0.9002662420272827,9.227272727272726e-05,
audit_development_fold1_1eb5abbc89fa/cross_modal_42_refit,4,0.7305251359939575,0.0001240909090909091,
audit_development_fold1_1eb5abbc89fa/cross_modal_42_refit,5,0.5850301027297974,0.0001559090909090909,
audit_development_fold1_1eb5abbc89fa/cross_modal_42_refit,6,0.5220190763473511,0.00018772727272727273,
audit_development_fold1_1eb5abbc89fa/cross_modal_42_refit,7,0.47823981642723085,0.00021954545454545455,
audit_development_fold1_1eb5abbc89fa/cross_modal_42_refit,8,0.3829031243920326,0.00025136363636363637,
audit_development_fold1_1eb5abbc89fa/cross_modal_42_refit,9,0.395903953909874,0.00028318181818181817,
audit_development_fold1_1eb5abbc89fa/cross_modal_42_refit,10,0.3341714233160019,0.000315,
audit_development_fold1_1eb5abbc89fa/cross_modal_42_refit,11,0.29655482470989225,0.0003468181818181818,
audit_development_fold1_1eb5abbc89fa/cross_modal_42_refit,12,0.2784759417176247,0.0003786363636363636,
audit_development_fold1_1eb5abbc89fa/cross_modal_42_refit,13,0.24615824818611146,0.0004104545454545454,
audit_development_fold1_1eb5abbc89fa/cross_modal_42_refit,14,0.22002842128276826,0.0004422727272727273,
audit_development_fold1_1eb5abbc89fa/cross_modal_42_refit,15,0.1860064148902893,0.0004740909090909091,
audit_development_fold1_1eb5abbc89fa/cross_modal_42_refit,16,0.1932467594742775,0.0005059090909090909,
audit_development_fold1_1eb5abbc89fa/cross_modal_42_refit,17,0.17479791194200517,0.0005377272727272727,
audit_development_fold1_1eb5abbc89fa/cross_modal_42_refit,18,0.17453044205904006,0.0005695454545454545,
audit_development_fold1_1eb5abbc89fa/cross_modal_42_refit,19,0.12718993574380874,0.0006013636363636364,
audit_development_fold1_1eb5abbc89fa/cross_modal_42_refit,20,0.1436873160302639,0.0006331818181818182,
audit_development_fold1_1eb5abbc89fa/cross_modal_42_refit,21,0.12117213681340218,0.000665,
audit_development_fold1_1eb5abbc89fa/cross_modal_42_refit,22,0.0822601418942213,0.0006968181818181818,
audit_development_fold1_1eb5abbc89fa/ordinal_42_refit,1,2.2647976875305176,3.5000000000000004e-05,
audit_development_fold1_1eb5abbc89fa/ordinal_42_refit,2,1.5938249230384827,6.363636363636364e-05,
audit_development_fold1_1eb5abbc89fa/ordinal_42_refit,3,1.0941419422626495,9.545454545454545e-05,
audit_development_fold1_1eb5abbc89fa/ordinal_42_refit,4,0.9326981961727142,0.00012727272727272728,
audit_development_fold1_1eb5abbc89fa/ordinal_42_refit,5,0.663951113820076,0.00015909090909090907,
audit_development_fold1_1eb5abbc89fa/ordinal_42_refit,6,0.6167258739471435,0.00018772727272727273,
audit_development_fold1_1eb5abbc89fa/ordinal_42_refit,7,0.4547925770282745,0.00021954545454545455,
audit_development_fold1_1eb5abbc89fa/ordinal_42_refit,8,0.3746518135070801,0.00025136363636363637,
audit_development_fold1_1eb5abbc89fa/ordinal_42_refit,9,0.33295726478099824,0.00028318181818181817,
audit_development_fold1_1eb5abbc89fa/ordinal_42_refit,10,0.2622931614518166,0.000315,
audit_development_fold1_1eb5abbc89fa/ordinal_42_refit,11,0.21723308861255647,0.0003468181818181818,
audit_development_fold1_1eb5abbc89fa/ordinal_42_refit,12,0.19618283212184906,0.0003786363636363636,
audit_development_fold1_1eb5abbc89fa/ordinal_42_refit,13,0.14524166211485862,0.0004104545454545454,
audit_development_fold1_1eb5abbc89fa/audio_tune,1,1.5802277380998215,7.92325491909864e-06,0.6741392886370049
audit_development_fold1_1eb5abbc89fa/audio_tune,2,1.0791268791124393,6.937343569497522e-06,0.6916157309418688
audit_development_fold1_1eb5abbc89fa/audio_tune,3,0.957309185872587,5.1165843322657055e-06,0.6031438590422097
audit_development_fold1_1eb5abbc89fa/audio_tune,4,0.7678645394763417,3.0600513814174287e-06,0.5669543145019413
audit_development_fold1_1eb5abbc89fa/audio_tune,5,0.6431316184821758,1.4443941902436136e-06,0.5842912183560386
audit_development_fold1_1eb5abbc89fa/audio_tune,6,0.5958857709709345,8.012033597971252e-07,0.5899665795109561
audit_development_fold1_1eb5abbc89fa/attention_rank_42_refit,1,1.506504076719284,3.5000000000000004e-05,
audit_development_fold1_1eb5abbc89fa/attention_rank_42_refit,2,1.7189687013626098,5.7272727272727274e-05,
audit_development_fold1_1eb5abbc89fa/attention_rank_42_refit,3,1.3851446509361267,8.909090909090908e-05,
audit_development_fold1_1eb5abbc89fa/attention_rank_42_refit,4,1.5691102981567382,0.00011772727272727272,
audit_development_fold1_1eb5abbc89fa/attention_rank_42_refit,5,1.0053998589515687,0.00014954545454545453,
audit_development_fold1_1eb5abbc89fa/attention_rank_42_refit,6,0.9031142145395279,0.00018136363636363635,
audit_development_fold1_1eb5abbc89fa/attention_rank_42_refit,7,0.45899145379662515,0.0002131818181818182,
audit_development_fold1_1eb5abbc89fa/attention_rank_42_refit,8,0.4052355334162712,0.000245,
audit_development_fold1_1eb5abbc89fa/attention_rank_42_refit,9,0.2361724629998207,0.0002768181818181818,
audit_development_fold1_1eb5abbc89fa/attention_rank_42_refit,10,0.14003244787454605,0.00030863636363636363,
audit_development_fold1_1eb5abbc89fa/attention_rank_42_refit,11,0.12517700493335723,0.0003404545454545455,
audit_development_fold1_1eb5abbc89fa/attention_rank_42_refit,12,0.07244787849485874,0.0003722727272727273,
audit_development_fold1_1eb5abbc89fa/attention_rank_42_refit,13,0.06971847042441368,0.00040409090909090907,
audit_development_fold1_1eb5abbc89fa/attention_rank_42_refit,14,0.054381551966071126,0.00043590909090909086,
audit_development_fold1_1eb5abbc89fa/cross_modal_2026_tune,1,1.6770667880773544,3.5000000000000004e-05,0.7949793425381756
audit_development_fold1_1eb5abbc89fa/cross_modal_2026_tune,2,1.1595442742109299,6.363636363636364e-05,0.6997305763347905
audit_development_fold1_1eb5abbc89fa/cross_modal_2026_tune,3,0.9323660507798195,9.545454545454545e-05,0.6253076924181742
audit_development_fold1_1eb5abbc89fa/cross_modal_2026_tune,4,0.8066590130329132,0.00012727272727272728,0.5921417694199756
audit_development_fold1_1eb5abbc89fa/cross_modal_2026_tune,5,0.6309579014778137,0.00015909090909090907,0.5798375784783123
audit_development_fold1_1eb5abbc89fa/cross_modal_2026_tune,6,0.5586298704147339,0.0001909090909090909,0.5618022796129041
audit_development_fold1_1eb5abbc89fa/cross_modal_2026_tune,7,0.4815458655357361,0.00022272727272727272,0.5464984281685213
audit_development_fold1_1eb5abbc89fa/cross_modal_2026_tune,8,0.39935121685266495,0.00025454545454545456,0.5359499931755095
audit_development_fold1_1eb5abbc89fa/cross_modal_2026_tune,9,0.36111485958099365,0.00028636363636363636,0.5460134303884401
audit_development_fold1_1eb5abbc89fa/cross_modal_2026_tune,10,0.3401944562792778,0.00031818181818181815,0.521169484754662
audit_development_fold1_1eb5abbc89fa/cross_modal_2026_tune,11,0.29969168454408646,0.00035,0.5228692719892498
audit_development_fold1_1eb5abbc89fa/cross_modal_2026_tune,12,0.27627854235470295,0.0003818181818181818,0.5355275236755159
audit_development_fold1_1eb5abbc89fa/cross_modal_2026_tune,13,0.27906705997884274,0.00041363636363636364,0.5141823502034316
audit_development_fold1_1eb5abbc89fa/cross_modal_2026_tune,14,0.23329181224107742,0.00044545454545454543,0.5141496224508787
audit_development_fold1_1eb5abbc89fa/cross_modal_2026_tune,15,0.22094952315092087,0.0004772727272727272,0.5345506578619402
audit_development_fold1_1eb5abbc89fa/cross_modal_2026_tune,16,0.1847369484603405,0.0005090909090909091,0.5322949281836655
audit_development_fold1_1eb5abbc89fa/cross_modal_2026_tune,17,0.16067606024444103,0.0005409090909090909,0.5524131705151908
audit_development_fold1_1eb5abbc89fa/cross_modal_2026_tune,18,0.15282405633479357,0.0005727272727272727,0.5522718848917475
audit_development_fold1_1eb5abbc89fa/cross_modal_2026_tune,19,0.13349383417516947,0.0006045454545454545,0.5336391500990569
audit_development_fold1_1eb5abbc89fa/cross_modal_2026_tune,20,0.10811597853899002,0.0006363636363636363,0.5484599452564126
audit_development_fold1_1eb5abbc89fa/cross_modal_2026_tune,21,0.09973585419356823,0.0006681818181818182,0.540703347593455
audit_development_fold1_1eb5abbc89fa/cross_modal_2026_tune,22,0.09697106573730707,0.0007,0.536671803064206
audit_development_fold1_1eb5abbc89fa/cross_modal_2026_tune,23,0.06826462363824248,0.0006999696429858325,0.5305678923252873
audit_development_fold1_1eb5abbc89fa/cross_modal_2026_tune,24,0.058969132136553526,0.0006998606135890717,0.5378772367172475
audit_development_fold1_1eb5abbc89fa/cross_modal_2026_tune,25,0.05726245231926441,0.0006996723197166356,0.5424908204431516
audit_development_fold1_1eb5abbc89fa/cross_modal_2026_tune,26,0.05481386836618185,0.0006994048087704998,0.5395155587102324
audit_development_fold1_1eb5abbc89fa/cross_modal_2026_tune,27,0.05088436929509044,0.0006990581480951143,0.5419738615589241
audit_development_fold1_1eb5abbc89fa/cross_modal_2026_tune,28,0.050414532888680696,0.0006986324249604505,0.5403666341284247
audit_development_fold1_1eb5abbc89fa/cross_modal_2026_tune,29,0.04151109419763088,0.0006981277465400306,0.5348530435877564
audit_development_fold1_1eb5abbc89fa/cross_modal_2026_tune,30,0.03436842910014093,0.0006975442398839483,0.5391164717835987
audit_development_fold1_1eb5abbc89fa/cross_modal_2026_tune,31,0.03089308855123818,0.0006968820518868836,0.5327019622274687
audit_development_fold1_1eb5abbc89fa/cross_modal_2026_tune,32,0.03007785161025822,0.0006961413492511237,0.5271688343520776
audit_development_fold1_1eb5abbc89fa/cross_modal_2026_tune,33,0.02460112445987761,0.0006953223184445961,0.5298250450881686
audit_development_fold1_1eb5abbc89fa/ordinal_2026_tune,1,2.2009446173906326,3.5795454545454544e-05,1.1243573124148087
audit_development_fold1_1eb5abbc89fa/ordinal_2026_tune,2,1.744660273194313,6.363636363636364e-05,0.9541579719700889
audit_development_fold1_1eb5abbc89fa/ordinal_2026_tune,3,1.2500117421150208,9.545454545454545e-05,0.7278306980388038
audit_development_fold1_1eb5abbc89fa/ordinal_2026_tune,4,0.962505966424942,0.00012727272727272728,0.6371020532009782
audit_development_fold1_1eb5abbc89fa/ordinal_2026_tune,5,0.700029544532299,0.00015909090909090907,0.6195124376265415
audit_development_fold1_1eb5abbc89fa/ordinal_2026_tune,6,0.5781467035412788,0.0001909090909090909,0.5735068652887347
audit_development_fold1_1eb5abbc89fa/ordinal_2026_tune,7,0.4523899108171463,0.00022272727272727272,0.551088059099457
audit_development_fold1_1eb5abbc89fa/ordinal_2026_tune,8,0.3845037557184696,0.00025454545454545456,0.535263054260812
audit_development_fold1_1eb5abbc89fa/ordinal_2026_tune,9,0.3270670250058174,0.00028636363636363636,0.4963662352357426
audit_development_fold1_1eb5abbc89fa/ordinal_2026_tune,10,0.26703552156686783,0.00031818181818181815,0.4966603510670613
audit_development_fold1_1eb5abbc89fa/ordinal_2026_tune,11,0.21983430348336697,0.00035,0.5067859140908223
audit_development_fold1_1eb5abbc89fa/ordinal_2026_tune,12,0.17904032580554485,0.0003818181818181818,0.514538098749547
audit_development_fold1_1eb5abbc89fa/ordinal_2026_tune,13,0.14753899816423655,0.00041363636363636364,0.5064557700054819
audit_development_fold1_1eb5abbc89fa/ordinal_2026_tune,14,0.12220070790499449,0.00044545454545454543,0.5179223994663114
audit_development_fold1_1eb5abbc89fa/ordinal_2026_tune,15,0.09047282114624977,0.0004772727272727272,0.5148144751514778
audit_development_fold1_1eb5abbc89fa/ordinal_2026_tune,16,0.07382645551115274,0.0005090909090909091,0.5313450243233506
audit_development_fold1_1eb5abbc89fa/ordinal_2026_tune,17,0.05488573992624879,0.0005409090909090909,0.5324237397995617
audit_development_fold1_1eb5abbc89fa/ordinal_2026_tune,18,0.04161523375660181,0.0005727272727272727,0.527554974711134
audit_development_fold1_1eb5abbc89fa/ordinal_2026_tune,19,0.03944412455894053,0.0006045454545454545,0.5239576497482042
audit_development_fold1_1eb5abbc89fa/ordinal_2026_tune,20,0.031074308324605227,0.0006363636363636363,0.5595463109803585
audit_development_fold1_1eb5abbc89fa/ordinal_2026_tune,21,0.03008669288828969,0.0006681818181818182,0.5584995282507746
audit_development_fold1_1eb5abbc89fa/ordinal_2026_tune,22,0.0329371381085366,0.0007,0.5487129161681913
audit_development_fold1_1eb5abbc89fa/ordinal_2026_tune,23,0.025157490046694875,0.0006999696429858325,0.5544132504325165
audit_development_fold1_1eb5abbc89fa/ordinal_2026_tune,24,0.017998406430706382,0.0006998606135890717,0.5485408031005342
audit_development_fold1_1eb5abbc89fa/ordinal_2026_tune,25,0.016462935891468078,0.0006996723197166356,0.5544087149289231
audit_development_fold1_1eb5abbc89fa/ordinal_2026_tune,26,0.016306884703226388,0.0006994048087704998,0.5718792809052623
audit_development_fold1_1eb5abbc89fa/ordinal_2026_tune,27,0.024330425076186657,0.0006990581480951143,0.5570535221118981
audit_development_fold1_1eb5abbc89fa/ordinal_2026_tune,28,0.02032867621164769,0.0006986324249604505,0.5720143642572734
audit_development_fold1_1eb5abbc89fa/ordinal_2026_tune,29,0.017324347863905132,0.0006981277465400306,0.5690612022518384
audit_development_fold1_1eb5abbc89fa/ordinal_42_tune,1,2.4074065536260605,3.5795454545454544e-05,1.1133402327291964
audit_development_fold1_1eb5abbc89fa/ordinal_42_tune,2,1.686094969511032,6.761363636363636e-05,0.8568940246863275
audit_development_fold1_1eb5abbc89fa/ordinal_42_tune,3,1.2332131415605545,9.545454545454545e-05,0.7174251981205965
audit_development_fold1_1eb5abbc89fa/ordinal_42_tune,4,0.9671958461403847,0.00012727272727272728,0.6749244303065975
audit_development_fold1_1eb5abbc89fa/ordinal_42_tune,5,0.7698802277445793,0.00015909090909090907,0.6420483727032619
audit_development_fold1_1eb5abbc89fa/ordinal_42_tune,6,0.6406798660755157,0.0001909090909090909,0.5710088484670828
audit_development_fold1_1eb5abbc89fa/ordinal_42_tune,7,0.4997926689684391,0.00022272727272727272,0.546033519175818
audit_development_fold1_1eb5abbc89fa/ordinal_42_tune,8,0.41755885258316994,0.00025454545454545456,0.5300215971189636
audit_development_fold1_1eb5abbc89fa/ordinal_42_tune,9,0.34417926520109177,0.00028636363636363636,0.5412232007640537
audit_development_fold1_1eb5abbc89fa/ordinal_42_tune,10,0.3000337779521942,0.00031818181818181815,0.5503756351695341
audit_development_fold1_1eb5abbc89fa/ordinal_42_tune,11,0.25137605890631676,0.00035,0.5231411259705413
audit_development_fold1_1eb5abbc89fa/ordinal_42_tune,12,0.21140735037624836,0.0003818181818181818,0.5276538063560323
audit_development_fold1_1eb5abbc89fa/ordinal_42_tune,13,0.1811039950698614,0.00041363636363636364,0.516487928595748
audit_development_fold1_1eb5abbc89fa/ordinal_42_tune,14,0.15173948649317026,0.00044545454545454543,0.5176897659689932
audit_development_fold1_1eb5abbc89fa/ordinal_42_tune,15,0.1194781381636858,0.0004772727272727272,0.5247531921708746
audit_development_fold1_1eb5abbc89fa/ordinal_42_tune,16,0.09115325938910246,0.0005090909090909091,0.5247702655651122
audit_development_fold1_1eb5abbc89fa/ordinal_42_tune,17,0.06881777476519346,0.0005409090909090909,0.5266831874324818
audit_development_fold1_1eb5abbc89fa/ordinal_42_tune,18,0.049557610182091594,0.0005727272727272727,0.5206272853183568
audit_development_fold1_1eb5abbc89fa/ordinal_42_tune,19,0.03623142442665994,0.0006045454545454545,0.5191349430638719
audit_development_fold1_1eb5abbc89fa/ordinal_42_tune,20,0.029289450496435165,0.0006363636363636363,0.531187791104732
audit_development_fold1_1eb5abbc89fa/ordinal_42_tune,21,0.024982111528515816,0.0006681818181818182,0.551697438658427
audit_development_fold1_1eb5abbc89fa/ordinal_42_tune,22,0.01957323483657092,0.0007,0.5764619241118145
audit_development_fold1_1eb5abbc89fa/ordinal_42_tune,23,0.02135248330887407,0.0006999696429858325,0.5699305292364496
audit_development_fold1_1eb5abbc89fa/ordinal_42_tune,24,0.025467165862210095,0.0006998606135890717,0.5698960344960811
audit_development_fold1_1eb5abbc89fa/ordinal_42_tune,25,0.01509200967848301,0.0006996723197166356,0.5737292674017247
audit_development_fold1_1eb5abbc89fa/ordinal_42_tune,26,0.01679729751776904,0.0006994048087704998,0.5678435964377632
audit_development_fold1_1eb5abbc89fa/ordinal_42_tune,27,0.027056901715695858,0.0006990581480951143,0.5598208601703524
audit_development_fold1_1eb5abbc89fa/ordinal_42_tune,28,0.019709129934199154,0.0006986324249604505,0.5627177066867485
audit_development_fold1_1eb5abbc89fa/ordinal_42_tune,29,0.018779495498165488,0.0006981277465400306,0.5857238145092744
audit_development_fold1_1eb5abbc89fa/ordinal_42_tune,30,0.01480675523635,0.0006975442398839483,0.5979810418141245
audit_development_fold1_1eb5abbc89fa/ordinal_42_tune,31,0.018456995487213135,0.0006968820518868836,0.5950270780392475
audit_development_fold1_1eb5abbc89fa/ordinal_42_tune,32,0.02176306745968759,0.0006961413492511237,0.5970168422464609
audit_development_fold1_1eb5abbc89fa/ordinal_42_tune,33,0.012906769406981766,0.0006953223184445961,0.5880463332716913
audit_development_fold1_1eb5abbc89fa/attention_rank_42_tune,1,1.693835161626339,3.5000000000000004e-05,1.178349626816073
audit_development_fold1_1eb5abbc89fa/attention_rank_42_tune,2,1.5483166873455048,5.96590909090909e-05,1.1633382113612967
audit_development_fold1_1eb5abbc89fa/attention_rank_42_tune,3,1.4648782908916473,9.147727272727272e-05,1.1283808259850054
audit_development_fold1_1eb5abbc89fa/attention_rank_42_tune,4,1.3546204417943954,0.00012329545454545454,1.0652356977349597
audit_development_fold1_1eb5abbc89fa/attention_rank_42_tune,5,1.1256535053253174,0.00015511363636363636,0.9752814976413298
audit_development_fold1_1eb5abbc89fa/attention_rank_42_tune,6,0.8307322710752487,0.00018693181818181816,0.8651307884923894
audit_development_fold1_1eb5abbc89fa/attention_rank_42_tune,7,0.5941606499254704,0.00021875,0.7633502488798266
audit_development_fold1_1eb5abbc89fa/attention_rank_42_tune,8,0.4121674243360758,0.0002505681818181818,0.6930907465117876
audit_development_fold1_1eb5abbc89fa/attention_rank_42_tune,9,0.2833161558955908,0.0002823863636363636,0.642200611080174
audit_development_fold1_1eb5abbc89fa/attention_rank_42_tune,10,0.19177282601594925,0.00031420454545454547,0.605817125875319
audit_development_fold1_1eb5abbc89fa/attention_rank_42_tune,11,0.11823025532066822,0.00034602272727272726,0.585929372224087
audit_development_fold1_1eb5abbc89fa/attention_rank_42_tune,12,0.07388271763920784,0.0003778409090909091,0.5627053445318959
audit_development_fold1_1eb5abbc89fa/attention_rank_42_tune,13,0.052263505291193724,0.0004096590909090909,0.541040224819017
audit_development_fold1_1eb5abbc89fa/attention_rank_42_tune,14,0.05837636347860098,0.00044147727272727275,0.5175221334765279
audit_development_fold1_1eb5abbc89fa/attention_rank_42_tune,15,0.047238287050276995,0.00047329545454545454,0.5252140871026688
audit_development_fold1_1eb5abbc89fa/attention_rank_42_tune,16,0.04552511475048959,0.0005051136363636363,0.5318725301535439
audit_development_fold1_1eb5abbc89fa/attention_rank_42_tune,17,0.03259895741939545,0.0005369318181818182,0.5293090539522041
audit_development_fold1_1eb5abbc89fa/attention_rank_42_tune,18,0.03346318891271949,0.00056875,0.5393383920594891
audit_development_fold1_1eb5abbc89fa/attention_rank_42_tune,19,0.03737462288700044,0.0006005681818181818,0.5322176031355994
audit_development_fold1_1eb5abbc89fa/attention_rank_42_tune,20,0.027739941142499447,0.0006323863636363636,0.5285304056629526
audit_development_fold1_1eb5abbc89fa/attention_rank_42_tune,21,0.03665447514504194,0.0006642045454545454,0.5211111726378996
audit_development_fold1_1eb5abbc89fa/attention_rank_42_tune,22,0.03148377174511552,0.0006960227272727272,0.5264336696378645
audit_development_fold1_1eb5abbc89fa/attention_rank_42_tune,23,0.0368557614274323,0.0006999776967925075,0.5252448395744405
audit_development_fold1_1eb5abbc89fa/attention_rank_42_tune,24,0.02643642365001142,0.0006998785777944304,0.5250568030349632
audit_development_fold1_1eb5abbc89fa/attention_rank_42_tune,25,0.025470622931607068,0.0006997001897982852,0.5265151039752586
audit_development_fold1_1eb5abbc89fa/attention_rank_42_tune,26,0.017218854860402644,0.0006994425777122963,0.5238754714708332
audit_development_fold1_1eb5abbc89fa/attention_rank_42_tune,27,0.017109418055042624,0.0006991058063889286,0.5208947614668539
audit_development_fold1_1eb5abbc89fa/attention_rank_42_tune,28,0.0183565691113472,0.000698689960608562,0.5224116969283901
audit_development_fold1_1eb5abbc89fa/attention_rank_42_tune,29,0.015951343928463757,0.0006981951450581477,0.5218464959470225
audit_development_fold1_1eb5abbc89fa/attention_rank_42_tune,30,0.01591582177206874,0.0006976214843048543,0.5221080173363242
audit_development_fold1_1eb5abbc89fa/attention_rank_42_tune,31,0.013962203403934836,0.0006969691227647086,0.5208435418138532
audit_development_fold1_1eb5abbc89fa/attention_rank_42_tune,32,0.012427766807377338,0.00069623822466624,0.5195269861769748
audit_development_fold1_1eb5abbc89fa/attention_rank_42_tune,33,0.012993522803299129,0.0006954289740091357,0.5191018688364175
audit_development_fold1_1eb5abbc89fa/attention_rank_42_tune,34,0.01282783632632345,0.0006945415745179214,0.5189761824260488
audit_development_fold1_1eb5abbc89fa/audio_refit,1,1.4792398236606312,7.91974003213631e-06,
audit_development_fold1_1eb5abbc89fa/audio_refit,2,0.911779003547526,6.925309595742756e-06,
audit_development_fold1_1eb5abbc89fa/audio_refit,3,0.7763599975527018,5.099990742438095e-06,
audit_development_fold1_1eb5abbc89fa/audio_refit,4,0.6863521522831643,3.0443578710750846e-06,
audit_development_fold1_1eb5abbc89fa/attention_rank_2026_tune,1,1.561720535159111,3.5000000000000004e-05,1.1772622864496225
audit_development_fold1_1eb5abbc89fa/attention_rank_2026_tune,2,1.6763260215520859,5.96590909090909e-05,1.164624669621359
audit_development_fold1_1eb5abbc89fa/attention_rank_2026_tune,3,1.4556845873594284,9.147727272727272e-05,1.1314592314819876
audit_development_fold1_1eb5abbc89fa/attention_rank_2026_tune,4,1.3682638108730316,0.00012329545454545454,1.0707998131253849
audit_development_fold1_1eb5abbc89fa/attention_rank_2026_tune,5,1.1480615064501762,0.00015511363636363636,0.9823703139387379
audit_development_fold1_1eb5abbc89fa/attention_rank_2026_tune,6,0.8721460402011871,0.00018693181818181816,0.8713788505036846
audit_development_fold1_1eb5abbc89fa/attention_rank_2026_tune,7,0.6078103519976139,0.00021875,0.7622500163205712
audit_development_fold1_1eb5abbc89fa/attention_rank_2026_tune,8,0.44447068497538567,0.0002505681818181818,0.6863226428379496
audit_development_fold1_1eb5abbc89fa/attention_rank_2026_tune,9,0.30410970374941826,0.0002823863636363636,0.6383094880290043
audit_development_fold1_1eb5abbc89fa/attention_rank_2026_tune,10,0.20138570433482528,0.00031420454545454547,0.6045114883852251
audit_development_fold1_1eb5abbc89fa/attention_rank_2026_tune,11,0.15385294426232576,0.00034602272727272726,0.5851042540836787
audit_development_fold1_1eb5abbc89fa/attention_rank_2026_tune,12,0.09678959473967552,0.0003778409090909091,0.5431585199986962
audit_development_fold1_1eb5abbc89fa/attention_rank_2026_tune,13,0.07249814830720425,0.0004096590909090909,0.541993857977241
audit_development_fold1_1eb5abbc89fa/attention_rank_2026_tune,14,0.05832581128925085,0.00044147727272727275,0.5371673924900944
audit_development_fold1_1eb5abbc89fa/attention_rank_2026_tune,15,0.05764356395229697,0.00047329545454545454,0.5301808088411694
audit_development_fold1_1eb5abbc89fa/attention_rank_2026_tune,16,0.04586212197318673,0.0005051136363636363,0.5215785943758022
audit_development_fold1_1eb5abbc89fa/attention_rank_2026_tune,17,0.038161244709044695,0.0005369318181818182,0.5281738158114464
audit_development_fold1_1eb5abbc89fa/attention_rank_2026_tune,18,0.03625702788121998,0.00056875,0.5300097726959991
audit_development_fold1_1eb5abbc89fa/attention_rank_2026_tune,19,0.03600132465362549,0.0006005681818181818,0.518496543048656
audit_development_fold1_1eb5abbc89fa/attention_rank_2026_tune,20,0.03701567440293729,0.0006323863636363636,0.5056855317037866
audit_development_fold1_1eb5abbc89fa/attention_rank_2026_tune,21,0.028639490948989987,0.0006642045454545454,0.5085473379500582
audit_development_fold1_1eb5abbc89fa/attention_rank_2026_tune,22,0.02826628345064819,0.0006960227272727272,0.5082897762633858
audit_development_fold1_1eb5abbc89fa/attention_rank_2026_tune,23,0.023702043807134032,0.0006999776967925075,0.5158792036656494
audit_development_fold1_1eb5abbc89fa/attention_rank_2026_tune,24,0.019965535262599587,0.0006998785777944304,0.5143396344794228
audit_development_fold1_1eb5abbc89fa/attention_rank_2026_tune,25,0.021248943405225873,0.0006997001897982852,0.5124750294362771
audit_development_fold1_1eb5abbc89fa/attention_rank_2026_tune,26,0.021680710720829666,0.0006994425777122963,0.511279502320365
audit_development_fold1_1eb5abbc89fa/attention_rank_2026_tune,27,0.017928419867530465,0.0006991058063889286,0.508958643729768
audit_development_fold1_1eb5abbc89fa/attention_rank_2026_tune,28,0.01777354278601706,0.000698689960608562,0.5126115414345078
audit_development_fold1_1eb5abbc89fa/attention_rank_2026_tune,29,0.016487643006257713,0.0006981951450581477,0.5154822136848853
audit_development_fold1_1eb5abbc89fa/attention_rank_2026_tune,30,0.014764740015380085,0.0006976214843048543,0.5153256137216881
audit_development_fold1_1eb5abbc89fa/attention_rank_2026_tune,31,0.01381836156360805,0.0006969691227647086,0.5140416483840228
audit_development_fold1_1eb5abbc89fa/attention_rank_2026_tune,32,0.014287385391071439,0.00069623822466624,0.5126848698265923
audit_development_fold1_1eb5abbc89fa/attention_rank_2026_tune,33,0.013272812473587692,0.0006954289740091357,0.5121468844735456
audit_development_fold1_1eb5abbc89fa/attention_rank_2026_tune,34,0.011950811371207237,0.0006945415745179214,0.5124446413834327
audit_development_fold1_1eb5abbc89fa/attention_rank_2026_tune,35,0.011287717032246292,0.0006935762495906731,0.5115567031021837
audit_development_fold1_1eb5abbc89fa/attention_rank_2026_tune,36,0.011268640286289155,0.000692533242242779,0.5133720551493405
audit_development_fold1_1eb5abbc89fa/attention_rank_2026_tune,37,0.011045319377444685,0.0006914128150457612,0.5137421853201533
audit_development_fold1_1eb5abbc89fa/attention_rank_2026_tune,38,0.010900215245783329,0.0006902152500611748,0.5134057859815352
audit_development_fold1_1eb5abbc89fa/attention_rank_2026_tune,39,0.0105214174836874,0.0006889408487696005,0.5143690539546374
audit_development_fold1_1eb5abbc89fa/attention_rank_2026_tune,40,0.010880742454901338,0.0006875899319947479,0.5153268552785447
audit_development_fold1_1eb5abbc89fa/residual_42_refit,1,1.4857953369617463,3.5000000000000004e-05,
audit_development_fold1_1eb5abbc89fa/residual_42_refit,2,1.6986912369728089,5.7272727272727274e-05,
audit_development_fold1_1eb5abbc89fa/residual_42_refit,3,1.3657225012779235,8.909090909090908e-05,
audit_development_fold1_1eb5abbc89fa/residual_42_refit,4,1.5528336226940156,0.00011772727272727272,
audit_development_fold1_1eb5abbc89fa/residual_42_refit,5,0.9922024846076966,0.00014954545454545453,
audit_development_fold1_1eb5abbc89fa/residual_42_refit,6,0.8975252360105515,0.00018136363636363635,
audit_development_fold1_1eb5abbc89fa/residual_42_refit,7,0.45312228202819826,0.0002131818181818182,
audit_development_fold1_1eb5abbc89fa/residual_42_refit,8,0.40266126245260236,0.000245,
audit_development_fold1_1eb5abbc89fa/residual_42_refit,9,0.2241432324051857,0.0002768181818181818,
audit_development_fold1_1eb5abbc89fa/residual_42_refit,10,0.15771224424242974,0.00030863636363636363,
audit_development_fold1_1eb5abbc89fa/residual_42_refit,11,0.1225744366645813,0.0003404545454545455,
audit_development_fold1_1eb5abbc89fa/residual_42_refit,12,0.06879492811858653,0.0003722727272727273,
audit_development_fold1_1eb5abbc89fa/residual_42_refit,13,0.05232424139976501,0.00040409090909090907,
audit_development_fold1_1eb5abbc89fa/residual_42_refit,14,0.047705987468361855,0.00043590909090909086,
audit_development_fold1_1eb5abbc89fa/residual_42_refit,15,0.04463435560464859,0.00046772727272727276,
audit_development_fold1_1eb5abbc89fa/residual_42_refit,16,0.042238731123507026,0.0004995454545454546,
audit_development_fold1_1eb5abbc89fa/residual_42_refit,17,0.028672682587057352,0.0005313636363636363,
audit_development_fold1_1eb5abbc89fa/ordinal_2026_refit,1,2.0998504877090456,3.5000000000000004e-05,
audit_development_fold1_1eb5abbc89fa/ordinal_2026_refit,2,1.656540048122406,6.363636363636364e-05,
audit_development_fold1_1eb5abbc89fa/ordinal_2026_refit,3,1.2128904461860657,9.545454545454545e-05,
audit_development_fold1_1eb5abbc89fa/ordinal_2026_refit,4,0.8367589354515076,0.00012727272727272728,
audit_development_fold1_1eb5abbc89fa/ordinal_2026_refit,5,0.6515441775321961,0.00015909090909090907,
audit_development_fold1_1eb5abbc89fa/ordinal_2026_refit,6,0.505205112695694,0.0001909090909090909,
audit_development_fold1_1eb5abbc89fa/ordinal_2026_refit,7,0.4186253398656845,0.00022272727272727272,
audit_development_fold1_1eb5abbc89fa/ordinal_2026_refit,8,0.33520952612161636,0.00025454545454545456,
audit_development_fold1_1eb5abbc89fa/ordinal_2026_refit,9,0.2857672214508057,0.00028636363636363636,
audit_development_fold1_1eb5abbc89fa/text_tune,1,1.4376301166884016,9.99238671222071e-06,0.6018412949964321
audit_development_fold1_1eb5abbc89fa/text_tune,2,0.8672444575539465,9.4609062603105e-06,0.6519641419026182
audit_development_fold1_1eb5abbc89fa/text_tune,3,0.6750021919063972,8.187213662662539e-06,0.5710399906211103
audit_development_fold1_1eb5abbc89fa/text_tune,4,0.5985689916114292,6.409979075494172e-06,0.5898240948172122
audit_development_fold1_1eb5abbc89fa/text_tune,5,0.5144909264080311,4.462228581659019e-06,0.5313377412757253
audit_development_fold1_1eb5abbc89fa/text_tune,6,0.4401716228700086,2.7089402892928307e-06,0.5596220776783204
audit_development_fold1_1eb5abbc89fa/text_tune,7,0.38915837154817884,1.4786531185446455e-06,0.5685193342866869
audit_development_fold1_1eb5abbc89fa/text_tune,8,0.3852383784970708,1.0019037246300975e-06,0.5892846694543769
audit_development_fold1_1eb5abbc89fa/residual_2026_refit,1,1.44874607026577,3.5000000000000004e-05,
audit_development_fold1_1eb5abbc89fa/residual_2026_refit,2,1.7829275727272034,5.7272727272727274e-05,
audit_development_fold1_1eb5abbc89fa/residual_2026_refit,3,1.4328339278697968,8.909090909090908e-05,
audit_development_fold1_1eb5abbc89fa/residual_2026_refit,4,1.246570360660553,0.00012090909090909091,
audit_development_fold1_1eb5abbc89fa/residual_2026_refit,5,0.9655158638954162,0.00015272727272727272,
audit_development_fold1_1eb5abbc89fa/residual_2026_refit,6,0.8653504192829132,0.00018454545454545451,
audit_development_fold1_1eb5abbc89fa/residual_2026_refit,7,0.4828591302037239,0.00021636363636363636,
audit_development_fold1_1eb5abbc89fa/residual_2026_refit,8,0.3272961609065533,0.0002481818181818182,
audit_development_fold1_1eb5abbc89fa/residual_2026_refit,9,0.22585495710372924,0.00028000000000000003,
audit_development_fold1_1eb5abbc89fa/residual_2026_refit,10,0.13778589963912963,0.0003118181818181818,
audit_development_fold1_1eb5abbc89fa/residual_2026_refit,11,0.08961492590606213,0.0003436363636363636,
audit_development_fold1_1eb5abbc89fa/residual_2026_refit,12,0.06219731792807579,0.00037545454545454546,
audit_development_fold1_1eb5abbc89fa/residual_2026_refit,13,0.050036469101905824,0.00040727272727272726,
audit_development_fold1_1eb5abbc89fa/residual_2026_refit,14,0.04574990272521973,0.0004390909090909091,
audit_development_fold1_1eb5abbc89fa/residual_2026_refit,15,0.047281576134264466,0.0004709090909090909,
audit_development_fold1_1eb5abbc89fa/residual_2026_refit,16,0.03692409042268992,0.0005027272727272727,
audit_development_fold1_1eb5abbc89fa/residual_2026_refit,17,0.034774888306856155,0.0005345454545454545,
audit_development_fold1_1eb5abbc89fa/residual_2026_refit,18,0.0250929931178689,0.0005663636363636363,
audit_development_fold1_1eb5abbc89fa/residual_2026_refit,19,0.030674037151038648,0.0005981818181818181,
audit_development_fold1_1eb5abbc89fa/residual_2026_refit,20,0.02531857807189226,0.00063,
audit_development_fold1_1eb5abbc89fa/residual_2026_refit,21,0.03054352756589651,0.0006618181818181818,
audit_development_fold1_1eb5abbc89fa/residual_2026_refit,22,0.02500295639038086,0.0006936363636363636,
audit_development_fold1_1eb5abbc89fa/residual_2026_refit,23,0.022356686368584632,0.0006999805713985893,
audit_development_fold1_1eb5abbc89fa/residual_2026_refit,24,0.03205972760915756,0.0006998854166713387,
audit_development_fold1_1eb5abbc89fa/residual_2026_refit,25,0.02424225490540266,0.0006997109912243696,
audit_development_fold1_1eb5abbc89fa/residual_2026_refit,26,0.023136286158114673,0.0006994573389683556,
audit_development_fold1_1eb5abbc89fa/residual_2026_refit,27,0.01806778712198138,0.0006991245237588955,
audit_development_fold1_1eb5abbc89fa/residual_2026_refit,28,0.015100497286766768,0.0006987126293804386,
audit_development_fold1_1eb5abbc89fa/residual_2026_refit,29,0.012470847368240357,0.0006982217595251918,
audit_development_fold1_1eb5abbc89fa/residual_2026_refit,30,0.014713544398546219,0.0006976520377670165,
audit_development_fold1_1eb5abbc89fa/residual_2026_refit,31,0.010453746002167464,0.0006970036075303181,
audit_development_fold1_1eb5abbc89fa/residual_2026_refit,32,0.011749968957155943,0.0006962766320539413,
audit_development_fold1_1eb5abbc89fa/residual_2026_refit,33,0.011057430529035628,0.0006954712943500746,
audit_development_fold1_1eb5abbc89fa/residual_2026_refit,34,0.010306281270459294,0.000694587797158178,
audit_development_fold1_1eb5abbc89fa/residual_2026_refit,35,0.011762077879393474,0.0006936263628939451,
audit_development_fold1_1eb5abbc89fa/residual_2026_tune,1,1.54092176258564,3.5000000000000004e-05,1.1772687875642345
audit_development_fold1_1eb5abbc89fa/residual_2026_tune,2,1.655818983912468,5.96590909090909e-05,1.1647236344708733
audit_development_fold1_1eb5abbc89fa/residual_2026_tune,3,1.435772180557251,9.147727272727272e-05,1.1315249308453414
audit_development_fold1_1eb5abbc89fa/residual_2026_tune,4,1.3500492870807648,0.00012329545454545454,1.071229275775294
audit_development_fold1_1eb5abbc89fa/residual_2026_tune,5,1.1330660581588745,0.00015511363636363636,0.9838256406716983
audit_development_fold1_1eb5abbc89fa/residual_2026_tune,6,0.861709862947464,0.00018693181818181816,0.8740810929091108
audit_development_fold1_1eb5abbc89fa/residual_2026_tune,7,0.6026903837919235,0.00021875,0.7660525209131513
audit_development_fold1_1eb5abbc89fa/residual_2026_tune,8,0.44405561685562134,0.0002505681818181818,0.6909019313083415
audit_development_fold1_1eb5abbc89fa/residual_2026_tune,9,0.30262431502342224,0.0002823863636363636,0.6397333396764995
audit_development_fold1_1eb5abbc89fa/residual_2026_tune,10,0.19879925157874823,0.00031420454545454547,0.602876997041336
audit_development_fold1_1eb5abbc89fa/residual_2026_tune,11,0.1481571225449443,0.00034602272727272726,0.5839977596359712
audit_development_fold1_1eb5abbc89fa/residual_2026_tune,12,0.1022105161100626,0.0003778409090909091,0.5526538443328622
audit_development_fold1_1eb5abbc89fa/residual_2026_tune,13,0.06974148424342275,0.0004096590909090909,0.5473847867277312
audit_development_fold1_1eb5abbc89fa/residual_2026_tune,14,0.06937452871352434,0.00044147727272727275,0.5397947157093435
audit_development_fold1_1eb5abbc89fa/residual_2026_tune,15,0.0566252414137125,0.00047329545454545454,0.5168367756668287
audit_development_fold1_1eb5abbc89fa/residual_2026_tune,16,0.03944365796633065,0.0005051136363636363,0.5253639252103544
audit_development_fold1_1eb5abbc89fa/residual_2026_tune,17,0.037384394090622663,0.0005369318181818182,0.5221166993199764
audit_development_fold1_1eb5abbc89fa/residual_2026_tune,18,0.027627177303656936,0.00056875,0.5326235491048973
audit_development_fold1_1eb5abbc89fa/residual_2026_tune,19,0.028918888187035918,0.0006005681818181818,0.5229900443225933
audit_development_fold1_1eb5abbc89fa/residual_2026_tune,20,0.030585463624447584,0.0006323863636363636,0.5204896873217206
audit_development_fold1_1eb5abbc89fa/residual_2026_tune,21,0.0234655081294477,0.0006642045454545454,0.5171650377157537
audit_development_fold1_1eb5abbc89fa/residual_2026_tune,22,0.016795283765532076,0.0006960227272727272,0.5182794127952873
audit_development_fold1_1eb5abbc89fa/residual_2026_tune,23,0.01618872059043497,0.0006999776967925075,0.519857427483855
audit_development_fold1_1eb5abbc89fa/residual_2026_tune,24,0.013993173255585134,0.0006998785777944304,0.5238991479405566
audit_development_fold1_1eb5abbc89fa/residual_2026_tune,25,0.011931781948078424,0.0006997001897982852,0.5147676880184093
audit_development_fold1_1eb5abbc89fa/residual_2026_tune,26,0.011485387396533042,0.0006994425777122963,0.5152972679306603
audit_development_fold1_1eb5abbc89fa/residual_2026_tune,27,0.011106641264632344,0.0006991058063889286,0.5140469557725952
audit_development_fold1_1eb5abbc89fa/residual_2026_tune,28,0.008952616830356419,0.000698689960608562,0.5157368154265549
audit_development_fold1_1eb5abbc89fa/residual_2026_tune,29,0.008038648578803986,0.0006981951450581477,0.5176037454288495
audit_development_fold1_1eb5abbc89fa/residual_2026_tune,30,0.009640204661991447,0.0006976214843048543,0.5161296568286928
audit_development_fold1_1eb5abbc89fa/residual_2026_tune,31,0.008062167733442038,0.0006969691227647086,0.5110642190047409
audit_development_fold1_1eb5abbc89fa/residual_2026_tune,32,0.009302850114181638,0.00069623822466624,0.5116975768678943
audit_development_fold1_1eb5abbc89fa/residual_2026_tune,33,0.007020855729933828,0.0006954289740091357,0.5111593435629626
audit_development_fold1_1eb5abbc89fa/residual_2026_tune,34,0.006633377313846722,0.0006945415745179214,0.5119549803799343
audit_development_fold1_1eb5abbc89fa/residual_2026_tune,35,0.005616120994091034,0.0006935762495906731,0.5105380865901221
audit_development_fold1_1eb5abbc89fa/residual_2026_tune,36,0.00480975559912622,0.000692533242242779,0.5113192499151209
audit_development_fold1_1eb5abbc89fa/residual_2026_tune,37,0.004717965959571302,0.0006914128150457612,0.5120119579411155
audit_development_fold1_1eb5abbc89fa/residual_2026_tune,38,0.004798605717951432,0.0006902152500611748,0.5117508795866778
audit_development_fold1_1eb5abbc89fa/residual_2026_tune,39,0.004163352161413059,0.0006889408487696005,0.5141445455933092
audit_development_fold1_1eb5abbc89fa/residual_2026_tune,40,0.004020908789243549,0.0006875899319947479,0.5147594800963509
audit_development_fold1_1eb5abbc89fa/residual_2026_tune,41,0.004608462593751028,0.000686162839822691,0.5142831964797152
audit_development_fold1_1eb5abbc89fa/residual_2026_tune,42,0.004299919179175049,0.0006846599315162526,0.5133904433716672
audit_development_fold1_1eb5abbc89fa/residual_2026_tune,43,0.004422132362378761,0.0006830815854245611,0.5118633880102331
audit_development_fold1_1eb5abbc89fa/residual_2026_tune,44,0.0052686350827571005,0.000681428198887805,0.5114294928882964
audit_development_fold1_1eb5abbc89fa/residual_2026_tune,45,0.005244988366030157,0.0006797001881372026,0.5116927995219638
audit_development_fold1_1eb5abbc89fa/residual_2026_tune,46,0.004196233465336263,0.0006778979881902198,0.5128344140525766
audit_development_fold1_1eb5abbc89fa/residual_2026_tune,47,0.004017572937300429,0.0006760220527410553,0.5134925307043919
audit_development_fold1_1eb5abbc89fa/residual_2026_tune,48,0.00350551720475778,0.0006740728540464265,0.5142059171905826
audit_development_fold1_1eb5abbc89fa/residual_2026_tune,49,0.0029870802827645093,0.0006720508828066807,0.5137594324382321
audit_development_fold1_1eb5abbc89fa/residual_2026_tune,50,0.0035747074871324003,0.0006699566480422649,0.5138746490112255
audit_development_fold1_1eb5abbc89fa/residual_2026_tune,51,0.0036406569415703416,0.0006677906769655814,0.513661816453475
audit_development_fold1_1eb5abbc89fa/residual_2026_tune,52,0.0027042434230679646,0.0006655535148482655,0.5137824590230409
audit_development_fold1_1eb5abbc89fa/residual_2026_tune,53,0.0030848626338411123,0.0006632457248839168,0.5131650834349063
audit_development_fold1_1eb5abbc89fa/residual_2026_tune,54,0.0026662743475753814,0.0006608678880463171,0.512543101557868
audit_development_fold1_1eb5abbc89fa/residual_2026_tune,55,0.0018809358443832025,0.0006584206029431744,0.5129105819727587
audit_development_fold1_1eb5abbc89fa/residual_42_tune,1,1.6730784699320793,3.5000000000000004e-05,1.1783078687192012
audit_development_fold1_1eb5abbc89fa/residual_42_tune,2,1.5279472321271896,5.96590909090909e-05,1.1633576782346076
audit_development_fold1_1eb5abbc89fa/residual_42_tune,3,1.4454333186149597,9.147727272727272e-05,1.1286663933273517
audit_development_fold1_1eb5abbc89fa/residual_42_tune,4,1.337041400372982,0.00012329545454545454,1.0659442898073999
audit_development_fold1_1eb5abbc89fa/residual_42_tune,5,1.1116650104522705,0.00015511363636363636,0.9771489289474921
audit_development_fold1_1eb5abbc89fa/residual_42_tune,6,0.8208008222281933,0.00018693181818181816,0.8689050013513377
audit_development_fold1_1eb5abbc89fa/residual_42_tune,7,0.5874303951859474,0.00021875,0.7698207507493808
audit_development_fold1_1eb5abbc89fa/residual_42_tune,8,0.40697948075830936,0.0002505681818181818,0.6980875472596494
audit_development_fold1_1eb5abbc89fa/residual_42_tune,9,0.2780143469572067,0.0002823863636363636,0.6510130171125736
audit_development_fold1_1eb5abbc89fa/residual_42_tune,10,0.18884882517158985,0.00031420454545454547,0.6238364192589376
audit_development_fold1_1eb5abbc89fa/residual_42_tune,11,0.11544343270361423,0.00034602272727272726,0.597579944871533
audit_development_fold1_1eb5abbc89fa/residual_42_tune,12,0.07251385180279613,0.0003778409090909091,0.5798371495739308
audit_development_fold1_1eb5abbc89fa/residual_42_tune,13,0.06560998037457466,0.0004096590909090909,0.5583023347122523
audit_development_fold1_1eb5abbc89fa/residual_42_tune,14,0.054323468590155244,0.00044147727272727275,0.5458025109575244
audit_development_fold1_1eb5abbc89fa/residual_42_tune,15,0.03877530712634325,0.00047329545454545454,0.5363078158392468
audit_development_fold1_1eb5abbc89fa/residual_42_tune,16,0.04957819147966802,0.0005051136363636363,0.5344825726151571
audit_development_fold1_1eb5abbc89fa/residual_42_tune,17,0.0348026470746845,0.0005369318181818182,0.5308294044431455
audit_development_fold1_1eb5abbc89fa/residual_42_tune,18,0.032344206934794784,0.00056875,0.5494591691023823
audit_development_fold1_1eb5abbc89fa/residual_42_tune,19,0.03077352372929454,0.0006005681818181818,0.5419106508153405
audit_development_fold1_1eb5abbc89fa/residual_42_tune,20,0.03221601480618119,0.0006323863636363636,0.5390875472340083
audit_development_fold1_1eb5abbc89fa/residual_42_tune,21,0.021498740650713444,0.0006642045454545454,0.5396345116733777
audit_development_fold1_1eb5abbc89fa/residual_42_tune,22,0.017454296466894448,0.0006960227272727272,0.5433944452136577
audit_development_fold1_1eb5abbc89fa/residual_42_tune,23,0.015707190381363034,0.0006999776967925075,0.5463020510338855
audit_development_fold1_1eb5abbc89fa/residual_42_tune,24,0.012602699338458478,0.0006998785777944304,0.5428811560123307
audit_development_fold1_1eb5abbc89fa/residual_42_tune,25,0.012916024366859347,0.0006997001897982852,0.5417424154881396
audit_development_fold1_1eb5abbc89fa/residual_42_tune,26,0.012377882609143853,0.0006994425777122963,0.5433288164052996
audit_development_fold1_1eb5abbc89fa/residual_42_tune,27,0.012198777636513114,0.0006991058063889286,0.5423830390764479
audit_development_fold1_1eb5abbc89fa/residual_42_tune,28,0.011380689218640327,0.000698689960608562,0.5423323463585548
audit_development_fold1_1eb5abbc89fa/residual_42_tune,29,0.010608272394165397,0.0006981951450581477,0.5411625602317828
audit_development_fold1_1eb5abbc89fa/residual_42_tune,30,0.010069656535051763,0.0006976214843048543,0.5380290511688026
audit_development_fold1_1eb5abbc89fa/residual_42_tune,31,0.013850310468114913,0.0006969691227647086,0.5374790154988259
audit_development_fold1_1eb5abbc89fa/residual_42_tune,32,0.010356062382925302,0.00069623822466624,0.5349462090444799
audit_development_fold1_1eb5abbc89fa/residual_42_tune,33,0.008552380430046469,0.0006954289740091357,0.5362283301817173
audit_development_fold1_1eb5abbc89fa/residual_42_tune,34,0.0067703681997954845,0.0006945415745179214,0.5348701999044284
audit_development_fold1_1eb5abbc89fa/residual_42_tune,35,0.006291669327765703,0.0006935762495906731,0.5348343468328223
audit_development_fold1_1eb5abbc89fa/residual_42_tune,36,0.004901921114651486,0.000692533242242779,0.5353910679448589
audit_development_fold1_1eb5abbc89fa/residual_42_tune,37,0.004623314249329269,0.0006914128150457612,0.5346871175214936
audit_development_fold1_1eb5abbc89fa/text_refit,1,1.3368963038099224,9.99094004412348e-06,
audit_development_fold1_1eb5abbc89fa/text_refit,2,0.8112128813033816,9.449555453052652e-06,
audit_development_fold1_1eb5abbc89fa/text_refit,3,0.6386279418893244,8.168085680745883e-06,
audit_development_fold1_1eb5abbc89fa/text_refit,4,0.529181814758942,6.3866582048293e-06,
audit_development_fold1_1eb5abbc89fa/text_refit,5,0.4485162748730388,4.439084790207577e-06,
audit_development_fold1_1eb5abbc89fa/attention_rank_2026_refit,1,1.469617983698845,3.5000000000000004e-05,
audit_development_fold1_1eb5abbc89fa/attention_rank_2026_refit,2,1.8038292706012726,5.7272727272727274e-05,
audit_development_fold1_1eb5abbc89fa/attention_rank_2026_refit,3,1.4518179953098298,8.909090909090908e-05,
audit_development_fold1_1eb5abbc89fa/attention_rank_2026_refit,4,1.2642595529556275,0.00012090909090909091,
audit_development_fold1_1eb5abbc89fa/attention_rank_2026_refit,5,0.9794978946447372,0.00015272727272727272,
audit_development_fold1_1eb5abbc89fa/attention_rank_2026_refit,6,0.8738111674785614,0.00018454545454545451,
audit_development_fold1_1eb5abbc89fa/attention_rank_2026_refit,7,0.486727312207222,0.00021636363636363636,
audit_development_fold1_1eb5abbc89fa/attention_rank_2026_refit,8,0.3323108598589897,0.0002481818181818182,
audit_development_fold1_1eb5abbc89fa/attention_rank_2026_refit,9,0.2279834397137165,0.00028000000000000003,
audit_development_fold1_1eb5abbc89fa/attention_rank_2026_refit,10,0.13900922909379004,0.0003118181818181818,
audit_development_fold1_1eb5abbc89fa/attention_rank_2026_refit,11,0.09620476141571999,0.0003436363636363636,
audit_development_fold1_1eb5abbc89fa/attention_rank_2026_refit,12,0.07268981039524078,0.00037545454545454546,
audit_development_fold1_1eb5abbc89fa/attention_rank_2026_refit,13,0.06987160183489323,0.00040727272727272726,
audit_development_fold1_1eb5abbc89fa/attention_rank_2026_refit,14,0.04943431653082371,0.0004390909090909091,
audit_development_fold1_1eb5abbc89fa/attention_rank_2026_refit,15,0.054110167920589446,0.0004709090909090909,
audit_development_fold1_1eb5abbc89fa/attention_rank_2026_refit,16,0.039646805822849275,0.0005027272727272727,
audit_development_fold1_1eb5abbc89fa/attention_rank_2026_refit,17,0.04228429943323135,0.0005345454545454545,
audit_development_fold1_1eb5abbc89fa/attention_rank_2026_refit,18,0.03607657682150602,0.0005663636363636363,
audit_development_fold1_1eb5abbc89fa/attention_rank_2026_refit,19,0.03622459527105093,0.0005981818181818181,
audit_development_fold1_1eb5abbc89fa/attention_rank_2026_refit,20,0.026662967540323733,0.00063,
audit_development_fold0_4d4fbfac6a55/cross_modal_2026_refit,1,1.6609320640563965,3.5000000000000004e-05,
audit_development_fold0_4d4fbfac6a55/cross_modal_2026_refit,2,1.1081701040267944,6.045454545454546e-05,
audit_development_fold0_4d4fbfac6a55/cross_modal_2026_refit,3,0.8605908930301667,9.227272727272726e-05,
audit_development_fold0_4d4fbfac6a55/cross_modal_2026_refit,4,0.6636009842157364,0.0001240909090909091,
audit_development_fold0_4d4fbfac6a55/cross_modal_2026_refit,5,0.5940665453672409,0.0001559090909090909,
audit_development_fold0_4d4fbfac6a55/cross_modal_2026_refit,6,0.48751590251922605,0.00018772727272727273,
audit_development_fold0_4d4fbfac6a55/cross_modal_2026_refit,7,0.42341791093349457,0.00021954545454545455,
audit_development_fold0_4d4fbfac6a55/cross_modal_2026_refit,8,0.3794209688901901,0.00025136363636363637,
audit_development_fold0_4d4fbfac6a55/cross_modal_2026_refit,9,0.32612709105014803,0.00028318181818181817,
audit_development_fold0_4d4fbfac6a55/cross_modal_2026_refit,10,0.27953204661607745,0.000315,
audit_development_fold0_4d4fbfac6a55/cross_modal_42_tune,1,1.7718371897935867,3.5000000000000004e-05,0.8408990051351944
audit_development_fold0_4d4fbfac6a55/cross_modal_42_tune,2,1.0855249613523483,6.363636363636364e-05,0.7173749071538539
audit_development_fold0_4d4fbfac6a55/cross_modal_42_tune,3,0.8089937418699265,9.545454545454545e-05,0.6666505333856997
audit_development_fold0_4d4fbfac6a55/cross_modal_42_tune,4,0.7396428510546684,0.00012727272727272728,0.6604135090767886
audit_development_fold0_4d4fbfac6a55/cross_modal_42_tune,5,0.5902479067444801,0.00015909090909090907,0.6229107834863585
audit_development_fold0_4d4fbfac6a55/cross_modal_42_tune,6,0.5082662105560303,0.0001909090909090909,0.6232736867639057
audit_development_fold0_4d4fbfac6a55/cross_modal_42_tune,7,0.4412248805165291,0.00022272727272727272,0.6140489643793601
audit_development_fold0_4d4fbfac6a55/cross_modal_42_tune,8,0.3923875018954277,0.00025454545454545456,0.6048210772761465
audit_development_fold0_4d4fbfac6a55/cross_modal_42_tune,9,0.35758743435144424,0.00028636363636363636,0.6123458519605429
audit_development_fold0_4d4fbfac6a55/cross_modal_42_tune,10,0.3296371251344681,0.00031818181818181815,0.612608569774329
audit_development_fold0_4d4fbfac6a55/cross_modal_42_tune,11,0.28484107181429863,0.00035,0.6209300296702099
audit_development_fold0_4d4fbfac6a55/cross_modal_42_tune,12,0.259264150634408,0.0003818181818181818,0.601040597003011
audit_development_fold0_4d4fbfac6a55/cross_modal_42_tune,13,0.249658627435565,0.00041363636363636364,0.5904717083858143
audit_development_fold0_4d4fbfac6a55/cross_modal_42_tune,14,0.21812603622674942,0.00044545454545454543,0.5931395327847013
audit_development_fold0_4d4fbfac6a55/cross_modal_42_tune,15,0.2183303777128458,0.0004772727272727272,0.5924695738586645
audit_development_fold0_4d4fbfac6a55/cross_modal_42_tune,16,0.17676389403641224,0.0005090909090909091,0.5872294042460044
audit_development_fold0_4d4fbfac6a55/cross_modal_42_tune,17,0.16807208396494389,0.0005409090909090909,0.5824784437164281
audit_development_fold0_4d4fbfac6a55/cross_modal_42_tune,18,0.1579331597313285,0.0005727272727272727,0.5835484791098114
audit_development_fold0_4d4fbfac6a55/cross_modal_42_tune,19,0.12524857837706804,0.0006045454545454545,0.5805898607177513
audit_development_fold0_4d4fbfac6a55/cross_modal_42_tune,20,0.1104599330574274,0.0006363636363636363,0.5816127738845286
audit_development_fold0_4d4fbfac6a55/cross_modal_42_tune,21,0.0930896895006299,0.0006681818181818182,0.6015969416870555
audit_development_fold0_4d4fbfac6a55/cross_modal_42_tune,22,0.09583299607038498,0.0007,0.6002307656804392
audit_development_fold0_4d4fbfac6a55/cross_modal_42_tune,23,0.07052156049758196,0.0006999696429858325,0.5964814022046224
audit_development_fold0_4d4fbfac6a55/cross_modal_42_tune,24,0.06205252930521965,0.0006998606135890717,0.6047135449931116
audit_development_fold0_4d4fbfac6a55/cross_modal_42_tune,25,0.06158436043187976,0.0006996723197166356,0.6094247867441993
audit_development_fold0_4d4fbfac6a55/cross_modal_42_tune,26,0.05613692011684179,0.0006994048087704998,0.6076726540737338
audit_development_fold0_4d4fbfac6a55/cross_modal_42_tune,27,0.05072391778230667,0.0006990581480951143,0.606068150014104
audit_development_fold0_4d4fbfac6a55/cross_modal_42_tune,28,0.038994079222902656,0.0006986324249604505,0.6049530761017277
audit_development_fold0_4d4fbfac6a55/cross_modal_42_tune,29,0.03612568415701389,0.0006981277465400306,0.6134911242145281
audit_development_fold0_4d4fbfac6a55/cross_modal_42_tune,30,0.032884468557313085,0.0006975442398839483,0.6151731155224194
audit_development_fold0_4d4fbfac6a55/cross_modal_42_tune,31,0.02610055496916175,0.0006968820518868836,0.6251023072488944
audit_development_fold0_4d4fbfac6a55/cross_modal_42_tune,32,0.02737517631612718,0.0006961413492511237,0.636232218514589
audit_development_fold0_4d4fbfac6a55/cross_modal_42_tune,33,0.027178689604625106,0.0006953223184445961,0.6494202236736001
audit_development_fold0_4d4fbfac6a55/cross_modal_42_tune,34,0.024292901856824756,0.0006944251656539262,0.6525489818128155
audit_development_fold0_4d4fbfac6a55/cross_modal_42_tune,35,0.022253263276070356,0.0006934501167325313,0.6539949952524375
audit_development_fold0_4d4fbfac6a55/cross_modal_42_tune,36,0.02015537885017693,0.0006923974171437631,0.6556579526317514
audit_development_fold0_4d4fbfac6a55/cross_modal_42_tune,37,0.021252392092719674,0.0006912673318991136,0.647066464650096
audit_development_fold0_4d4fbfac6a55/cross_modal_42_tune,38,0.0183043034048751,0.0006900601454914996,0.6336230127962714
audit_development_fold0_4d4fbfac6a55/cross_modal_42_tune,39,0.018880249466747046,0.0006887761618236437,0.6264364045181957
audit_development_fold0_4d4fbfac6a55/cross_modal_42_refit,1,1.6617439568042756,3.5000000000000004e-05,
audit_development_fold0_4d4fbfac6a55/cross_modal_42_refit,2,0.9839252054691314,6.363636363636364e-05,
audit_development_fold0_4d4fbfac6a55/cross_modal_42_refit,3,0.7933624893426895,9.545454545454545e-05,
audit_development_fold0_4d4fbfac6a55/cross_modal_42_refit,4,0.6694853484630585,0.00012727272727272728,
audit_development_fold0_4d4fbfac6a55/cross_modal_42_refit,5,0.5536200642585755,0.00015909090909090907,
audit_development_fold0_4d4fbfac6a55/cross_modal_42_refit,6,0.48685063868761064,0.0001909090909090909,
audit_development_fold0_4d4fbfac6a55/cross_modal_42_refit,7,0.4518014848232269,0.00022272727272727272,
audit_development_fold0_4d4fbfac6a55/cross_modal_42_refit,8,0.40844362378120425,0.00025454545454545456,
audit_development_fold0_4d4fbfac6a55/cross_modal_42_refit,9,0.3598774611949921,0.00028636363636363636,
audit_development_fold0_4d4fbfac6a55/cross_modal_42_refit,10,0.32912265360355375,0.00031818181818181815,
audit_development_fold0_4d4fbfac6a55/cross_modal_42_refit,11,0.3118012845516205,0.00035,
audit_development_fold0_4d4fbfac6a55/cross_modal_42_refit,12,0.27789100259542465,0.0003818181818181818,
audit_development_fold0_4d4fbfac6a55/cross_modal_42_refit,13,0.27838228791952135,0.00041363636363636364,
audit_development_fold0_4d4fbfac6a55/cross_modal_42_refit,14,0.23348978757858277,0.00044545454545454543,
audit_development_fold0_4d4fbfac6a55/cross_modal_42_refit,15,0.23321549445390702,0.0004772727272727272,
audit_development_fold0_4d4fbfac6a55/cross_modal_42_refit,16,0.1709836259484291,0.0005090909090909091,
audit_development_fold0_4d4fbfac6a55/cross_modal_42_refit,17,0.19102947264909745,0.0005409090909090909,
audit_development_fold0_4d4fbfac6a55/cross_modal_42_refit,18,0.1665313310921192,0.0005727272727272727,
audit_development_fold0_4d4fbfac6a55/cross_modal_42_refit,19,0.14281506836414337,0.0006045454545454545,
audit_development_fold0_4d4fbfac6a55/ordinal_42_refit,1,2.372567903995514,3.5000000000000004e-05,
audit_development_fold0_4d4fbfac6a55/ordinal_42_refit,2,1.6621201515197754,6.363636363636364e-05,
audit_development_fold0_4d4fbfac6a55/ordinal_42_refit,3,1.2421061038970946,9.227272727272726e-05,
audit_development_fold0_4d4fbfac6a55/ordinal_42_refit,4,0.905783611536026,0.0001240909090909091,
audit_development_fold0_4d4fbfac6a55/ordinal_42_refit,5,0.7168733507394791,0.0001559090909090909,
audit_development_fold0_4d4fbfac6a55/ordinal_42_refit,6,0.5507110640406608,0.00018772727272727273,
audit_development_fold0_4d4fbfac6a55/ordinal_42_refit,7,0.4837440878152847,0.00021954545454545455,
audit_development_fold0_4d4fbfac6a55/ordinal_42_refit,8,0.40320907831192015,0.00025136363636363637,
audit_development_fold0_4d4fbfac6a55/ordinal_42_refit,9,0.3283847630023956,0.00028318181818181817,
audit_development_fold0_4d4fbfac6a55/audio_tune,1,1.5165737744713768,7.92325491909864e-06,0.8513381792166462
audit_development_fold0_4d4fbfac6a55/audio_tune,2,0.9479289360428125,6.937343569497522e-06,0.7669352302193277
audit_development_fold0_4d4fbfac6a55/audio_tune,3,0.7252857367706935,5.1165843322657055e-06,0.7233996960487659
audit_development_fold0_4d4fbfac6a55/audio_tune,4,0.6559191412721457,3.0600513814174287e-06,0.7171167769987785
audit_development_fold0_4d4fbfac6a55/audio_tune,5,0.5877716521826688,1.4443941902436136e-06,0.7094678343680046
audit_development_fold0_4d4fbfac6a55/audio_tune,6,0.5330143769616994,8.012033597971252e-07,0.6956548816111437
audit_development_fold0_4d4fbfac6a55/attention_rank_42_refit,1,1.5385190844535828,3.5000000000000004e-05,
audit_development_fold0_4d4fbfac6a55/attention_rank_42_refit,2,1.5096664071083068,5.7272727272727274e-05,
audit_development_fold0_4d4fbfac6a55/attention_rank_42_refit,3,1.5478848695755005,8.909090909090908e-05,
audit_development_fold0_4d4fbfac6a55/attention_rank_42_refit,4,1.1815188318490981,0.00012090909090909091,
audit_development_fold0_4d4fbfac6a55/attention_rank_42_refit,5,0.9395313680171966,0.00015272727272727272,
audit_development_fold0_4d4fbfac6a55/attention_rank_42_refit,6,0.6905248418450356,0.00018454545454545451,
audit_development_fold0_4d4fbfac6a55/attention_rank_42_refit,7,0.46545614004135133,0.00021636363636363636,
audit_development_fold0_4d4fbfac6a55/attention_rank_42_refit,8,0.38060895055532457,0.0002481818181818182,
audit_development_fold0_4d4fbfac6a55/attention_rank_42_refit,9,0.2665866702795029,0.00028000000000000003,
audit_development_fold0_4d4fbfac6a55/attention_rank_42_refit,10,0.150007513910532,0.0003118181818181818,
audit_development_fold0_4d4fbfac6a55/attention_rank_42_refit,11,0.08674947954714299,0.0003436363636363636,
audit_development_fold0_4d4fbfac6a55/attention_rank_42_refit,12,0.07397935390472413,0.00037545454545454546,
audit_development_fold0_4d4fbfac6a55/attention_rank_42_refit,13,0.05931042321026325,0.00040727272727272726,
audit_development_fold0_4d4fbfac6a55/attention_rank_42_refit,14,0.06024980917572975,0.0004390909090909091,
audit_development_fold0_4d4fbfac6a55/attention_rank_42_refit,15,0.05168879218399525,0.0004709090909090909,
audit_development_fold0_4d4fbfac6a55/attention_rank_42_refit,16,0.043358263559639454,0.0005027272727272727,
audit_development_fold0_4d4fbfac6a55/attention_rank_42_refit,17,0.03698598984628916,0.0005345454545454545,
audit_development_fold0_4d4fbfac6a55/cross_modal_2026_tune,1,1.7338097989559174,3.5000000000000004e-05,0.8521655376384105
audit_development_fold0_4d4fbfac6a55/cross_modal_2026_tune,2,1.118999294936657,6.363636363636364e-05,0.7383922118214483
audit_development_fold0_4d4fbfac6a55/cross_modal_2026_tune,3,0.8499117493629456,9.545454545454545e-05,0.622087256210798
audit_development_fold0_4d4fbfac6a55/cross_modal_2026_tune,4,0.7073499485850334,0.00012727272727272728,0.5982990750526014
audit_development_fold0_4d4fbfac6a55/cross_modal_2026_tune,5,0.5676957070827484,0.00015909090909090907,0.5842564478884545
audit_development_fold0_4d4fbfac6a55/cross_modal_2026_tune,6,0.48075560852885246,0.0001909090909090909,0.577652707405238
audit_development_fold0_4d4fbfac6a55/cross_modal_2026_tune,7,0.4113461598753929,0.00022272727272727272,0.596028464820476
audit_development_fold0_4d4fbfac6a55/cross_modal_2026_tune,8,0.3710116930305958,0.00025454545454545456,0.578662826523938
audit_development_fold0_4d4fbfac6a55/cross_modal_2026_tune,9,0.3256003148853779,0.00028636363636363636,0.5981496879899116
audit_development_fold0_4d4fbfac6a55/cross_modal_2026_tune,10,0.2866994831711054,0.00031818181818181815,0.5773513007192222
audit_development_fold0_4d4fbfac6a55/cross_modal_2026_tune,11,0.2722815778106451,0.00035,0.5931400814372904
audit_development_fold0_4d4fbfac6a55/cross_modal_2026_tune,12,0.2525103259831667,0.0003818181818181818,0.5988976741215486
audit_development_fold0_4d4fbfac6a55/cross_modal_2026_tune,13,0.22310154512524605,0.00041363636363636364,0.5959829794981821
audit_development_fold0_4d4fbfac6a55/cross_modal_2026_tune,14,0.21161681972444057,0.00044545454545454543,0.5981000718132897
audit_development_fold0_4d4fbfac6a55/cross_modal_2026_tune,15,0.20178821124136448,0.0004772727272727272,0.5838534475347568
audit_development_fold0_4d4fbfac6a55/cross_modal_2026_tune,16,0.17082113027572632,0.0005090909090909091,0.5844409324504772
audit_development_fold0_4d4fbfac6a55/cross_modal_2026_tune,17,0.17093138676136732,0.0005409090909090909,0.5992062930649755
audit_development_fold0_4d4fbfac6a55/cross_modal_2026_tune,18,0.14019096735864878,0.0005727272727272727,0.6088696463129272
audit_development_fold0_4d4fbfac6a55/cross_modal_2026_tune,19,0.1465672804042697,0.0006045454545454545,0.6254725395769511
audit_development_fold0_4d4fbfac6a55/cross_modal_2026_tune,20,0.12904979940503836,0.0006363636363636363,0.618493340536271
audit_development_fold0_4d4fbfac6a55/cross_modal_2026_tune,21,0.11220283433794975,0.0006681818181818182,0.6145872704707454
audit_development_fold0_4d4fbfac6a55/cross_modal_2026_tune,22,0.09856113791465759,0.0007,0.6033571248626732
audit_development_fold0_4d4fbfac6a55/cross_modal_2026_tune,23,0.07964098453521729,0.0006999696429858325,0.6005059853665895
audit_development_fold0_4d4fbfac6a55/cross_modal_2026_tune,24,0.07044697320088744,0.0006998606135890717,0.6020967101406575
audit_development_fold0_4d4fbfac6a55/cross_modal_2026_tune,25,0.052554938942193985,0.0006996723197166356,0.608345574689084
audit_development_fold0_4d4fbfac6a55/cross_modal_2026_tune,26,0.060302302706986666,0.0006994048087704998,0.608081331574901
audit_development_fold0_4d4fbfac6a55/cross_modal_2026_tune,27,0.05297028413042426,0.0006990581480951143,0.60908815746682
audit_development_fold0_4d4fbfac6a55/cross_modal_2026_tune,28,0.042350223287940025,0.0006986324249604505,0.6082624677014498
audit_development_fold0_4d4fbfac6a55/cross_modal_2026_tune,29,0.04318697773851454,0.0006981277465400306,0.6105238432964298
audit_development_fold0_4d4fbfac6a55/cross_modal_2026_tune,30,0.03720989404246211,0.0006975442398839483,0.610018627852052
audit_development_fold0_4d4fbfac6a55/ordinal_2026_tune,1,2.3528695702552795,3.5795454545454544e-05,1.2131811388915579
audit_development_fold0_4d4fbfac6a55/ordinal_2026_tune,2,1.7602596580982208,6.761363636363636e-05,1.0241129606275254
audit_development_fold0_4d4fbfac6a55/ordinal_2026_tune,3,1.3803606629371643,9.943181818181819e-05,0.883304053120994
audit_development_fold0_4d4fbfac6a55/ordinal_2026_tune,4,1.115960255265236,0.00013125,0.7866715733951323
audit_development_fold0_4d4fbfac6a55/ordinal_2026_tune,5,0.8761680945754051,0.0001630681818181818,0.7091123089077914
audit_development_fold0_4d4fbfac6a55/ordinal_2026_tune,6,0.6625808775424957,0.0001948863636363636,0.6506459978982425
audit_development_fold0_4d4fbfac6a55/ordinal_2026_tune,7,0.5012479238212109,0.00022670454545454545,0.636809847299734
audit_development_fold0_4d4fbfac6a55/ordinal_2026_tune,8,0.3954045921564102,0.0002585227272727273,0.615361838198847
audit_development_fold0_4d4fbfac6a55/ordinal_2026_tune,9,0.30994023010134697,0.0002903409090909091,0.5922350563497539
audit_development_fold0_4d4fbfac6a55/ordinal_2026_tune,10,0.2514051552861929,0.0003221590909090909,0.5752470115247169
audit_development_fold0_4d4fbfac6a55/ordinal_2026_tune,11,0.2270527482032776,0.00035397727272727273,0.5612688945527566
audit_development_fold0_4d4fbfac6a55/ordinal_2026_tune,12,0.1796445157378912,0.00038579545454545453,0.5781336436131992
audit_development_fold0_4d4fbfac6a55/ordinal_2026_tune,13,0.14917447417974472,0.0004176136363636363,0.5854470438169787
audit_development_fold0_4d4fbfac6a55/ordinal_2026_tune,14,0.11933853290975094,0.0004494318181818182,0.5869023534085371
audit_development_fold0_4d4fbfac6a55/ordinal_2026_tune,15,0.08913496509194374,0.00048125,0.5985537672997988
audit_development_fold0_4d4fbfac6a55/ordinal_2026_tune,16,0.07121221302077174,0.0005130681818181818,0.6171928238705869
audit_development_fold0_4d4fbfac6a55/ordinal_2026_tune,17,0.05107891606166959,0.0005448863636363636,0.6183729769321837
audit_development_fold0_4d4fbfac6a55/ordinal_2026_tune,18,0.04070732486434281,0.0005767045454545454,0.6302865082786094
audit_development_fold0_4d4fbfac6a55/ordinal_2026_tune,19,0.02679741638712585,0.0006085227272727272,0.6422356124685288
audit_development_fold0_4d4fbfac6a55/ordinal_2026_tune,20,0.023642682936042547,0.0006403409090909091,0.6344070559088867
audit_development_fold0_4d4fbfac6a55/ordinal_2026_tune,21,0.017528825788758695,0.0006721590909090909,0.6369455200777351
audit_development_fold0_4d4fbfac6a55/ordinal_2026_tune,22,0.014083969173952937,0.0007,0.6381395076162532
audit_development_fold0_4d4fbfac6a55/ordinal_2026_tune,23,0.015508349635638297,0.0006999603502172707,0.6376643214349558
audit_development_fold0_4d4fbfac6a55/ordinal_2026_tune,24,0.00977238139603287,0.0006998414108507033,0.6315944250744856
audit_development_fold0_4d4fbfac6a55/ordinal_2026_tune,25,0.008820634393487126,0.0006996432118426475,0.6242875500364371
audit_development_fold0_4d4fbfac6a55/ordinal_2026_tune,26,0.010605953459162265,0.0006993658030886436,0.6255271506154787
audit_development_fold0_4d4fbfac6a55/ordinal_2026_tune,27,0.014910708763636649,0.0006990092544248618,0.6370306568621426
audit_development_fold0_4d4fbfac6a55/ordinal_2026_tune,28,0.025631997734308243,0.0006985736556105217,0.642678155881858
audit_development_fold0_4d4fbfac6a55/ordinal_2026_tune,29,0.016490290174260736,0.000698059116305295,0.6529255414537845
audit_development_fold0_4d4fbfac6a55/ordinal_2026_tune,30,0.02616345847491175,0.0006974657660417005,0.6696662559263598
audit_development_fold0_4d4fbfac6a55/ordinal_2026_tune,31,0.020342333242297173,0.0006967937541924939,0.6647896529213012
audit_development_fold0_4d4fbfac6a55/ordinal_42_tune,1,2.4055920094251633,3.5795454545454544e-05,1.2250418721528396
audit_development_fold0_4d4fbfac6a55/ordinal_42_tune,2,1.7134158164262772,6.761363636363636e-05,1.0131249563164733
audit_development_fold0_4d4fbfac6a55/ordinal_42_tune,3,1.2923159152269363,9.943181818181819e-05,0.8463128270401316
audit_development_fold0_4d4fbfac6a55/ordinal_42_tune,4,1.0067552402615547,0.00013125,0.73817201417321
audit_development_fold0_4d4fbfac6a55/ordinal_42_tune,5,0.7657790035009384,0.0001630681818181818,0.6620831803861353
audit_development_fold0_4d4fbfac6a55/ordinal_42_tune,6,0.5936643406748772,0.0001948863636363636,0.6349008467025208
audit_development_fold0_4d4fbfac6a55/ordinal_42_tune,7,0.48574666306376457,0.00022670454545454545,0.6236130466125855
audit_development_fold0_4d4fbfac6a55/ordinal_42_tune,8,0.41171417012810707,0.0002585227272727273,0.602534709055943
audit_development_fold0_4d4fbfac6a55/ordinal_42_tune,9,0.3297494389116764,0.0002903409090909091,0.5665680765685838
audit_development_fold0_4d4fbfac6a55/ordinal_42_tune,10,0.26183564215898514,0.0003221590909090909,0.5764384051631622
audit_development_fold0_4d4fbfac6a55/ordinal_42_tune,11,0.22148645669221878,0.00035397727272727273,0.588547830277425
audit_development_fold0_4d4fbfac6a55/ordinal_42_tune,12,0.17243637889623642,0.00038579545454545453,0.577077926681892
audit_development_fold0_4d4fbfac6a55/ordinal_42_tune,13,0.13945900462567806,0.0004176136363636363,0.5799568377011824
audit_development_fold0_4d4fbfac6a55/ordinal_42_tune,14,0.11481948755681515,0.0004494318181818182,0.5866454278872616
audit_development_fold0_4d4fbfac6a55/ordinal_42_tune,15,0.08562524802982807,0.00048125,0.5906454415429955
audit_development_fold0_4d4fbfac6a55/ordinal_42_tune,16,0.06569747906178236,0.0005130681818181818,0.605789607732807
audit_development_fold0_4d4fbfac6a55/ordinal_42_tune,17,0.0561506706289947,0.0005448863636363636,0.6158141007368081
audit_development_fold0_4d4fbfac6a55/ordinal_42_tune,18,0.04253404960036278,0.0005767045454545454,0.6016061002103682
audit_development_fold0_4d4fbfac6a55/ordinal_42_tune,19,0.0339906164444983,0.0006085227272727272,0.6155543456401946
audit_development_fold0_4d4fbfac6a55/ordinal_42_tune,20,0.027616450330242515,0.0006403409090909091,0.6246472853182755
audit_development_fold0_4d4fbfac6a55/ordinal_42_tune,21,0.025010833982378244,0.0006721590909090909,0.610301438339929
audit_development_fold0_4d4fbfac6a55/ordinal_42_tune,22,0.023976802360266447,0.0007,0.6140550542709072
audit_development_fold0_4d4fbfac6a55/ordinal_42_tune,23,0.020456989645026624,0.0006999603502172707,0.6181829805356712
audit_development_fold0_4d4fbfac6a55/ordinal_42_tune,24,0.02690937591250986,0.0006998414108507033,0.6217754469773676
audit_development_fold0_4d4fbfac6a55/ordinal_42_tune,25,0.027048628078773618,0.0006996432118426475,0.6284500458736767
audit_development_fold0_4d4fbfac6a55/ordinal_42_tune,26,0.028849470196291804,0.0006993658030886436,0.6530627201495488
audit_development_fold0_4d4fbfac6a55/ordinal_42_tune,27,0.0210078083910048,0.0006990092544248618,0.6742879682419033
audit_development_fold0_4d4fbfac6a55/ordinal_42_tune,28,0.013839906197972596,0.0006985736556105217,0.673630441689459
audit_development_fold0_4d4fbfac6a55/ordinal_42_tune,29,0.009942659584339708,0.000698059116305295,0.6756784702377889
audit_development_fold0_4d4fbfac6a55/attention_rank_42_tune,1,1.6622666269540787,3.5000000000000004e-05,1.2422122811632796
audit_development_fold0_4d4fbfac6a55/attention_rank_42_tune,2,1.6427787393331528,5.96590909090909e-05,1.2271871110533643
audit_development_fold0_4d4fbfac6a55/attention_rank_42_tune,3,1.5080730468034744,9.147727272727272e-05,1.1938244711656383
audit_development_fold0_4d4fbfac6a55/attention_rank_42_tune,4,1.4323145598173141,0.0001193181818181818,1.141372374956519
audit_development_fold0_4d4fbfac6a55/attention_rank_42_tune,5,1.1480977833271027,0.00015113636363636363,1.0519124811990086
audit_development_fold0_4d4fbfac6a55/attention_rank_42_tune,6,0.8708076253533363,0.00018295454545454545,0.9438194042801922
audit_development_fold0_4d4fbfac6a55/attention_rank_42_tune,7,0.6478814072906971,0.00021477272727272727,0.8361315653713618
audit_development_fold0_4d4fbfac6a55/attention_rank_42_tune,8,0.4392980094999075,0.0002465909090909091,0.7633751401346706
audit_development_fold0_4d4fbfac6a55/attention_rank_42_tune,9,0.29297886975109577,0.0002784090909090909,0.7122557375348619
audit_development_fold0_4d4fbfac6a55/attention_rank_42_tune,10,0.1877987626940012,0.00031022727272727273,0.6614009508217703
audit_development_fold0_4d4fbfac6a55/attention_rank_42_tune,11,0.12386449053883553,0.0003420454545454546,0.6262241398917078
audit_development_fold0_4d4fbfac6a55/attention_rank_42_tune,12,0.08194547239691019,0.0003738636363636363,0.5807455561146334
audit_development_fold0_4d4fbfac6a55/attention_rank_42_tune,13,0.054210695903748274,0.0004056818181818182,0.5630564773919191
audit_development_fold0_4d4fbfac6a55/attention_rank_42_tune,14,0.0435563491191715,0.0004375,0.5549328296004122
audit_development_fold0_4d4fbfac6a55/attention_rank_42_tune,15,0.04417043807916343,0.0004693181818181818,0.555399293324106
audit_development_fold0_4d4fbfac6a55/attention_rank_42_tune,16,0.04231199459172785,0.0005011363636363636,0.5509135070960933
audit_development_fold0_4d4fbfac6a55/attention_rank_42_tune,17,0.037687572883442044,0.0005329545454545454,0.5448147753430613
audit_development_fold0_4d4fbfac6a55/attention_rank_42_tune,18,0.032713623251765966,0.0005647727272727272,0.5491048923611702
audit_development_fold0_4d4fbfac6a55/attention_rank_42_tune,19,0.026603835402056575,0.0005965909090909091,0.5550871586015476
audit_development_fold0_4d4fbfac6a55/attention_rank_42_tune,20,0.026764471316710114,0.0006284090909090909,0.5506833351854957
audit_development_fold0_4d4fbfac6a55/attention_rank_42_tune,21,0.030995354987680912,0.0006602272727272727,0.5531870351805013
audit_development_fold0_4d4fbfac6a55/attention_rank_42_tune,22,0.03063539182767272,0.0006920454545454545,0.5517941848904008
audit_development_fold0_4d4fbfac6a55/attention_rank_42_tune,23,0.023208658443763852,0.0006999845116056157,0.5536125050818871
audit_development_fold0_4d4fbfac6a55/attention_rank_42_tune,24,0.021272112149745226,0.0006998953033961156,0.5513247366600073
audit_development_fold0_4d4fbfac6a55/attention_rank_42_tune,25,0.017570781987160444,0.0006997268219779668,0.5526814973574958
audit_development_fold0_4d4fbfac6a55/attention_rank_42_tune,26,0.016876607318408787,0.0006994791097654655,0.5510344063498859
audit_development_fold0_4d4fbfac6a55/attention_rank_42_tune,27,0.019950108253397048,0.0006991522291188366,0.5523048407800591
audit_development_fold0_4d4fbfac6a55/attention_rank_42_tune,28,0.023250816855579615,0.0006987462623285344,0.5557797797658925
audit_development_fold0_4d4fbfac6a55/attention_rank_42_tune,29,0.019166201818734407,0.0006982613115945277,0.5550283172862257
audit_development_fold0_4d4fbfac6a55/attention_rank_42_tune,30,0.018059155787341297,0.0006976974990005703,0.5556124196681033
audit_development_fold0_4d4fbfac6a55/attention_rank_42_tune,31,0.016278265160508454,0.0006970549664834676,0.5533672145899646
audit_development_fold0_4d4fbfac6a55/attention_rank_42_tune,32,0.015564051107503474,0.0006963338757973446,0.5524023261318508
audit_development_fold0_4d4fbfac6a55/attention_rank_42_tune,33,0.014305689954198897,0.0006955344084729254,0.5540791326071646
audit_development_fold0_4d4fbfac6a55/attention_rank_42_tune,34,0.013840696192346513,0.0006946567657718335,0.5532605278863207
audit_development_fold0_4d4fbfac6a55/attention_rank_42_tune,35,0.013007107889279723,0.0006937011686359257,0.5530131712241361
audit_development_fold0_4d4fbfac6a55/attention_rank_42_tune,36,0.012192661059089005,0.0006926678576316703,0.5530153104801226
audit_development_fold0_4d4fbfac6a55/attention_rank_42_tune,37,0.011972793843597174,0.0006915570928895871,0.5538867837027329
audit_development_fold0_4d4fbfac6a55/audio_refit,1,1.436176967826383,7.927539015459474e-06,
audit_development_fold0_4d4fbfac6a55/audio_refit,2,0.963386400377956,6.9523071445421e-06,
audit_development_fold0_4d4fbfac6a55/audio_refit,3,0.7264903770267278,5.137304005034687e-06,
audit_development_fold0_4d4fbfac6a55/audio_refit,4,0.6680609659944801,3.079709874482746e-06,
audit_development_fold0_4d4fbfac6a55/audio_refit,5,0.564527961367677,1.4565233801682697e-06,
audit_development_fold0_4d4fbfac6a55/audio_refit,6,0.5299573340720829,8.018124474205337e-07,
audit_development_fold0_4d4fbfac6a55/attention_rank_2026_tune,1,1.5948223620653152,3.5000000000000004e-05,1.2420309104888536
audit_development_fold0_4d4fbfac6a55/attention_rank_2026_tune,2,1.5652474761009216,5.96590909090909e-05,1.2270489132426676
audit_development_fold0_4d4fbfac6a55/attention_rank_2026_tune,3,1.4739717543125153,9.147727272727272e-05,1.1934182679394232
audit_development_fold0_4d4fbfac6a55/attention_rank_2026_tune,4,1.3493885695934296,0.00012329545454545454,1.1325542633490058
audit_development_fold0_4d4fbfac6a55/attention_rank_2026_tune,5,1.1344551220536232,0.00015511363636363636,1.0461983785082587
audit_development_fold0_4d4fbfac6a55/attention_rank_2026_tune,6,0.8655353635549545,0.00018693181818181816,0.9441478045940418
audit_development_fold0_4d4fbfac6a55/attention_rank_2026_tune,7,0.5943966545164585,0.00021875,0.8496229015546242
audit_development_fold0_4d4fbfac6a55/attention_rank_2026_tune,8,0.41036791168153286,0.0002505681818181818,0.7799405870650594
audit_development_fold0_4d4fbfac6a55/attention_rank_2026_tune,9,0.2755192145705223,0.0002823863636363636,0.71327678500206
audit_development_fold0_4d4fbfac6a55/attention_rank_2026_tune,10,0.16799032408744097,0.00031420454545454547,0.6572671725209099
audit_development_fold0_4d4fbfac6a55/attention_rank_2026_tune,11,0.13869575690478086,0.00034602272727272726,0.6112820932756994
audit_development_fold0_4d4fbfac6a55/attention_rank_2026_tune,12,0.07530971337109804,0.0003778409090909091,0.5780148422422784
audit_development_fold0_4d4fbfac6a55/attention_rank_2026_tune,13,0.06291955895721912,0.0004096590909090909,0.5728149335444486
audit_development_fold0_4d4fbfac6a55/attention_rank_2026_tune,14,0.05445547727867961,0.00044147727272727275,0.5590652484387498
audit_development_fold0_4d4fbfac6a55/attention_rank_2026_tune,15,0.04697947017848492,0.00047329545454545454,0.5492296295514395
audit_development_fold0_4d4fbfac6a55/attention_rank_2026_tune,16,0.04139932291582227,0.0005051136363636363,0.5575517388822656
audit_development_fold0_4d4fbfac6a55/attention_rank_2026_tune,17,0.04100881516933441,0.0005369318181818182,0.5566479442910697
audit_development_fold0_4d4fbfac6a55/attention_rank_2026_tune,18,0.03811368579044938,0.00056875,0.5558447746268395
audit_development_fold0_4d4fbfac6a55/attention_rank_2026_tune,19,0.039316763170063496,0.0006005681818181818,0.55936327755337
audit_development_fold0_4d4fbfac6a55/attention_rank_2026_tune,20,0.038755814312025905,0.0006323863636363636,0.5602475227881801
audit_development_fold0_4d4fbfac6a55/attention_rank_2026_tune,21,0.032829380594193935,0.0006642045454545454,0.559444428414955
audit_development_fold0_4d4fbfac6a55/attention_rank_2026_tune,22,0.032605050364509225,0.0006960227272727272,0.5588090631396258
audit_development_fold0_4d4fbfac6a55/attention_rank_2026_tune,23,0.02811847976408899,0.0006999776967925075,0.5625514182667904
audit_development_fold0_4d4fbfac6a55/attention_rank_2026_tune,24,0.02314466587267816,0.0006998785777944304,0.5617562378592162
audit_development_fold0_4d4fbfac6a55/attention_rank_2026_tune,25,0.020086317090317607,0.0006997001897982852,0.5677990164462381
audit_development_fold0_4d4fbfac6a55/attention_rank_2026_tune,26,0.01923982158768922,0.0006994425777122963,0.5695770532990437
audit_development_fold0_4d4fbfac6a55/attention_rank_2026_tune,27,0.01697247929405421,0.0006991058063889286,0.5663887837121722
audit_development_fold0_4d4fbfac6a55/attention_rank_2026_tune,28,0.01508142810780555,0.000698689960608562,0.5614751931325044
audit_development_fold0_4d4fbfac6a55/attention_rank_2026_tune,29,0.01679472380783409,0.0006981951450581477,0.5589690627940685
audit_development_fold0_4d4fbfac6a55/attention_rank_2026_tune,30,0.014791189460083842,0.0006976214843048543,0.5585029435719624
audit_development_fold0_4d4fbfac6a55/attention_rank_2026_tune,31,0.013669320149347186,0.0006969691227647086,0.5584161433354129
audit_development_fold0_4d4fbfac6a55/attention_rank_2026_tune,32,0.015403132536448538,0.00069623822466624,0.5600495003384732
audit_development_fold0_4d4fbfac6a55/attention_rank_2026_tune,33,0.01432694448158145,0.0006954289740091357,0.5592591917044005
audit_development_fold0_4d4fbfac6a55/attention_rank_2026_tune,34,0.01321208942681551,0.0006945415745179214,0.561115024579192
audit_development_fold0_4d4fbfac6a55/attention_rank_2026_tune,35,0.011774672893807292,0.0006935762495906731,0.5631222616217606
audit_development_fold0_4d4fbfac6a55/residual_42_refit,1,1.517799836397171,3.5000000000000004e-05,
audit_development_fold0_4d4fbfac6a55/residual_42_refit,2,1.4896831870079041,5.7272727272727274e-05,
audit_development_fold0_4d4fbfac6a55/residual_42_refit,3,1.53085116147995,8.909090909090908e-05,
audit_development_fold0_4d4fbfac6a55/residual_42_refit,4,1.1643722459673882,0.00012090909090909091,
audit_development_fold0_4d4fbfac6a55/residual_42_refit,5,0.9252297818660736,0.00015272727272727272,
audit_development_fold0_4d4fbfac6a55/residual_42_refit,6,0.6803591266274452,0.00018454545454545451,
audit_development_fold0_4d4fbfac6a55/residual_42_refit,7,0.46118945330381395,0.00021636363636363636,
audit_development_fold0_4d4fbfac6a55/residual_42_refit,8,0.3759230777621269,0.0002481818181818182,
audit_development_fold0_4d4fbfac6a55/residual_42_refit,9,0.25984686687588693,0.00028000000000000003,
audit_development_fold0_4d4fbfac6a55/residual_42_refit,10,0.14169148150831462,0.0003118181818181818,
audit_development_fold0_4d4fbfac6a55/residual_42_refit,11,0.0856851153075695,0.0003436363636363636,
audit_development_fold0_4d4fbfac6a55/residual_42_refit,12,0.05806378275156021,0.00037545454545454546,
audit_development_fold0_4d4fbfac6a55/residual_42_refit,13,0.05935752987861633,0.00040727272727272726,
audit_development_fold0_4d4fbfac6a55/residual_42_refit,14,0.04816739112138748,0.0004390909090909091,
audit_development_fold0_4d4fbfac6a55/residual_42_refit,15,0.05441681295633316,0.0004709090909090909,
audit_development_fold0_4d4fbfac6a55/residual_42_refit,16,0.030239664763212205,0.0005027272727272727,
audit_development_fold0_4d4fbfac6a55/residual_42_refit,17,0.023900744691491126,0.0005345454545454545,
audit_development_fold0_4d4fbfac6a55/ordinal_2026_refit,1,2.2414135098457337,3.5000000000000004e-05,
audit_development_fold0_4d4fbfac6a55/ordinal_2026_refit,2,1.721756374835968,6.681818181818182e-05,
audit_development_fold0_4d4fbfac6a55/ordinal_2026_refit,3,1.293733948469162,9.863636363636362e-05,
audit_development_fold0_4d4fbfac6a55/ordinal_2026_refit,4,1.0205332934856415,0.00013045454545454544,
audit_development_fold0_4d4fbfac6a55/ordinal_2026_refit,5,0.799125075340271,0.00015909090909090907,
audit_development_fold0_4d4fbfac6a55/ordinal_2026_refit,6,0.5788121193647384,0.0001909090909090909,
audit_development_fold0_4d4fbfac6a55/ordinal_2026_refit,7,0.4537798434495926,0.00022272727272727272,
audit_development_fold0_4d4fbfac6a55/ordinal_2026_refit,8,0.3558933883905411,0.00025454545454545456,
audit_development_fold0_4d4fbfac6a55/ordinal_2026_refit,9,0.3092036694288254,0.00028636363636363636,
audit_development_fold0_4d4fbfac6a55/ordinal_2026_refit,10,0.2591987580060959,0.00031818181818181815,
audit_development_fold0_4d4fbfac6a55/ordinal_2026_refit,11,0.2300635263323784,0.00035,
audit_development_fold0_4d4fbfac6a55/text_tune,1,1.4748773144955716,9.98963852487804e-06,0.8038792129438193
audit_development_fold0_4d4fbfac6a55/text_tune,2,0.7672321927220969,9.44001204085941e-06,0.5929161425960123
audit_development_fold0_4d4fbfac6a55/text_tune,3,0.6770387927091188,8.187213662662539e-06,0.6067327854988348
audit_development_fold0_4d4fbfac6a55/text_tune,4,0.5035319510072972,6.409979075494172e-06,0.6208291653293846
audit_development_fold0_4d4fbfac6a55/text_tune,5,0.4319176551299902,4.462228581659019e-06,0.6277870432483913
audit_development_fold0_4d4fbfac6a55/residual_2026_refit,1,1.5872950434684754,3.5000000000000004e-05,
audit_development_fold0_4d4fbfac6a55/residual_2026_refit,2,1.5209238052368164,5.7272727272727274e-05,
audit_development_fold0_4d4fbfac6a55/residual_2026_refit,3,1.391388440132141,8.909090909090908e-05,
audit_development_fold0_4d4fbfac6a55/residual_2026_refit,4,1.2254855811595917,0.00012090909090909091,
audit_development_fold0_4d4fbfac6a55/residual_2026_refit,5,0.9992734432220459,0.00015272727272727272,
audit_development_fold0_4d4fbfac6a55/residual_2026_refit,6,0.706568244099617,0.00018454545454545451,
audit_development_fold0_4d4fbfac6a55/residual_2026_refit,7,0.4581776259467006,0.00021636363636363636,
audit_development_fold0_4d4fbfac6a55/residual_2026_refit,8,0.3155211493372917,0.0002481818181818182,
audit_development_fold0_4d4fbfac6a55/residual_2026_refit,9,0.23011302351951599,0.00028000000000000003,
audit_development_fold0_4d4fbfac6a55/residual_2026_refit,10,0.15786679908633233,0.0003118181818181818,
audit_development_fold0_4d4fbfac6a55/residual_2026_refit,11,0.10607151016592979,0.0003436363636363636,
audit_development_fold0_4d4fbfac6a55/residual_2026_refit,12,0.09723681472241878,0.00037545454545454546,
audit_development_fold0_4d4fbfac6a55/residual_2026_refit,13,0.05802215747535229,0.00040727272727272726,
audit_development_fold0_4d4fbfac6a55/residual_2026_refit,14,0.05502777099609375,0.0004390909090909091,
audit_development_fold0_4d4fbfac6a55/residual_2026_refit,15,0.05116379410028458,0.0004709090909090909,
audit_development_fold0_4d4fbfac6a55/residual_2026_refit,16,0.035581538919359446,0.0005027272727272727,
audit_development_fold0_4d4fbfac6a55/residual_2026_refit,17,0.03376052263192832,0.0005345454545454545,
audit_development_fold0_4d4fbfac6a55/residual_2026_refit,18,0.026973635237663985,0.0005663636363636363,
audit_development_fold0_4d4fbfac6a55/residual_2026_refit,19,0.024391382932662964,0.0005981818181818181,
audit_development_fold0_4d4fbfac6a55/residual_2026_refit,20,0.029211871325969696,0.00063,
audit_development_fold0_4d4fbfac6a55/residual_2026_refit,21,0.016751401987858117,0.0006618181818181818,
audit_development_fold0_4d4fbfac6a55/residual_2026_refit,22,0.020669933687895537,0.0006936363636363636,
audit_development_fold0_4d4fbfac6a55/residual_2026_refit,23,0.03621087428182364,0.0006999805713985893,
audit_development_fold0_4d4fbfac6a55/residual_2026_refit,24,0.0297825884539634,0.0006998854166713387,
audit_development_fold0_4d4fbfac6a55/residual_2026_refit,25,0.019034659396857022,0.0006997109912243696,
audit_development_fold0_4d4fbfac6a55/residual_2026_refit,26,0.012823846796527505,0.0006994573389683556,
audit_development_fold0_4d4fbfac6a55/residual_2026_refit,27,0.019212958216667176,0.0006991245237588955,
audit_development_fold0_4d4fbfac6a55/residual_2026_refit,28,0.014860603678971528,0.0006987126293804386,
audit_development_fold0_4d4fbfac6a55/residual_2026_refit,29,0.012360037583857775,0.0006982217595251918,
audit_development_fold0_4d4fbfac6a55/residual_2026_refit,30,0.009312332468107342,0.0006976520377670165,
audit_development_fold0_4d4fbfac6a55/residual_2026_tune,1,1.5740718096494675,3.5000000000000004e-05,1.2420739667971186
audit_development_fold0_4d4fbfac6a55/residual_2026_tune,2,1.5446642562747002,5.96590909090909e-05,1.227201335257821
audit_development_fold0_4d4fbfac6a55/residual_2026_tune,3,1.454059675335884,9.147727272727272e-05,1.1934207563094894
audit_development_fold0_4d4fbfac6a55/residual_2026_tune,4,1.3307649493217468,0.00012329545454545454,1.132979773530908
audit_development_fold0_4d4fbfac6a55/residual_2026_tune,5,1.1186264753341675,0.00015511363636363636,1.047192154882606
audit_development_fold0_4d4fbfac6a55/residual_2026_tune,6,0.8537285104393959,0.00018693181818181816,0.9459533211415108
audit_development_fold0_4d4fbfac6a55/residual_2026_tune,7,0.5877032056450844,0.00021875,0.852476084232914
audit_development_fold0_4d4fbfac6a55/residual_2026_tune,8,0.4086031373590231,0.0002505681818181818,0.7827470328589977
audit_development_fold0_4d4fbfac6a55/residual_2026_tune,9,0.27171345613896847,0.0002823863636363636,0.7118554063063095
audit_development_fold0_4d4fbfac6a55/residual_2026_tune,10,0.17144476808607578,0.00031420454545454547,0.6516895922107221
audit_development_fold0_4d4fbfac6a55/residual_2026_tune,11,0.11937168566510081,0.00034602272727272726,0.6093940769021287
audit_development_fold0_4d4fbfac6a55/residual_2026_tune,12,0.06431802222505212,0.0003778409090909091,0.5824237420803088
audit_development_fold0_4d4fbfac6a55/residual_2026_tune,13,0.06082853442057967,0.0004096590909090909,0.5662727295155913
audit_development_fold0_4d4fbfac6a55/residual_2026_tune,14,0.05283239181153476,0.00044147727272727275,0.5634225397198045
audit_development_fold0_4d4fbfac6a55/residual_2026_tune,15,0.039750737603753805,0.00047329545454545454,0.5636261586455585
audit_development_fold0_4d4fbfac6a55/residual_2026_tune,16,0.027109907940030098,0.0005051136363636363,0.5672212808473296
audit_development_fold0_4d4fbfac6a55/residual_2026_tune,17,0.03620530618354678,0.0005369318181818182,0.5680293829750249
audit_development_fold0_4d4fbfac6a55/residual_2026_tune,18,0.025491178268566728,0.00056875,0.5677553558397217
audit_development_fold0_4d4fbfac6a55/residual_2026_tune,19,0.0309152714908123,0.0006005681818181818,0.5680933269953181
audit_development_fold0_4d4fbfac6a55/residual_2026_tune,20,0.03433599625714123,0.0006323863636363636,0.5682041335031176
audit_development_fold0_4d4fbfac6a55/residual_2026_tune,21,0.029530024621635675,0.0006642045454545454,0.5633653618432152
audit_development_fold0_4d4fbfac6a55/residual_2026_tune,22,0.0312982180621475,0.0006960227272727272,0.5605161748728466
audit_development_fold0_4d4fbfac6a55/residual_2026_tune,23,0.02058448945172131,0.0006999776967925075,0.5600605363529968
audit_development_fold0_4d4fbfac6a55/residual_2026_tune,24,0.01681000052485615,0.0006998785777944304,0.5591392504256604
audit_development_fold0_4d4fbfac6a55/residual_2026_tune,25,0.015547563089057803,0.0006997001897982852,0.5649089068306404
audit_development_fold0_4d4fbfac6a55/residual_2026_tune,26,0.011234036646783352,0.0006994425777122963,0.5645176238005883
audit_development_fold0_4d4fbfac6a55/residual_2026_tune,27,0.009313197049777955,0.0006991058063889286,0.5621318014464677
audit_development_fold0_4d4fbfac6a55/residual_2026_tune,28,0.008869891229551286,0.000698689960608562,0.5605415663995473
audit_development_fold0_4d4fbfac6a55/residual_2026_tune,29,0.010738787241280079,0.0006981951450581477,0.5571328850083344
audit_development_fold0_4d4fbfac6a55/residual_2026_tune,30,0.00779323250753805,0.0006976214843048543,0.556329080957937
audit_development_fold0_4d4fbfac6a55/residual_2026_tune,31,0.006388618727214634,0.0006969691227647086,0.5564354830496153
audit_development_fold0_4d4fbfac6a55/residual_2026_tune,32,0.008137450320646167,0.00069623822466624,0.5578242970189533
audit_development_fold0_4d4fbfac6a55/residual_2026_tune,33,0.007456717197783291,0.0006954289740091357,0.557770614152435
audit_development_fold0_4d4fbfac6a55/residual_2026_tune,34,0.005502271058503538,0.0006945415745179214,0.5614264178189668
audit_development_fold0_4d4fbfac6a55/residual_2026_tune,35,0.004508764512138441,0.0006935762495906731,0.5626507327770685
audit_development_fold0_4d4fbfac6a55/residual_2026_tune,36,0.004312309523811564,0.000692533242242779,0.563849834818687
audit_development_fold0_4d4fbfac6a55/residual_2026_tune,37,0.004207667720038444,0.0006914128150457612,0.5638507768424356
audit_development_fold0_4d4fbfac6a55/residual_2026_tune,38,0.004477984912227839,0.0006902152500611748,0.5628023904120835
audit_development_fold0_4d4fbfac6a55/residual_2026_tune,39,0.0036363942781463265,0.0006889408487696005,0.5622958364055124
audit_development_fold0_4d4fbfac6a55/residual_2026_tune,40,0.004370959592051804,0.0006875899319947479,0.562989634800643
audit_development_fold0_4d4fbfac6a55/residual_2026_tune,41,0.004323653149185702,0.000686162839822691,0.5628271640330093
audit_development_fold0_4d4fbfac6a55/residual_2026_tune,42,0.003964529780205339,0.0006846599315162526,0.5631600328961692
audit_development_fold0_4d4fbfac6a55/residual_2026_tune,43,0.0036380428646225482,0.0006830815854245611,0.5626368295864147
audit_development_fold0_4d4fbfac6a55/residual_2026_tune,44,0.003242683786083944,0.000681428198887805,0.563282236265711
audit_development_fold0_4d4fbfac6a55/residual_2026_tune,45,0.003746370377484709,0.0006797001881372026,0.5634686570508118
audit_development_fold0_4d4fbfac6a55/residual_2026_tune,46,0.0033807836298365146,0.0006778979881902198,0.5634740559061682
audit_development_fold0_4d4fbfac6a55/residual_2026_tune,47,0.002803940325975418,0.0006760220527410553,0.5637841997209672
audit_development_fold0_4d4fbfac6a55/residual_2026_tune,48,0.0023835397587390617,0.0006740728540464265,0.5637452496909836
audit_development_fold0_4d4fbfac6a55/residual_2026_tune,49,0.002324521861737594,0.0006720508828066807,0.5627976929531794
audit_development_fold0_4d4fbfac6a55/residual_2026_tune,50,0.00252421764889732,0.0006699566480422649,0.5622976934551744
audit_development_fold0_4d4fbfac6a55/residual_42_tune,1,1.641520231962204,3.5000000000000004e-05,1.2421823882161858
audit_development_fold0_4d4fbfac6a55/residual_42_tune,2,1.6224727481603622,5.96590909090909e-05,1.2272098736360812
audit_development_fold0_4d4fbfac6a55/residual_42_tune,3,1.488325797021389,9.147727272727272e-05,1.1938068156677468
audit_development_fold0_4d4fbfac6a55/residual_42_tune,4,1.414587453007698,0.0001193181818181818,1.1417659465988734
audit_development_fold0_4d4fbfac6a55/residual_42_tune,5,1.1322545483708382,0.00015113636363636363,1.0526193994202504
audit_development_fold0_4d4fbfac6a55/residual_42_tune,6,0.858414962887764,0.00018295454545454545,0.9449256626655501
audit_development_fold0_4d4fbfac6a55/residual_42_tune,7,0.6384993605315685,0.00021477272727272727,0.8378068561792611
audit_development_fold0_4d4fbfac6a55/residual_42_tune,8,0.4350832588970661,0.0002465909090909091,0.76561989138295
audit_development_fold0_4d4fbfac6a55/residual_42_tune,9,0.2876228243112564,0.0002784090909090909,0.7145336983018714
audit_development_fold0_4d4fbfac6a55/residual_42_tune,10,0.18197365757077932,0.00031022727272727273,0.6617871669890864
audit_development_fold0_4d4fbfac6a55/residual_42_tune,11,0.11751995887607336,0.0003420454545454546,0.6288647395411798
audit_development_fold0_4d4fbfac6a55/residual_42_tune,12,0.07380182622000575,0.0003738636363636363,0.5833345773050153
audit_development_fold0_4d4fbfac6a55/residual_42_tune,13,0.04910826915875077,0.0004056818181818182,0.5627158779514467
audit_development_fold0_4d4fbfac6a55/residual_42_tune,14,0.04257226502522826,0.0004375,0.555585252025825
audit_development_fold0_4d4fbfac6a55/residual_42_tune,15,0.04182957112789154,0.0004693181818181818,0.5581613849318803
audit_development_fold0_4d4fbfac6a55/residual_42_tune,16,0.03739089658483863,0.0005011363636363636,0.5548719132559691
audit_development_fold0_4d4fbfac6a55/residual_42_tune,17,0.029604401905089617,0.0005329545454545454,0.5495760061467796
audit_development_fold0_4d4fbfac6a55/residual_42_tune,18,0.019993457477539778,0.0005647727272727272,0.5540656352791744
audit_development_fold0_4d4fbfac6a55/residual_42_tune,19,0.022912256186828017,0.0005965909090909091,0.563105754650714
audit_development_fold0_4d4fbfac6a55/residual_42_tune,20,0.025909231277182698,0.0006284090909090909,0.561292443974827
audit_development_fold0_4d4fbfac6a55/residual_42_tune,21,0.026534038712270558,0.0006602272727272727,0.5592399911719476
audit_development_fold0_4d4fbfac6a55/residual_42_tune,22,0.024002406164072454,0.0006920454545454545,0.5618714094496433
audit_development_fold0_4d4fbfac6a55/residual_42_tune,23,0.02040616807062179,0.0006999845116056157,0.5654644119296062
audit_development_fold0_4d4fbfac6a55/residual_42_tune,24,0.017637436976656318,0.0006998953033961156,0.5679517330589223
audit_development_fold0_4d4fbfac6a55/residual_42_tune,25,0.014289064914919436,0.0006997268219779668,0.5705918470810213
audit_development_fold0_4d4fbfac6a55/residual_42_tune,26,0.014427277608774602,0.0006994791097654655,0.5722114931924687
audit_development_fold0_4d4fbfac6a55/residual_42_tune,27,0.011515473830513656,0.0006991522291188366,0.5733378499174799
audit_development_fold0_4d4fbfac6a55/residual_42_tune,28,0.013042141683399677,0.0006987462623285344,0.5723671557952531
audit_development_fold0_4d4fbfac6a55/residual_42_tune,29,0.0113739954540506,0.0006982613115945277,0.5743649676868048
audit_development_fold0_4d4fbfac6a55/residual_42_tune,30,0.010036107269115746,0.0006976974990005703,0.5773987830412558
audit_development_fold0_4d4fbfac6a55/residual_42_tune,31,0.00749253632966429,0.0006970549664834676,0.5770209174687416
audit_development_fold0_4d4fbfac6a55/residual_42_tune,32,0.007087716076057404,0.0006963338757973446,0.5715045354631846
audit_development_fold0_4d4fbfac6a55/residual_42_tune,33,0.00616872648242861,0.0006955344084729254,0.5724254590455156
audit_development_fold0_4d4fbfac6a55/residual_42_tune,34,0.005471663927892223,0.0006946567657718335,0.571370199224527
audit_development_fold0_4d4fbfac6a55/residual_42_tune,35,0.004656322096707299,0.0006937011686359257,0.5711103097564866
audit_development_fold0_4d4fbfac6a55/residual_42_tune,36,0.004426207364303991,0.0006926678576316703,0.5704762776132571
audit_development_fold0_4d4fbfac6a55/residual_42_tune,37,0.0042781533556990325,0.0006915570928895871,0.5693602572182749
audit_development_fold0_4d4fbfac6a55/text_refit,1,1.401175070870882,9.99094004412348e-06,
audit_development_fold0_4d4fbfac6a55/text_refit,2,0.7409087981643347,9.449555453052652e-06,
audit_development_fold0_4d4fbfac6a55/attention_rank_2026_refit,1,1.6080316066741944,3.5000000000000004e-05,
audit_development_fold0_4d4fbfac6a55/attention_rank_2026_refit,2,1.5414782881736755,5.7272727272727274e-05,
audit_development_fold0_4d4fbfac6a55/attention_rank_2026_refit,3,1.4107871651649475,8.909090909090908e-05,
audit_development_fold0_4d4fbfac6a55/attention_rank_2026_refit,4,1.2426751613616944,0.00012090909090909091,
audit_development_fold0_4d4fbfac6a55/attention_rank_2026_refit,5,1.0129931628704072,0.00015272727272727272,
audit_development_fold0_4d4fbfac6a55/attention_rank_2026_refit,6,0.716473713517189,0.00018454545454545451,
audit_development_fold0_4d4fbfac6a55/attention_rank_2026_refit,7,0.46723563633859155,0.00021636363636363636,
audit_development_fold0_4d4fbfac6a55/attention_rank_2026_refit,8,0.3195994529873133,0.0002481818181818182,
audit_development_fold0_4d4fbfac6a55/attention_rank_2026_refit,9,0.23411157876253127,0.00028000000000000003,
audit_development_fold0_4d4fbfac6a55/attention_rank_2026_refit,10,0.15899345204234122,0.0003118181818181818,
audit_development_fold0_4d4fbfac6a55/attention_rank_2026_refit,11,0.1040023222565651,0.0003436363636363636,
audit_development_fold0_4d4fbfac6a55/attention_rank_2026_refit,12,0.08635403215885162,0.00037545454545454546,
audit_development_fold0_4d4fbfac6a55/attention_rank_2026_refit,13,0.06128024011850357,0.00040727272727272726,
audit_development_fold0_4d4fbfac6a55/attention_rank_2026_refit,14,0.06269146390259266,0.0004390909090909091,
audit_development_fold0_4d4fbfac6a55/attention_rank_2026_refit,15,0.05539179611951113,0.0004709090909090909,
production_fold3_ec45a1095a6d/cross_modal_2026_refit,1,1.4138271304277272,3.5000000000000004e-05,
production_fold3_ec45a1095a6d/cross_modal_2026_refit,2,0.9643959586436932,6.363636363636364e-05,
production_fold3_ec45a1095a6d/cross_modal_2026_refit,3,0.7989705067414504,9.545454545454545e-05,
production_fold3_ec45a1095a6d/cross_modal_2026_refit,4,0.6825389495262733,0.00012727272727272728,
production_fold3_ec45a1095a6d/cross_modal_2026_refit,5,0.5997210190846369,0.00015909090909090907,
production_fold3_ec45a1095a6d/cross_modal_2026_refit,6,0.510077545276055,0.0001909090909090909,
production_fold3_ec45a1095a6d/cross_modal_2026_refit,7,0.4322230311540457,0.00022272727272727272,
production_fold3_ec45a1095a6d/cross_modal_2026_refit,8,0.37748458752265346,0.00025454545454545456,
production_fold3_ec45a1095a6d/cross_modal_2026_refit,9,0.33364131358953625,0.00028636363636363636,
production_fold3_ec45a1095a6d/cross_modal_2026_refit,10,0.28750724975879377,0.00031818181818181815,
production_fold3_ec45a1095a6d/cross_modal_2026_refit,11,0.2664870826097635,0.00035,
production_fold3_ec45a1095a6d/cross_modal_2026_refit,12,0.2569689922607862,0.0003818181818181818,
production_fold3_ec45a1095a6d/cross_modal_2026_refit,13,0.23793982771726754,0.00041363636363636364,
production_fold3_ec45a1095a6d/cross_modal_2026_refit,14,0.1915616736962245,0.00044545454545454543,
production_fold3_ec45a1095a6d/cross_modal_2026_refit,15,0.19674930320336267,0.0004772727272727272,
production_fold3_ec45a1095a6d/cross_modal_2026_refit,16,0.17130824465018052,0.0005090909090909091,
production_fold3_ec45a1095a6d/cross_modal_2026_refit,17,0.16035787703899237,0.0005409090909090909,
production_fold3_ec45a1095a6d/cross_modal_2026_refit,18,0.14803565923984235,0.0005727272727272727,
production_fold3_ec45a1095a6d/cross_modal_2026_refit,19,0.1301087960600853,0.0006045454545454545,
production_fold3_ec45a1095a6d/cross_modal_2026_refit,20,0.10577015979931904,0.0006363636363636363,
production_fold3_ec45a1095a6d/cross_modal_2026_refit,21,0.1040261760354042,0.0006681818181818182,
production_fold3_ec45a1095a6d/cross_modal_2026_refit,22,0.08166947616980626,0.0007,
production_fold3_ec45a1095a6d/cross_modal_2026_refit,23,0.0903526504452412,0.0006999662154648973,
production_fold3_ec45a1095a6d/cross_modal_2026_refit,24,0.06409503490878986,0.0006998533744884039,
production_fold3_ec45a1095a6d/cross_modal_42_tune,1,1.4964113452217795,3.5000000000000004e-05,0.774458402740727
production_fold3_ec45a1095a6d/cross_modal_42_tune,2,0.9526620778170499,6.363636363636364e-05,0.6517218718397467
production_fold3_ec45a1095a6d/cross_modal_42_tune,3,0.7708738717165861,9.545454545454545e-05,0.6317265967721382
production_fold3_ec45a1095a6d/cross_modal_42_tune,4,0.644629259001125,0.00012727272727272728,0.5802620384965248
production_fold3_ec45a1095a6d/cross_modal_42_tune,5,0.5394654301079836,0.00015909090909090907,0.564643583348283
production_fold3_ec45a1095a6d/cross_modal_42_tune,6,0.4849938614801927,0.0001909090909090909,0.5595527671949101
production_fold3_ec45a1095a6d/cross_modal_42_tune,7,0.41390294107523834,0.00022272727272727272,0.5670889053720132
production_fold3_ec45a1095a6d/cross_modal_42_tune,8,0.3663774647495963,0.00025454545454545456,0.5596922168129307
production_fold3_ec45a1095a6d/cross_modal_42_tune,9,0.3262021135200154,0.00028636363636363636,0.5617430424683854
production_fold3_ec45a1095a6d/cross_modal_42_tune,10,0.3054604205218228,0.00031818181818181815,0.5745138914915029
production_fold3_ec45a1095a6d/cross_modal_42_tune,11,0.27380172230980615,0.00035,0.5806682833578699
production_fold3_ec45a1095a6d/cross_modal_42_tune,12,0.2470819503068924,0.0003818181818181818,0.6005599869228381
production_fold3_ec45a1095a6d/cross_modal_42_tune,13,0.21625056185505606,0.00041363636363636364,0.6080105732526463
production_fold3_ec45a1095a6d/cross_modal_42_tune,14,0.20320613817735153,0.00044545454545454543,0.6226436612197882
production_fold3_ec45a1095a6d/cross_modal_42_tune,15,0.18343660641800275,0.0004772727272727272,0.6113053056871929
production_fold3_ec45a1095a6d/cross_modal_42_tune,16,0.16227635402571072,0.0005090909090909091,0.6129568778917748
production_fold3_ec45a1095a6d/cross_modal_42_tune,17,0.1512654037638144,0.0005409090909090909,0.6125899372620786
production_fold3_ec45a1095a6d/cross_modal_42_tune,18,0.15203614736145193,0.0005727272727272727,0.6091472516997346
production_fold3_ec45a1095a6d/cross_modal_42_tune,19,0.10554627261378548,0.0006045454545454545,0.6108069802482798
production_fold3_ec45a1095a6d/cross_modal_42_tune,20,0.1101480255072767,0.0006363636363636363,0.6323955771883494
production_fold3_ec45a1095a6d/cross_modal_42_tune,21,0.11051264676180753,0.0006681818181818182,0.6502434232951635
production_fold3_ec45a1095a6d/cross_modal_42_tune,22,0.1026043864813718,0.0007,0.6427293555083047
production_fold3_ec45a1095a6d/cross_modal_42_tune,23,0.07604999874125827,0.0006999672314652103,0.6076877886593628
production_fold3_ec45a1095a6d/cross_modal_42_tune,24,0.05982463265007192,0.000699855499305238,0.6070934759587325
production_fold3_ec45a1095a6d/cross_modal_42_tune,25,0.05953031846068122,0.000699664503957084,0.6177190167500048
production_fold3_ec45a1095a6d/cross_modal_42_tune,26,0.05391938137737187,0.0006993942935028059,0.6311631427787534
production_fold3_ec45a1095a6d/cross_modal_42_refit,1,1.3507374479220464,3.5000000000000004e-05,
production_fold3_ec45a1095a6d/cross_modal_42_refit,2,0.9131025305161109,6.363636363636364e-05,
production_fold3_ec45a1095a6d/cross_modal_42_refit,3,0.7459552517304053,9.545454545454545e-05,
production_fold3_ec45a1095a6d/cross_modal_42_refit,4,0.6301670532960159,0.00012727272727272728,
production_fold3_ec45a1095a6d/cross_modal_42_refit,5,0.5455367656854483,0.00015909090909090907,
production_fold3_ec45a1095a6d/cross_modal_42_refit,6,0.4722651701707106,0.0001909090909090909,
production_fold3_ec45a1095a6d/ordinal_42_refit,1,2.300202305500324,3.5000000000000004e-05,
production_fold3_ec45a1095a6d/ordinal_42_refit,2,1.584355537707989,6.608391608391608e-05,
production_fold3_ec45a1095a6d/ordinal_42_refit,3,1.1977071853784413,9.790209790209791e-05,
production_fold3_ec45a1095a6d/ordinal_42_refit,4,0.914939114680657,0.0001297202797202797,
production_fold3_ec45a1095a6d/ordinal_42_refit,5,0.6563933629256028,0.00016153846153846155,
production_fold3_ec45a1095a6d/ordinal_42_refit,6,0.5045684644809136,0.00019335664335664335,
production_fold3_ec45a1095a6d/ordinal_42_refit,7,0.39421993494033813,0.00022517482517482517,
production_fold3_ec45a1095a6d/ordinal_42_refit,8,0.3281977726862981,0.000256993006993007,
production_fold3_ec45a1095a6d/ordinal_42_refit,9,0.28035012116798985,0.00028881118881118883,
production_fold3_ec45a1095a6d/ordinal_42_refit,10,0.22870566638616416,0.00032062937062937063,
production_fold3_ec45a1095a6d/ordinal_42_refit,11,0.20301173971249506,0.0003524475524475525,
production_fold3_ec45a1095a6d/ordinal_42_refit,12,0.17322572320699692,0.00038426573426573427,
production_fold3_ec45a1095a6d/ordinal_42_refit,13,0.1358327533190067,0.00041608391608391606,
production_fold3_ec45a1095a6d/ordinal_42_refit,14,0.11291453586174892,0.0004479020979020979,
production_fold3_ec45a1095a6d/ordinal_42_refit,15,0.09293802168506843,0.0004797202797202797,
production_fold3_ec45a1095a6d/audio_tune,1,1.5188044626561423,7.912357270778181e-06,0.8526725330998719
production_fold3_ec45a1095a6d/audio_tune,2,0.9112607060325524,6.904214058419896e-06,0.7750425784855697
production_fold3_ec45a1095a6d/audio_tune,3,0.7244234541468026,5.075875842929948e-06,0.6864165789594225
production_fold3_ec45a1095a6d/audio_tune,4,0.6424977497700306,3.0261707729394203e-06,0.678893443868398
production_fold3_ec45a1095a6d/audio_tune,5,0.56843336486435,1.4264303788529612e-06,0.6486781713008367
production_fold3_ec45a1095a6d/audio_tune,6,0.5056307100180891,8.006110984702603e-07,0.652465037283148
production_fold3_ec45a1095a6d/attention_rank_42_refit,1,1.5547389067136324,3.5000000000000004e-05,
production_fold3_ec45a1095a6d/attention_rank_42_refit,2,1.4942080149283776,6.118881118881119e-05,
production_fold3_ec45a1095a6d/attention_rank_42_refit,3,1.3465040922164917,9.300699300699301e-05,
production_fold3_ec45a1095a6d/attention_rank_42_refit,4,1.075073819894057,0.00012482517482517483,
production_fold3_ec45a1095a6d/attention_rank_42_refit,5,0.7428258474056537,0.00015664335664335665,
production_fold3_ec45a1095a6d/attention_rank_42_refit,6,0.47225120205145615,0.00018846153846153844,
production_fold3_ec45a1095a6d/attention_rank_42_refit,7,0.31573899663411653,0.0002202797202797203,
production_fold3_ec45a1095a6d/attention_rank_42_refit,8,0.19313544780015945,0.0002520979020979021,
production_fold3_ec45a1095a6d/attention_rank_42_refit,9,0.12721043939773852,0.0002839160839160839,
production_fold3_ec45a1095a6d/attention_rank_42_refit,10,0.09663181006908417,0.0003157342657342657,
production_fold3_ec45a1095a6d/attention_rank_42_refit,11,0.08337952081973736,0.00034755244755244757,
production_fold3_ec45a1095a6d/attention_rank_42_refit,12,0.058920906426814884,0.00037937062937062936,
production_fold3_ec45a1095a6d/attention_rank_42_refit,13,0.046506358310580254,0.00041118881118881116,
production_fold3_ec45a1095a6d/attention_rank_42_refit,14,0.04531947494699405,0.00044300699300699306,
production_fold3_ec45a1095a6d/attention_rank_42_refit,15,0.03855482417230423,0.00047482517482517485,
production_fold3_ec45a1095a6d/attention_rank_42_refit,16,0.03578770891405069,0.0005066433566433566,
production_fold3_ec45a1095a6d/attention_rank_42_refit,17,0.037879520167525,0.0005384615384615384,
production_fold3_ec45a1095a6d/attention_rank_42_refit,18,0.03614927169222098,0.0005702797202797202,
production_fold3_ec45a1095a6d/attention_rank_42_refit,19,0.02891144400032667,0.000602097902097902,
production_fold3_ec45a1095a6d/attention_rank_42_refit,20,0.02449510432779789,0.0006339160839160839,
production_fold3_ec45a1095a6d/attention_rank_42_refit,21,0.026207871161974393,0.0006657342657342657,
production_fold3_ec45a1095a6d/attention_rank_42_refit,22,0.02725640942270939,0.0006975524475524475,
production_fold3_ec45a1095a6d/attention_rank_42_refit,23,0.026341287419199944,0.0006999716115248672,
production_fold3_ec45a1095a6d/attention_rank_42_refit,24,0.02771273799813711,0.0006998648691065406,
production_fold3_ec45a1095a6d/attention_rank_42_refit,25,0.02827334489959937,0.000699678861141235,
production_fold3_ec45a1095a6d/attention_rank_42_refit,26,0.022612096455234747,0.0006994136344554611,
production_fold3_ec45a1095a6d/attention_rank_42_refit,27,0.019658996508671686,0.0006990692558186185,
production_fold3_ec45a1095a6d/attention_rank_42_refit,28,0.02013274532957719,0.0006986458119261876,
production_fold3_ec45a1095a6d/attention_rank_42_refit,29,0.018816312201894246,0.0006981434093779037,
production_fold3_ec45a1095a6d/attention_rank_42_refit,30,0.01915475446730852,0.0006975621746509214,
production_fold3_ec45a1095a6d/attention_rank_42_refit,31,0.01575486046763567,0.0006969022540679752,
production_fold3_ec45a1095a6d/attention_rank_42_refit,32,0.014932350900310736,0.0006961638137605428,
production_fold3_ec45a1095a6d/attention_rank_42_refit,33,0.013651278228140794,0.0006953470396270225,
production_fold3_ec45a1095a6d/attention_rank_42_refit,34,0.011871593073010445,0.0006944521372859343,
production_fold3_ec45a1095a6d/attention_rank_42_refit,35,0.011132038413332058,0.0006934793320241573,
production_fold3_ec45a1095a6d/attention_rank_42_refit,36,0.011080921699221317,0.0006924288687402135,
production_fold3_ec45a1095a6d/attention_rank_42_refit,37,0.011508805175813345,0.0006913010118826171,
production_fold3_ec45a1095a6d/attention_rank_42_refit,38,0.01076337258116557,0.0006900960453833005,
production_fold3_ec45a1095a6d/attention_rank_42_refit,39,0.01020645027836928,0.0006888142725861361,
production_fold3_ec45a1095a6d/attention_rank_42_refit,40,0.01070563136958159,0.0006874560161705709,
production_fold3_ec45a1095a6d/attention_rank_42_refit,41,0.010541476237659272,0.0006860216180703939,
production_fold3_ec45a1095a6d/attention_rank_42_refit,42,0.010051138340853728,0.0006845114393876561,
production_fold3_ec45a1095a6d/attention_rank_42_refit,43,0.009863718484456722,0.0006829258603017649,
production_fold3_ec45a1095a6d/attention_rank_42_refit,44,0.010076280539998641,0.0006812652799737756,
production_fold3_ec45a1095a6d/attention_rank_42_refit,45,0.009971493568557959,0.0006795301164459057,
production_fold3_ec45a1095a6d/attention_rank_42_refit,46,0.010393813682290224,0.0006777208065362938,
production_fold3_ec45a1095a6d/attention_rank_42_refit,47,0.011359389942999069,0.0006758378057290344,
production_fold3_ec45a1095a6d/attention_rank_42_refit,48,0.010724098779834233,0.0006738815880595105,
production_fold3_ec45a1095a6d/attention_rank_42_refit,49,0.010668523179797025,0.000671852645995059,
production_fold3_ec45a1095a6d/attention_rank_42_refit,50,0.010360567042460809,0.0006697514903109947,
production_fold3_ec45a1095a6d/attention_rank_42_refit,51,0.0096652670405232,0.0006675786499620244,
production_fold3_ec45a1095a6d/attention_rank_42_refit,52,0.010142772601774106,0.000665334671949086,
production_fold3_ec45a1095a6d/attention_rank_42_refit,53,0.01009485125541687,0.0006630201211816443,
production_fold3_ec45a1095a6d/attention_rank_42_refit,54,0.009887965610967232,0.0006606355803354773,
production_fold3_ec45a1095a6d/attention_rank_42_refit,55,0.010000284474629622,0.000658181649705991,
production_fold3_ec45a1095a6d/attention_rank_42_refit,56,0.00980687693047982,0.0006556589470570984,
production_fold3_ec45a1095a6d/attention_rank_42_refit,57,0.010060134415443126,0.0006530681074657004,
production_fold3_ec45a1095a6d/attention_rank_42_refit,58,0.009829276456282688,0.0006504097831618094,
production_fold3_ec45a1095a6d/attention_rank_42_refit,59,0.009794123184222441,0.0006476846433643525,
production_fold3_ec45a1095a6d/attention_rank_42_refit,60,0.009641035388295468,0.0006448933741127005,
production_fold3_ec45a1095a6d/attention_rank_42_refit,61,0.009590115326528367,0.0006420366780939603,
production_fold3_ec45a1095a6d/attention_rank_42_refit,62,0.009761042821292695,0.000639115274466078,
production_fold3_ec45a1095a6d/attention_rank_42_refit,63,0.009714799073453132,0.0006361298986767938,
production_fold3_ec45a1095a6d/attention_rank_42_refit,64,0.009464469809944812,0.0006330813022784977,
production_fold3_ec45a1095a6d/attention_rank_42_refit,65,0.009547590278089046,0.0006299702527390298,
production_fold3_ec45a1095a6d/attention_rank_42_refit,66,0.010204762721864076,0.0006267975332484744,
production_fold3_ec45a1095a6d/attention_rank_42_refit,67,0.010073998728050636,0.0006235639425219967,
production_fold3_ec45a1095a6d/attention_rank_42_refit,68,0.009497713978187395,0.0006202702945987691,
production_fold3_ec45a1095a6d/attention_rank_42_refit,69,0.009179473782961186,0.0006169174186370432,
production_fold3_ec45a1095a6d/attention_rank_42_refit,70,0.008875362575054169,0.000613506158705412,
production_fold3_ec45a1095a6d/attention_rank_42_refit,71,0.008709644862952141,0.0006100373735703203,
production_fold3_ec45a1095a6d/attention_rank_42_refit,72,0.008609098847955465,0.000606511936479876,
production_fold3_ec45a1095a6d/attention_rank_42_refit,73,0.008581817150115967,0.0006029307349440132,
production_fold3_ec45a1095a6d/attention_rank_42_refit,74,0.008332312250366578,0.0005992946705110677,
production_fold3_ec45a1095a6d/attention_rank_42_refit,75,0.008500050502614332,0.0005956046585408151,
production_fold3_ec45a1095a6d/attention_rank_42_refit,76,0.00831865737787806,0.0005918616279740359,
production_fold3_ec45a1095a6d/cross_modal_2026_tune,1,1.5308618437160144,3.5000000000000004e-05,0.7636690029164175
production_fold3_ec45a1095a6d/cross_modal_2026_tune,2,0.9764983979138461,6.363636363636364e-05,0.7047876223024202
production_fold3_ec45a1095a6d/cross_modal_2026_tune,3,0.8320348046042703,9.545454545454545e-05,0.6431097229224432
production_fold3_ec45a1095a6d/cross_modal_2026_tune,4,0.705353092063557,0.00012727272727272728,0.584154661494455
production_fold3_ec45a1095a6d/cross_modal_2026_tune,5,0.6170935468240217,0.00015909090909090907,0.5897244907301333
production_fold3_ec45a1095a6d/cross_modal_2026_tune,6,0.5131033848632466,0.0001909090909090909,0.5902430345807358
production_fold3_ec45a1095a6d/cross_modal_2026_tune,7,0.42467966133897955,0.00022272727272727272,0.5869950716261798
production_fold3_ec45a1095a6d/cross_modal_2026_tune,8,0.3556116602637551,0.00025454545454545456,0.5528168785398647
production_fold3_ec45a1095a6d/cross_modal_2026_tune,9,0.33107350360263477,0.00028636363636363636,0.5757441698803129
production_fold3_ec45a1095a6d/cross_modal_2026_tune,10,0.3150799572467804,0.00031818181818181815,0.5616626134581223
production_fold3_ec45a1095a6d/cross_modal_2026_tune,11,0.2758542610840364,0.00035,0.5638894759356582
production_fold3_ec45a1095a6d/cross_modal_2026_tune,12,0.2531221116131002,0.0003818181818181818,0.5759399524729292
production_fold3_ec45a1095a6d/cross_modal_2026_tune,13,0.24620604786005887,0.00041363636363636364,0.5653062872446788
production_fold3_ec45a1095a6d/cross_modal_2026_tune,14,0.2045319987968965,0.00044545454545454543,0.563668811122728
production_fold3_ec45a1095a6d/cross_modal_2026_tune,15,0.19035367667675018,0.0004772727272727272,0.568784050991046
production_fold3_ec45a1095a6d/cross_modal_2026_tune,16,0.18526560745456003,0.0005090909090909091,0.5593388045369565
production_fold3_ec45a1095a6d/cross_modal_2026_tune,17,0.1581148220734163,0.0005409090909090909,0.563713672560489
production_fold3_ec45a1095a6d/cross_modal_2026_tune,18,0.1330918331037868,0.0005727272727272727,0.5587196977115223
production_fold3_ec45a1095a6d/cross_modal_2026_tune,19,0.14158010144125333,0.0006045454545454545,0.554105308383018
production_fold3_ec45a1095a6d/cross_modal_2026_tune,20,0.12023941630666907,0.0006363636363636363,0.5579838890420356
production_fold3_ec45a1095a6d/cross_modal_2026_tune,21,0.09086402573368767,0.0006681818181818182,0.5566847887507653
production_fold3_ec45a1095a6d/cross_modal_2026_tune,22,0.09145066616210071,0.0007,0.5505153359754159
production_fold3_ec45a1095a6d/cross_modal_2026_tune,23,0.08681784942746162,0.0006999672314652103,0.5535674883653341
production_fold3_ec45a1095a6d/cross_modal_2026_tune,24,0.0694960355758667,0.000699855499305238,0.5494742614943143
production_fold3_ec45a1095a6d/cross_modal_2026_tune,25,0.05398508770899339,0.000699664503957084,0.5530068521852344
production_fold3_ec45a1095a6d/cross_modal_2026_tune,26,0.058274405923756684,0.0006993942935028059,0.551586448883662
production_fold3_ec45a1095a6d/cross_modal_2026_tune,27,0.04501786150715568,0.0006990449359664408,0.5597365996278305
production_fold3_ec45a1095a6d/cross_modal_2026_tune,28,0.03851730257950046,0.0006986165192968797,0.5655647218310356
production_fold3_ec45a1095a6d/cross_modal_2026_tune,29,0.03785094534131614,0.0006981091513457285,0.5799789405944841
production_fold3_ec45a1095a6d/cross_modal_2026_tune,30,0.03779891709035093,0.0006975229598401555,0.590729446447598
production_fold3_ec45a1095a6d/cross_modal_2026_tune,31,0.03268627094274217,0.0006968580923507375,0.5874455159376752
production_fold3_ec45a1095a6d/cross_modal_2026_tune,32,0.029896897009827873,0.0006961147162543093,0.5869153615363549
production_fold3_ec45a1095a6d/cross_modal_2026_tune,33,0.03486536934294484,0.0006952930186918277,0.5818748392460629
production_fold3_ec45a1095a6d/cross_modal_2026_tune,34,0.025515741245313125,0.0006943932065212601,0.5799100168501744
production_fold3_ec45a1095a6d/cross_modal_2026_tune,35,0.024829198182983833,0.0006934155062655083,0.5786131085974953
production_fold3_ec45a1095a6d/cross_modal_2026_tune,36,0.020594319667328487,0.0006923601640553831,0.5805910369451953
production_fold3_ec45a1095a6d/cross_modal_2026_tune,37,0.017516604201360184,0.0006912274455676424,0.5796151718373284
production_fold3_ec45a1095a6d/cross_modal_2026_tune,38,0.018368341875347225,0.0006900176359581078,0.584736691786893
production_fold3_ec45a1095a6d/cross_modal_2026_tune,39,0.015724141743372787,0.0006887310397898789,0.5867097326254851
production_fold3_ec45a1095a6d/cross_modal_2026_tune,40,0.01633745931427587,0.0006873679809566607,0.589583762607201
production_fold3_ec45a1095a6d/cross_modal_2026_tune,41,0.01613068606027148,0.0006859288026012249,0.5923412433962945
production_fold3_ec45a1095a6d/cross_modal_2026_tune,42,0.014842825603078712,0.0006844138670290264,0.5927227674347958
production_fold3_ec45a1095a6d/cross_modal_2026_tune,43,0.015235044400800358,0.0006828235556169938,0.5945523945208264
production_fold3_ec45a1095a6d/cross_modal_2026_tune,44,0.014043803242119875,0.0006811582687175205,0.5962030054656031
production_fold3_ec45a1095a6d/ordinal_2026_tune,1,2.174853270704096,3.5000000000000004e-05,1.0831258450353127
production_fold3_ec45a1095a6d/ordinal_2026_tune,2,1.5421548865058206,6.652892561983471e-05,0.8867717803602396
production_fold3_ec45a1095a6d/ordinal_2026_tune,3,1.1628760316155173,9.834710743801653e-05,0.7367719596668667
production_fold3_ec45a1095a6d/ordinal_2026_tune,4,0.9051920067180287,0.00013016528925619835,0.6510638177540571
production_fold3_ec45a1095a6d/ordinal_2026_tune,5,0.6949705589901317,0.00016198347107438017,0.6018927392172628
production_fold3_ec45a1095a6d/ordinal_2026_tune,6,0.5340089445764368,0.000193801652892562,0.5633567798243602
production_fold3_ec45a1095a6d/ordinal_2026_tune,7,0.4179476797580719,0.00022561983471074378,0.5579692208021658
production_fold3_ec45a1095a6d/ordinal_2026_tune,8,0.3276375586336309,0.0002574380165289256,0.5458120348459573
production_fold3_ec45a1095a6d/ordinal_2026_tune,9,0.28181653402068396,0.00028925619834710745,0.562489991517235
production_fold3_ec45a1095a6d/ordinal_2026_tune,10,0.2282806716182015,0.00032107438016528925,0.5659361233271364
production_fold3_ec45a1095a6d/ordinal_2026_tune,11,0.201326462355527,0.00035289256198347104,0.5701098449939696
production_fold3_ec45a1095a6d/ordinal_2026_tune,12,0.16858835450627588,0.00038471074380165283,0.5639241337039659
production_fold3_ec45a1095a6d/ordinal_2026_tune,13,0.14115908945148642,0.00041652892561983473,0.57439903391955
production_fold3_ec45a1095a6d/ordinal_2026_tune,14,0.11611399528655139,0.0004483471074380165,0.5655378700077853
production_fold3_ec45a1095a6d/ordinal_2026_tune,15,0.10195558856834065,0.0004801652892561984,0.5542141986842911
production_fold3_ec45a1095a6d/ordinal_2026_tune,16,0.08604986220598221,0.0005119834710743802,0.5552069763863943
production_fold3_ec45a1095a6d/ordinal_2026_tune,17,0.062335054982792244,0.000543801652892562,0.5611415227268236
production_fold3_ec45a1095a6d/ordinal_2026_tune,18,0.0412413589656353,0.0005756198347107439,0.5650739407246029
production_fold3_ec45a1095a6d/ordinal_2026_tune,19,0.0438049640506506,0.0006074380165289257,0.5629216915959586
production_fold3_ec45a1095a6d/ordinal_2026_tune,20,0.0430751232938333,0.0006392561983471074,0.565069042420789
production_fold3_ec45a1095a6d/ordinal_2026_tune,21,0.04924748821014708,0.0006710743801652892,0.5601907537952012
production_fold3_ec45a1095a6d/ordinal_2026_tune,22,0.03667434203353795,0.0007,0.5731097214399153
production_fold3_ec45a1095a6d/ordinal_2026_tune,23,0.041053941642696205,0.0006999603502172707,0.5897364195843527
production_fold3_ec45a1095a6d/ordinal_2026_tune,24,0.030548073012720455,0.0006998414108507033,0.5922132153490692
production_fold3_ec45a1095a6d/ordinal_2026_tune,25,0.023461132394996555,0.0006996432118426475,0.5934929106194801
production_fold3_ec45a1095a6d/ordinal_2026_tune,26,0.019518126564269715,0.0006993658030886436,0.5960127033542238
production_fold3_ec45a1095a6d/ordinal_2026_tune,27,0.02160311227833683,0.0006990092544248618,0.6051014951150169
production_fold3_ec45a1095a6d/ordinal_2026_tune,28,0.021317258773540907,0.0006985736556105217,0.608883331202714
production_fold3_ec45a1095a6d/ordinal_42_tune,1,2.386765881018205,3.5000000000000004e-05,1.1624062938457107
production_fold3_ec45a1095a6d/ordinal_42_tune,2,1.6960544802925803,6.652892561983471e-05,0.9258649686284931
production_fold3_ec45a1095a6d/ordinal_42_tune,3,1.2880733338269321,9.834710743801653e-05,0.7882032899923797
production_fold3_ec45a1095a6d/ordinal_42_tune,4,0.9930031787265431,0.00013016528925619835,0.7010226370999275
production_fold3_ec45a1095a6d/ordinal_42_tune,5,0.7542734417048368,0.00016198347107438017,0.6307123168220178
production_fold3_ec45a1095a6d/ordinal_42_tune,6,0.5669513290578668,0.000193801652892562,0.5988923701489394
production_fold3_ec45a1095a6d/ordinal_42_tune,7,0.4422179785641757,0.00022561983471074378,0.5813605400771665
production_fold3_ec45a1095a6d/ordinal_42_tune,8,0.3638679737394506,0.0002574380165289256,0.5711121942496159
production_fold3_ec45a1095a6d/ordinal_42_tune,9,0.3081836998462677,0.00028925619834710745,0.5759204720921598
production_fold3_ec45a1095a6d/ordinal_42_tune,10,0.2536302181807431,0.00032107438016528925,0.5618239542096407
production_fold3_ec45a1095a6d/ordinal_42_tune,11,0.21457407691261984,0.00035289256198347104,0.5583350959364355
production_fold3_ec45a1095a6d/ordinal_42_tune,12,0.1840637041763826,0.00038471074380165283,0.5559931351369761
production_fold3_ec45a1095a6d/ordinal_42_tune,13,0.14517824961380524,0.00041652892561983473,0.5545647358111797
production_fold3_ec45a1095a6d/ordinal_42_tune,14,0.12058364667675713,0.0004483471074380165,0.5658786749890147
production_fold3_ec45a1095a6d/ordinal_42_tune,15,0.10620561783963983,0.0004801652892561984,0.5459655018431216
production_fold3_ec45a1095a6d/ordinal_42_tune,16,0.08260769667950543,0.0005119834710743802,0.5515572157138547
production_fold3_ec45a1095a6d/ordinal_42_tune,17,0.06260387328538028,0.000543801652892562,0.5765305550789939
production_fold3_ec45a1095a6d/ordinal_42_tune,18,0.05678298019550063,0.0005756198347107439,0.5880605403151855
production_fold3_ec45a1095a6d/ordinal_42_tune,19,0.04218552769585089,0.0006074380165289257,0.583046781575955
production_fold3_ec45a1095a6d/ordinal_42_tune,20,0.039454280991445885,0.0006392561983471074,0.5680562066331469
production_fold3_ec45a1095a6d/ordinal_42_tune,21,0.035889549858190796,0.0006710743801652892,0.5638597912337758
production_fold3_ec45a1095a6d/ordinal_42_tune,22,0.03208394517952746,0.0007,0.5651965776801309
production_fold3_ec45a1095a6d/ordinal_42_tune,23,0.030170492827892303,0.0006999603502172707,0.5909955358185552
production_fold3_ec45a1095a6d/ordinal_42_tune,24,0.02611986416476694,0.0006998414108507033,0.5928541933827064
production_fold3_ec45a1095a6d/ordinal_42_tune,25,0.022935739464380524,0.0006996432118426475,0.5879508198826627
production_fold3_ec45a1095a6d/ordinal_42_tune,26,0.015279515307735313,0.0006993658030886436,0.5723990621659439
production_fold3_ec45a1095a6d/ordinal_42_tune,27,0.02978564417836341,0.0006990092544248618,0.5730432064737818
production_fold3_ec45a1095a6d/ordinal_42_tune,28,0.025434570810334248,0.0006985736556105217,0.573625966988533
production_fold3_ec45a1095a6d/ordinal_42_tune,29,0.031876216557892884,0.000698059116305295,0.5628459044030591
production_fold3_ec45a1095a6d/ordinal_42_tune,30,0.016669779126955706,0.0006974657660417005,0.5583252865464883
production_fold3_ec45a1095a6d/ordinal_42_tune,31,0.01033013720404018,0.0006967937541924939,0.5536065922706972
production_fold3_ec45a1095a6d/ordinal_42_tune,32,0.006618716330690818,0.0006960432499330642,0.5582540636220891
production_fold3_ec45a1095a6d/ordinal_42_tune,33,0.007080519614233212,0.0006952144421988456,0.5734103933658287
production_fold3_ec45a1095a6d/ordinal_42_tune,34,0.008193526649847627,0.0006943075396377526,0.575203598177429
production_fold3_ec45a1095a6d/ordinal_42_tune,35,0.006507992532781579,0.0006933227705576553,0.5811506490279654
production_fold3_ec45a1095a6d/attention_rank_42_tune,1,1.5597075549038975,3.5000000000000004e-05,1.21329010391229
production_fold3_ec45a1095a6d/attention_rank_42_tune,2,1.4804367639801719,6.0743801652892564e-05,1.1889718034333345
production_fold3_ec45a1095a6d/attention_rank_42_tune,3,1.3907866911454634,9.256198347107438e-05,1.1316656948282264
production_fold3_ec45a1095a6d/attention_rank_42_tune,4,1.1802460659633984,0.00012438016528925618,1.0291542462924985
production_fold3_ec45a1095a6d/attention_rank_42_tune,5,0.9064990796826102,0.00015619834710743803,0.8958955875410939
production_fold3_ec45a1095a6d/attention_rank_42_tune,6,0.5938514010472731,0.00018801652892561983,0.783196586911894
production_fold3_ec45a1095a6d/attention_rank_42_tune,7,0.38981060548262164,0.00021983471074380165,0.7247960090735808
production_fold3_ec45a1095a6d/attention_rank_42_tune,8,0.27592172541401605,0.00025165289256198347,0.6719418118239929
production_fold3_ec45a1095a6d/attention_rank_42_tune,9,0.1725696318528869,0.00028347107438016526,0.6431909553911968
production_fold3_ec45a1095a6d/attention_rank_42_tune,10,0.10326451638882811,0.0003152892561983471,0.6080497771000791
production_fold3_ec45a1095a6d/attention_rank_42_tune,11,0.06692670048637823,0.00034710743801652895,0.583156053074235
production_fold3_ec45a1095a6d/attention_rank_42_tune,12,0.07103563167832115,0.00037892561983471075,0.5833777947094312
production_fold3_ec45a1095a6d/attention_rank_42_tune,13,0.06332111290910027,0.0004107438016528926,0.5896436011340068
production_fold3_ec45a1095a6d/attention_rank_42_tune,14,0.0630997588688677,0.0004425619834710744,0.5944031495840175
production_fold3_ec45a1095a6d/attention_rank_42_tune,15,0.039016345515847206,0.0004743801652892562,0.5856380102783263
production_fold3_ec45a1095a6d/attention_rank_42_tune,16,0.030238227580081333,0.0005061983471074381,0.5790754353809455
production_fold3_ec45a1095a6d/attention_rank_42_tune,17,0.03377016058022326,0.0005380165289256199,0.5760244994466227
production_fold3_ec45a1095a6d/attention_rank_42_tune,18,0.03112234513867985,0.0005698347107438016,0.5696879468182019
production_fold3_ec45a1095a6d/attention_rank_42_tune,19,0.03612741049040447,0.0006016528925619835,0.5724392888311202
production_fold3_ec45a1095a6d/attention_rank_42_tune,20,0.02930115298791365,0.0006334710743801653,0.5646790919313168
production_fold3_ec45a1095a6d/attention_rank_42_tune,21,0.02839800309051167,0.0006652892561983472,0.5677954955802998
production_fold3_ec45a1095a6d/attention_rank_42_tune,22,0.029352306642315605,0.000697107438016529,0.5626811594016243
production_fold3_ec45a1095a6d/attention_rank_42_tune,23,0.02396803857250647,0.0006999734573993824,0.5617321451639048
production_fold3_ec45a1095a6d/attention_rank_42_tune,24,0.02305659025230191,0.0006998689326784723,0.5629415754932067
production_fold3_ec45a1095a6d/attention_rank_42_tune,25,0.022370573979887096,0.0006996851413876009,0.5584015405911985
production_fold3_ec45a1095a6d/attention_rank_42_tune,26,0.020599988543174484,0.0006994221297952425,0.5546072524424153
production_fold3_ec45a1095a6d/attention_rank_42_tune,27,0.017712324095720596,0.0006990799641131591,0.5560761180815436
production_fold3_ec45a1095a6d/attention_rank_42_tune,28,0.018025178462266922,0.0006986587304797315,0.5558388480318864
production_fold3_ec45a1095a6d/attention_rank_42_tune,29,0.017072869041426617,0.0006981585349382742,0.5526900963620803
production_fold3_ec45a1095a6d/attention_rank_42_tune,30,0.014615430496633053,0.0006975795034103396,0.5536608324268272
production_fold3_ec45a1095a6d/attention_rank_42_tune,31,0.014071073044430126,0.0006969217816640185,0.5536279101960369
production_fold3_ec45a1095a6d/attention_rank_42_tune,32,0.012820553881200876,0.0006961855352772434,0.551503425621841
production_fold3_ec45a1095a6d/attention_rank_42_tune,33,0.012826517901637337,0.0006953709495961046,0.5483691763480439
production_fold3_ec45a1095a6d/attention_rank_42_tune,34,0.013871074230833487,0.0006944782296881913,0.5457686811810872
production_fold3_ec45a1095a6d/attention_rank_42_tune,35,0.01331367064267397,0.0006935076002909661,0.5470913295910449
production_fold3_ec45a1095a6d/attention_rank_42_tune,36,0.012718472799116915,0.0006924593057551894,0.5455464017069087
production_fold3_ec45a1095a6d/attention_rank_42_tune,37,0.012852062555876646,0.0006913336099834042,0.543684504770354
production_fold3_ec45a1095a6d/attention_rank_42_tune,38,0.012060670944100077,0.0006901307963635014,0.5456932781720292
production_fold3_ec45a1095a6d/attention_rank_42_tune,39,0.011457631703127514,0.0006888511676973773,0.5458344958165547
production_fold3_ec45a1095a6d/attention_rank_42_tune,40,0.011068007654764435,0.0006874950461247054,0.5457542059338332
production_fold3_ec45a1095a6d/attention_rank_42_tune,41,0.010693523440171371,0.0006860627730418395,0.5454506489273223
production_fold3_ec45a1095a6d/attention_rank_42_tune,42,0.010373078963973305,0.0006845547090158688,0.5447546111484468
production_fold3_ec45a1095a6d/attention_rank_42_tune,43,0.010056169364940037,0.0006829712336938473,0.5445837935379729
production_fold3_ec45a1095a6d/attention_rank_42_tune,44,0.010507382367822256,0.0006813127457072188,0.5443207899432934
production_fold3_ec45a1095a6d/attention_rank_42_tune,45,0.011516439474441788,0.0006795796625714651,0.5449951776892903
production_fold3_ec45a1095a6d/attention_rank_42_tune,46,0.01127641461789608,0.0006777724205809974,0.5452283894974648
production_fold3_ec45a1095a6d/attention_rank_42_tune,47,0.011284768750721758,0.0006758914746993222,0.5453795420660453
production_fold3_ec45a1095a6d/attention_rank_42_tune,48,0.010617335411635313,0.0006739372984445064,0.5443106800783721
production_fold3_ec45a1095a6d/attention_rank_42_tune,49,0.011194744740020145,0.0006719103837699716,0.5440003792640645
production_fold3_ec45a1095a6d/attention_rank_42_tune,50,0.010323095389387825,0.0006698112409406478,0.5437395505443259
production_fold3_ec45a1095a6d/attention_rank_42_tune,51,0.009862246161157434,0.0006676403984045166,0.5443606593366003
production_fold3_ec45a1095a6d/attention_rank_42_tune,52,0.009521752680567179,0.0006653984026595771,0.5439880681050954
production_fold3_ec45a1095a6d/attention_rank_42_tune,53,0.009557605001398108,0.0006630858181162687,0.5439409767328655
production_fold3_ec45a1095a6d/attention_rank_42_tune,54,0.009574750903993845,0.000660703226955383,0.5447755160242634
production_fold3_ec45a1095a6d/attention_rank_42_tune,55,0.009895346804775974,0.0006582512289815031,0.5432730295682932
production_fold3_ec45a1095a6d/attention_rank_42_tune,56,0.010085864923894405,0.0006557304414720066,0.5424547654810725
production_fold3_ec45a1095a6d/attention_rank_42_tune,57,0.009603329426185652,0.0006531414990216683,0.5427474054663814
production_fold3_ec45a1095a6d/attention_rank_42_tune,58,0.009949566203762184,0.0006504850533829049,0.5435664460941212
production_fold3_ec45a1095a6d/attention_rank_42_tune,59,0.009295612065629526,0.0006477617733017001,0.5442619748892844
production_fold3_ec45a1095a6d/attention_rank_42_tune,60,0.00940817128866911,0.0006449723443492508,0.5432145755609243
production_fold3_ec45a1095a6d/attention_rank_42_tune,61,0.009567470670762386,0.0006421174687493787,0.5426645848004011
production_fold3_ec45a1095a6d/attention_rank_42_tune,62,0.009805383330041712,0.000639197865201749,0.5427421973901368
production_fold3_ec45a1095a6d/attention_rank_42_tune,63,0.009798268956894224,0.0006362142687009415,0.5425263744548284
production_fold3_ec45a1095a6d/attention_rank_42_tune,64,0.009636630388823423,0.0006331674303514194,0.5432734802849856
production_fold3_ec45a1095a6d/attention_rank_42_tune,65,0.009266581597991964,0.000630058117178444,0.5425925031989153
production_fold3_ec45a1095a6d/attention_rank_42_tune,66,0.009491092864085327,0.0006268871119349783,0.5436259922789952
production_fold3_ec45a1095a6d/attention_rank_42_tune,67,0.009301762435246597,0.0006236552129046349,0.5434745575225441
production_fold3_ec45a1095a6d/attention_rank_42_tune,68,0.010053893381899054,0.0006203632337007112,0.5421798664713122
production_fold3_ec45a1095a6d/attention_rank_42_tune,69,0.009446846321225166,0.000617012003061367,0.5421076491002305
production_fold3_ec45a1095a6d/attention_rank_42_tune,70,0.009598747319118544,0.0006136023646409944,0.5422118834062598
production_fold3_ec45a1095a6d/attention_rank_42_tune,71,0.008708123541013761,0.0006101351767978316,0.5424538468482885
production_fold3_ec45a1095a6d/attention_rank_42_tune,72,0.008773216215724295,0.0006066113123778767,0.5431441566993707
production_fold3_ec45a1095a6d/attention_rank_42_tune,73,0.00896446356041865,0.0006030316584951526,0.5423830995313064
production_fold3_ec45a1095a6d/attention_rank_42_tune,74,0.009540254673497244,0.0005993971163083813,0.5419495360140469
production_fold3_ec45a1095a6d/attention_rank_42_tune,75,0.009232610633427446,0.0005957086007941213,0.5418138627867545
production_fold3_ec45a1095a6d/attention_rank_42_tune,76,0.008805676617405632,0.0005919670405164284,0.5411076215176134
production_fold3_ec45a1095a6d/attention_rank_42_tune,77,0.008577387949282473,0.0005881733773930937,0.541323573634009
production_fold3_ec45a1095a6d/attention_rank_42_tune,78,0.008511530108411203,0.0005843285664585205,0.5422802844505699
production_fold3_ec45a1095a6d/attention_rank_42_tune,79,0.008484603286805477,0.0005804335756233009,0.5424621461638766
production_fold3_ec45a1095a6d/attention_rank_42_tune,80,0.008680517107925632,0.0005764893854305478,0.5423697140797301
production_fold3_ec45a1095a6d/attention_rank_42_tune,81,0.008610363626344637,0.0005724969888090502,0.5426912300064026
production_fold3_ec45a1095a6d/attention_rank_42_tune,82,0.008852093057198957,0.0005684573908233068,0.5427760806506765
production_fold3_ec45a1095a6d/attention_rank_42_tune,83,0.008776346898891708,0.0005643716084205079,0.5428422027164574
production_fold3_ec45a1095a6d/attention_rank_42_tune,84,0.008697830309922045,0.0005602406701745238,0.5431022680146156
production_fold3_ec45a1095a6d/attention_rank_42_tune,85,0.008347917432812128,0.0005560656160269665,0.544278415647013
production_fold3_ec45a1095a6d/attention_rank_42_tune,86,0.008266015697947958,0.0005518474970253906,0.5438005550094533
production_fold3_ec45a1095a6d/attention_rank_42_tune,87,0.008431846487589857,0.0005475873750586973,0.543059015506566
production_fold3_ec45a1095a6d/attention_rank_42_tune,88,0.008132412564009428,0.0005432863225898095,0.5423073446082829
production_fold3_ec45a1095a6d/attention_rank_42_tune,89,0.008105255240066484,0.0005389454223856853,0.5427552016573303
production_fold3_ec45a1095a6d/attention_rank_42_tune,90,0.008093339052389969,0.0005345657672447374,0.5429019628535277
production_fold3_ec45a1095a6d/attention_rank_42_tune,91,0.008013265546072613,0.0005301484597217261,0.5431277923390398
production_fold3_ec45a1095a6d/attention_rank_42_tune,92,0.008038317022675818,0.0005256946118501973,0.5427789377969203
production_fold3_ec45a1095a6d/attention_rank_42_tune,93,0.008142859886654398,0.0005212053448625349,0.5428086401466361
production_fold3_ec45a1095a6d/attention_rank_42_tune,94,0.008091459516435862,0.0005166817889076954,0.5426404953315458
production_fold3_ec45a1095a6d/attention_rank_42_tune,95,0.007799264551563697,0.0005121250827666998,0.5423730961155477
production_fold3_ec45a1095a6d/attention_rank_42_tune,96,0.007932618937709114,0.0005075363735659509,0.5425133330290084
production_fold3_ec45a1095a6d/audio_refit,1,1.3851543288647643,7.914010575791207e-06,
production_fold3_ec45a1095a6d/audio_refit,2,0.9075880050053441,6.90684749832339e-06,
production_fold3_ec45a1095a6d/audio_refit,3,0.7387893539436949,5.075640913934023e-06,
production_fold3_ec45a1095a6d/audio_refit,4,0.598160373676962,3.0223396434856766e-06,
production_fold3_ec45a1095a6d/audio_refit,5,0.5396268693836239,1.4218988171960296e-06,
production_fold3_ec45a1095a6d/attention_rank_2026_tune,1,1.5505646142092617,3.5000000000000004e-05,1.213051129288094
production_fold3_ec45a1095a6d/attention_rank_2026_tune,2,1.500472437251698,6.0743801652892564e-05,1.189034495652945
production_fold3_ec45a1095a6d/attention_rank_2026_tune,3,1.3828257484869524,9.256198347107438e-05,1.1334032891237604
production_fold3_ec45a1095a6d/attention_rank_2026_tune,4,1.1945044831796126,0.00012438016528925618,1.0324066698685264
production_fold3_ec45a1095a6d/attention_rank_2026_tune,5,0.9118972041390159,0.00015619834710743803,0.9012854246938883
production_fold3_ec45a1095a6d/attention_rank_2026_tune,6,0.6108744672753594,0.00018801652892561983,0.7748111679941384
production_fold3_ec45a1095a6d/attention_rank_2026_tune,7,0.40734110095284204,0.00021983471074380165,0.6939837976766953
production_fold3_ec45a1095a6d/attention_rank_2026_tune,8,0.27216985618526285,0.00025165289256198347,0.6404171168198809
production_fold3_ec45a1095a6d/attention_rank_2026_tune,9,0.1565936119718985,0.00028347107438016526,0.5955486953221918
production_fold3_ec45a1095a6d/attention_rank_2026_tune,10,0.09558861499482935,0.0003152892561983471,0.5525806553150691
production_fold3_ec45a1095a6d/attention_rank_2026_tune,11,0.07980095798319037,0.00034710743801652895,0.544602874956586
production_fold3_ec45a1095a6d/attention_rank_2026_tune,12,0.07814747840166092,0.00037892561983471075,0.5357500731216892
production_fold3_ec45a1095a6d/attention_rank_2026_tune,13,0.06385264037684961,0.0004107438016528926,0.540860107612319
production_fold3_ec45a1095a6d/attention_rank_2026_tune,14,0.050179947167634964,0.0004425619834710744,0.5392787851588496
production_fold3_ec45a1095a6d/attention_rank_2026_tune,15,0.04684359986673702,0.0004743801652892562,0.5331229472608067
production_fold3_ec45a1095a6d/attention_rank_2026_tune,16,0.03808205557817763,0.0005061983471074381,0.5302521634256403
production_fold3_ec45a1095a6d/attention_rank_2026_tune,17,0.0363157508386807,0.0005380165289256199,0.5267592889204742
production_fold3_ec45a1095a6d/attention_rank_2026_tune,18,0.03295937722379511,0.0005698347107438016,0.5289320276225006
production_fold3_ec45a1095a6d/attention_rank_2026_tune,19,0.03028658421879465,0.0006016528925619835,0.5256185186516331
production_fold3_ec45a1095a6d/attention_rank_2026_tune,20,0.026202420111406933,0.0006334710743801653,0.5278160569098278
production_fold3_ec45a1095a6d/attention_rank_2026_tune,21,0.026443196629936046,0.0006652892561983472,0.5259142864272393
production_fold3_ec45a1095a6d/attention_rank_2026_tune,22,0.023931263014674187,0.000697107438016529,0.5239223805748587
production_fold3_ec45a1095a6d/attention_rank_2026_tune,23,0.02410628595812754,0.0006999734573993824,0.522994629263475
production_fold3_ec45a1095a6d/attention_rank_2026_tune,24,0.022032150829380207,0.0006998689326784723,0.521269409179632
production_fold3_ec45a1095a6d/attention_rank_2026_tune,25,0.02169494398615577,0.0006996851413876009,0.5215284612906378
production_fold3_ec45a1095a6d/attention_rank_2026_tune,26,0.019609003920446743,0.0006994221297952425,0.518954984758338
production_fold3_ec45a1095a6d/attention_rank_2026_tune,27,0.018924507312476635,0.0006990799641131591,0.5201199266238519
production_fold3_ec45a1095a6d/attention_rank_2026_tune,28,0.018326262520118194,0.0006986587304797315,0.5186357838450771
production_fold3_ec45a1095a6d/attention_rank_2026_tune,29,0.018131553280082615,0.0006981585349382742,0.51392382340554
production_fold3_ec45a1095a6d/attention_rank_2026_tune,30,0.019722352481701157,0.0006975795034103396,0.5121544867095962
production_fold3_ec45a1095a6d/attention_rank_2026_tune,31,0.0174052126028321,0.0006969217816640185,0.5127491609564647
production_fold3_ec45a1095a6d/attention_rank_2026_tune,32,0.015776293352246284,0.0006961855352772434,0.5151749880210643
production_fold3_ec45a1095a6d/attention_rank_2026_tune,33,0.015021622773598541,0.0006953709495961046,0.5162431623609626
production_fold3_ec45a1095a6d/attention_rank_2026_tune,34,0.013113558123057539,0.0006944782296881913,0.5140476788011391
production_fold3_ec45a1095a6d/attention_rank_2026_tune,35,0.012231397357853975,0.0006935076002909661,0.513140458564204
production_fold3_ec45a1095a6d/attention_rank_2026_tune,36,0.011051191948354244,0.0006924593057551894,0.5132195561507992
production_fold3_ec45a1095a6d/attention_rank_2026_tune,37,0.010258645411919464,0.0006913336099834042,0.5130238785227895
production_fold3_ec45a1095a6d/attention_rank_2026_tune,38,0.010336176746270874,0.0006901307963635014,0.5135290488094887
production_fold3_ec45a1095a6d/attention_rank_2026_tune,39,0.010683628137816082,0.0006888511676973773,0.5142313383784278
production_fold3_ec45a1095a6d/attention_rank_2026_tune,40,0.010082046501338482,0.0006874950461247054,0.5133847520158676
production_fold3_ec45a1095a6d/attention_rank_2026_tune,41,0.009891350414942612,0.0006860627730418395,0.512873542929233
production_fold3_ec45a1095a6d/attention_rank_2026_tune,42,0.009941533715887503,0.0006845547090158688,0.5128309994462726
production_fold3_ec45a1095a6d/attention_rank_2026_tune,43,0.009963321838189255,0.0006829712336938473,0.5133433555212924
production_fold3_ec45a1095a6d/attention_rank_2026_tune,44,0.010132449509745295,0.0006813127457072188,0.5137855822866243
production_fold3_ec45a1095a6d/attention_rank_2026_tune,45,0.010658964684063738,0.0006795796625714651,0.5127449048971823
production_fold3_ec45a1095a6d/attention_rank_2026_tune,46,0.010286676020107487,0.0006777724205809974,0.5121619266009927
production_fold3_ec45a1095a6d/attention_rank_2026_tune,47,0.01049027210948142,0.0006758914746993222,0.5132519316655991
production_fold3_ec45a1095a6d/attention_rank_2026_tune,48,0.01006707235832106,0.0006739372984445064,0.5118420479042015
production_fold3_ec45a1095a6d/attention_rank_2026_tune,49,0.010224629108878698,0.0006719103837699716,0.511275390903314
production_fold3_ec45a1095a6d/attention_rank_2026_tune,50,0.010371939787133173,0.0006698112409406478,0.5114941705920129
production_fold3_ec45a1095a6d/attention_rank_2026_tune,51,0.010169078934599052,0.0006676403984045166,0.5128093787337468
production_fold3_ec45a1095a6d/attention_rank_2026_tune,52,0.009805340658534657,0.0006653984026595771,0.5122618220480162
production_fold3_ec45a1095a6d/attention_rank_2026_tune,53,0.009743429466404697,0.0006630858181162687,0.511726095489088
production_fold3_ec45a1095a6d/attention_rank_2026_tune,54,0.009663395244966854,0.000660703226955383,0.5123830693328005
production_fold3_ec45a1095a6d/attention_rank_2026_tune,55,0.009912154806608503,0.0006582512289815031,0.5119080536704455
production_fold3_ec45a1095a6d/attention_rank_2026_tune,56,0.009676046415486118,0.0006557304414720066,0.5115059956712205
production_fold3_ec45a1095a6d/attention_rank_2026_tune,57,0.010347284630618313,0.0006531414990216683,0.5111816727482402
production_fold3_ec45a1095a6d/attention_rank_2026_tune,58,0.010398830117827112,0.0006504850533829049,0.5114797668059213
production_fold3_ec45a1095a6d/attention_rank_2026_tune,59,0.010254240510138598,0.0006477617733017001,0.5119199363220222
production_fold3_ec45a1095a6d/attention_rank_2026_tune,60,0.010219264775514603,0.0006449723443492508,0.512356742831502
production_fold3_ec45a1095a6d/attention_rank_2026_tune,61,0.009864504406736656,0.0006421174687493787,0.5135267065170378
production_fold3_ec45a1095a6d/attention_rank_2026_tune,62,0.009164581244642084,0.000639197865201749,0.5137382895344393
production_fold3_ec45a1095a6d/attention_rank_2026_tune,63,0.009025680155239323,0.0006362142687009415,0.5134412891971657
production_fold3_ec45a1095a6d/attention_rank_2026_tune,64,0.008945500901476904,0.0006331674303514194,0.5133585438284654
production_fold3_ec45a1095a6d/attention_rank_2026_tune,65,0.009399073537100445,0.000630058117178444,0.5135441228788563
production_fold3_ec45a1095a6d/attention_rank_2026_tune,66,0.009205773938447237,0.0006268871119349783,0.5129180678276456
production_fold3_ec45a1095a6d/attention_rank_2026_tune,67,0.00900624662807042,0.0006236552129046349,0.5129817662196877
production_fold3_ec45a1095a6d/attention_rank_2026_tune,68,0.008969221518120983,0.0006203632337007112,0.5128218185034115
production_fold3_ec45a1095a6d/attention_rank_2026_tune,69,0.008786386979574507,0.000617012003061367,0.5127152455504143
production_fold3_ec45a1095a6d/residual_42_refit,1,1.5340120700689464,3.5000000000000004e-05,
production_fold3_ec45a1095a6d/residual_42_refit,2,1.474038655941303,6.118881118881119e-05,
production_fold3_ec45a1095a6d/residual_42_refit,3,1.3280856104997487,9.300699300699301e-05,
production_fold3_ec45a1095a6d/residual_42_refit,4,1.060345906477708,0.00012482517482517483,
production_fold3_ec45a1095a6d/residual_42_refit,5,0.7335336804389954,0.00015664335664335665,
production_fold3_ec45a1095a6d/residual_42_refit,6,0.4659012086116351,0.00018846153846153844,
production_fold3_ec45a1095a6d/residual_42_refit,7,0.3130484383839827,0.0002202797202797203,
production_fold3_ec45a1095a6d/residual_42_refit,8,0.19571032776282385,0.0002520979020979021,
production_fold3_ec45a1095a6d/residual_42_refit,9,0.1259106191305014,0.0002839160839160839,
production_fold3_ec45a1095a6d/residual_42_refit,10,0.08604688627215532,0.0003157342657342657,
production_fold3_ec45a1095a6d/residual_42_refit,11,0.06903658749965522,0.00034755244755244757,
production_fold3_ec45a1095a6d/residual_42_refit,12,0.06060394157583897,0.00037937062937062936,
production_fold3_ec45a1095a6d/residual_42_refit,13,0.04797858773515774,0.00041118881118881116,
production_fold3_ec45a1095a6d/residual_42_refit,14,0.03975344922107,0.00044300699300699306,
production_fold3_ec45a1095a6d/residual_42_refit,15,0.03489281007876763,0.00047482517482517485,
production_fold3_ec45a1095a6d/residual_42_refit,16,0.0404322213278367,0.0005066433566433566,
production_fold3_ec45a1095a6d/residual_42_refit,17,0.03394525713072373,0.0005384615384615384,
production_fold3_ec45a1095a6d/residual_42_refit,18,0.031524025763456635,0.0005702797202797202,
production_fold3_ec45a1095a6d/residual_42_refit,19,0.023242915622316875,0.000602097902097902,
production_fold3_ec45a1095a6d/residual_42_refit,20,0.021596691857736845,0.0006339160839160839,
production_fold3_ec45a1095a6d/residual_42_refit,21,0.0193871151512632,0.0006657342657342657,
production_fold3_ec45a1095a6d/residual_42_refit,22,0.02661960371411764,0.0006975524475524475,
production_fold3_ec45a1095a6d/residual_42_refit,23,0.0289831544057681,0.0006999716115248672,
production_fold3_ec45a1095a6d/residual_42_refit,24,0.025550616833452996,0.0006998648691065406,
production_fold3_ec45a1095a6d/residual_42_refit,25,0.019543251667458277,0.000699678861141235,
production_fold3_ec45a1095a6d/residual_42_refit,26,0.011997166770295454,0.0006994136344554611,
production_fold3_ec45a1095a6d/residual_42_refit,27,0.014182679068583708,0.0006990692558186185,
production_fold3_ec45a1095a6d/residual_42_refit,28,0.012013446432180129,0.0006986458119261876,
production_fold3_ec45a1095a6d/residual_42_refit,29,0.012141727484189548,0.0006981434093779037,
production_fold3_ec45a1095a6d/residual_42_refit,30,0.01015332298210034,0.0006975621746509214,
production_fold3_ec45a1095a6d/residual_42_refit,31,0.008254681785519306,0.0006969022540679752,
production_fold3_ec45a1095a6d/residual_42_refit,32,0.0072008449799166275,0.0006961638137605428,
production_fold3_ec45a1095a6d/residual_42_refit,33,0.007881936688835803,0.0006953470396270225,
production_fold3_ec45a1095a6d/residual_42_refit,34,0.00679600820876658,0.0006944521372859343,
production_fold3_ec45a1095a6d/ordinal_2026_refit,1,2.0934137289340677,3.5000000000000004e-05,
production_fold3_ec45a1095a6d/ordinal_2026_refit,2,1.4372447041364818,6.608391608391608e-05,
production_fold3_ec45a1095a6d/ordinal_2026_refit,3,1.0731125244727502,9.790209790209791e-05,
production_fold3_ec45a1095a6d/ordinal_2026_refit,4,0.8207810658674973,0.0001297202797202797,
production_fold3_ec45a1095a6d/ordinal_2026_refit,5,0.6311320272775797,0.00016153846153846155,
production_fold3_ec45a1095a6d/ordinal_2026_refit,6,0.475249157502101,0.00019335664335664335,
production_fold3_ec45a1095a6d/ordinal_2026_refit,7,0.39156311521163356,0.00022517482517482517,
production_fold3_ec45a1095a6d/ordinal_2026_refit,8,0.31806132426628697,0.000256993006993007,
production_fold3_ec45a1095a6d/text_tune,1,1.3261664860719253,9.989230457515324e-06,0.7840478127909762
production_fold3_ec45a1095a6d/text_tune,2,0.7625421317412503,9.43796732877198e-06,0.6097952828933791
production_fold3_ec45a1095a6d/text_tune,3,0.6261943750497367,8.150069518382929e-06,0.5957987988702904
production_fold3_ec45a1095a6d/text_tune,4,0.5522564664364807,6.366450704482724e-06,0.6011145330980606
production_fold3_ec45a1095a6d/text_tune,5,0.43524015687465195,4.420753948951304e-06,0.5855817277273532
production_fold3_ec45a1095a6d/text_tune,6,0.3960608429319802,2.676940552233722e-06,0.5792057019738834
production_fold3_ec45a1095a6d/text_tune,7,0.3671705128388509,1.4612075899012335e-06,0.5756355870567464
production_fold3_ec45a1095a6d/text_tune,8,0.3452439284458431,1.000969610858501e-06,0.576444422980994
production_fold3_ec45a1095a6d/residual_2026_refit,1,1.5340406069388757,3.5000000000000004e-05,
production_fold3_ec45a1095a6d/residual_2026_refit,2,1.4685519016706026,6.118881118881119e-05,
production_fold3_ec45a1095a6d/residual_2026_refit,3,1.3263190251130323,9.300699300699301e-05,
production_fold3_ec45a1095a6d/residual_2026_refit,4,1.0674836131242604,0.00012482517482517483,
production_fold3_ec45a1095a6d/residual_2026_refit,5,0.7429619683669164,0.00015664335664335665,
production_fold3_ec45a1095a6d/residual_2026_refit,6,0.4857834313924496,0.00018846153846153844,
production_fold3_ec45a1095a6d/residual_2026_refit,7,0.31503241566511303,0.0002202797202797203,
production_fold3_ec45a1095a6d/residual_2026_refit,8,0.19876858362784752,0.0002520979020979021,
production_fold3_ec45a1095a6d/residual_2026_refit,9,0.1311748314362306,0.0002839160839160839,
production_fold3_ec45a1095a6d/residual_2026_refit,10,0.08558363209550197,0.0003157342657342657,
production_fold3_ec45a1095a6d/residual_2026_refit,11,0.07588326357878171,0.00034755244755244757,
production_fold3_ec45a1095a6d/residual_2026_refit,12,0.05408308855616129,0.00037937062937062936,
production_fold3_ec45a1095a6d/residual_2026_refit,13,0.046059124171733856,0.00041118881118881116,
production_fold3_ec45a1095a6d/residual_2026_refit,14,0.038034251103034385,0.00044300699300699306,
production_fold3_ec45a1095a6d/residual_2026_refit,15,0.030250517794719108,0.00047482517482517485,
production_fold3_ec45a1095a6d/residual_2026_refit,16,0.0345345838711812,0.0005066433566433566,
production_fold3_ec45a1095a6d/residual_2026_tune,1,1.5298196402463047,3.5000000000000004e-05,1.2131617982945728
production_fold3_ec45a1095a6d/residual_2026_tune,2,1.4803726456382058,6.0743801652892564e-05,1.1892786285264674
production_fold3_ec45a1095a6d/residual_2026_tune,3,1.3643360300497576,9.256198347107438e-05,1.1339695406739356
production_fold3_ec45a1095a6d/residual_2026_tune,4,1.1789766387505964,0.00012438016528925618,1.0335788035042173
production_fold3_ec45a1095a6d/residual_2026_tune,5,0.9012837735089388,0.00015619834710743803,0.9032773256070167
production_fold3_ec45a1095a6d/residual_2026_tune,6,0.6054574156349356,0.00018801652892561983,0.7790763901554989
production_fold3_ec45a1095a6d/residual_2026_tune,7,0.3994276063008742,0.00021983471074380165,0.7058984382205375
production_fold3_ec45a1095a6d/residual_2026_tune,8,0.2606732669201764,0.00025165289256198347,0.6536271332311682
production_fold3_ec45a1095a6d/residual_2026_tune,9,0.16146853362972086,0.00028347107438016526,0.598058824972388
production_fold3_ec45a1095a6d/residual_2026_tune,10,0.0966281687671488,0.0003152892561983471,0.5569676858424129
production_fold3_ec45a1095a6d/residual_2026_tune,11,0.06895744021643292,0.00034710743801652895,0.5519610056598472
production_fold3_ec45a1095a6d/residual_2026_tune,12,0.06635417213494127,0.00037892561983471075,0.5450377563569758
production_fold3_ec45a1095a6d/residual_2026_tune,13,0.050108599391850556,0.0004107438016528926,0.5467626743506311
production_fold3_ec45a1095a6d/residual_2026_tune,14,0.04006316478956829,0.0004425619834710744,0.5402290580890281
production_fold3_ec45a1095a6d/residual_2026_tune,15,0.03972625681622462,0.0004743801652892562,0.5270657131935286
production_fold3_ec45a1095a6d/residual_2026_tune,16,0.033364930782805786,0.0005061983471074381,0.5238612097491436
production_fold3_ec45a1095a6d/residual_2026_tune,17,0.029992897402156483,0.0005380165289256199,0.5277185115876728
production_fold3_ec45a1095a6d/residual_2026_tune,18,0.029079185968095608,0.0005698347107438016,0.5311815938488094
production_fold3_ec45a1095a6d/residual_2026_tune,19,0.026772482320666313,0.0006016528925619835,0.5318546543520136
production_fold3_ec45a1095a6d/residual_2026_tune,20,0.03899086723950776,0.0006334710743801653,0.5317051347425134
production_fold3_ec45a1095a6d/residual_2026_tune,21,0.02766432858664881,0.0006652892561983472,0.5346661790452738
production_fold3_ec45a1095a6d/residual_2026_tune,22,0.015923864631490273,0.000697107438016529,0.5323940183605661
production_fold3_ec45a1095a6d/residual_2026_tune,23,0.01976510958576744,0.0006999734573993824,0.5294089709207475
production_fold3_ec45a1095a6d/residual_2026_tune,24,0.01672004476528276,0.0006998689326784723,0.526253382463424
production_fold3_ec45a1095a6d/residual_2026_tune,25,0.01465703250670975,0.0006996851413876009,0.527921135637057
production_fold3_ec45a1095a6d/residual_2026_tune,26,0.013125213032419031,0.0006994221297952425,0.5283332814602996
production_fold3_ec45a1095a6d/residual_2026_tune,27,0.014241515743461523,0.0006990799641131591,0.5286640002777794
production_fold3_ec45a1095a6d/residual_2026_tune,28,0.011684231375428763,0.0006986587304797315,0.5278192880343237
production_fold3_ec45a1095a6d/residual_2026_tune,29,0.01062139572406357,0.0006981585349382742,0.5267445114808154
production_fold3_ec45a1095a6d/residual_2026_tune,30,0.010546757035296072,0.0006975795034103396,0.5252855389297332
production_fold3_ec45a1095a6d/residual_2026_tune,31,0.008086660622873089,0.0006969217816640185,0.5256094629948116
production_fold3_ec45a1095a6d/residual_2026_tune,32,0.00705640208484097,0.0006961855352772434,0.5266496470821872
production_fold3_ec45a1095a6d/residual_2026_tune,33,0.006763610607859763,0.0006953709495961046,0.526487634219229
production_fold3_ec45a1095a6d/residual_2026_tune,34,0.006081438813866539,0.0006944782296881913,0.5248876142882813
production_fold3_ec45a1095a6d/residual_2026_tune,35,0.0055742972657423125,0.0006935076002909661,0.5253028189409933
production_fold3_ec45a1095a6d/residual_2026_tune,36,0.004452053478664972,0.0006924593057551894,0.5247019946022318
production_fold3_ec45a1095a6d/residual_42_tune,1,1.5388773462989114,3.5000000000000004e-05,1.2132839431733247
production_fold3_ec45a1095a6d/residual_42_tune,2,1.4600115689364346,6.0743801652892564e-05,1.1889313653424693
production_fold3_ec45a1095a6d/residual_42_tune,3,1.3717063557017932,9.256198347107438e-05,1.131986732194099
production_fold3_ec45a1095a6d/residual_42_tune,4,1.1640362739562988,0.00012438016528925618,1.0297673778692285
production_fold3_ec45a1095a6d/residual_42_tune,5,0.8949802192774686,0.00015619834710743803,0.8966479159489555
production_fold3_ec45a1095a6d/residual_42_tune,6,0.5858246873725544,0.00018801652892561983,0.7854664993056314
production_fold3_ec45a1095a6d/residual_42_tune,7,0.3826035261154175,0.00021983471074380165,0.7278270675187412
production_fold3_ec45a1095a6d/residual_42_tune,8,0.2806139601902528,0.00025165289256198347,0.6770483461303549
production_fold3_ec45a1095a6d/residual_42_tune,9,0.1765954765406522,0.00028347107438016526,0.656241679946873
production_fold3_ec45a1095a6d/residual_42_tune,10,0.10289810597896576,0.0003152892561983471,0.6243701888882586
production_fold3_ec45a1095a6d/residual_42_tune,11,0.06404205614870245,0.00034710743801652895,0.5874401393269058
production_fold3_ec45a1095a6d/residual_42_tune,12,0.06130876595323736,0.00037892561983471075,0.5723501292658555
production_fold3_ec45a1095a6d/residual_42_tune,13,0.05726427483287724,0.0004107438016528926,0.575315676742815
production_fold3_ec45a1095a6d/residual_42_tune,14,0.0554789426651868,0.0004425619834710744,0.5698211221510607
production_fold3_ec45a1095a6d/residual_42_tune,15,0.03312801823697307,0.0004743801652892562,0.5663604537685468
production_fold3_ec45a1095a6d/residual_42_tune,16,0.027581680735403843,0.0005061983471074381,0.5698933327961486
production_fold3_ec45a1095a6d/residual_42_tune,17,0.029291152276776054,0.0005380165289256199,0.5696858957515801
production_fold3_ec45a1095a6d/residual_42_tune,18,0.03189793313768777,0.0005698347107438016,0.5592767201262171
production_fold3_ec45a1095a6d/residual_42_tune,19,0.023733711970800705,0.0006016528925619835,0.5599278320784925
production_fold3_ec45a1095a6d/residual_42_tune,20,0.01959815164181319,0.0006334710743801653,0.5576746402692883
production_fold3_ec45a1095a6d/residual_42_tune,21,0.019269814376126636,0.0006652892561983472,0.5567589667943785
production_fold3_ec45a1095a6d/residual_42_tune,22,0.019591521895067257,0.000697107438016529,0.5564894201788886
production_fold3_ec45a1095a6d/residual_42_tune,23,0.017347936095161873,0.0006999734573993824,0.5498633393784381
production_fold3_ec45a1095a6d/residual_42_tune,24,0.01794990033588626,0.0006998689326784723,0.5473157601461014
production_fold3_ec45a1095a6d/residual_42_tune,25,0.015519021332941273,0.0006996851413876009,0.5453462144258079
production_fold3_ec45a1095a6d/residual_42_tune,26,0.014440941455012018,0.0006994221297952425,0.5494016039879813
production_fold3_ec45a1095a6d/residual_42_tune,27,0.012181178158657118,0.0006990799641131591,0.5514331070521775
production_fold3_ec45a1095a6d/residual_42_tune,28,0.010133352426981384,0.0006986587304797315,0.5516689858889188
production_fold3_ec45a1095a6d/residual_42_tune,29,0.009248531889170408,0.0006981585349382742,0.5495032820734334
production_fold3_ec45a1095a6d/residual_42_tune,30,0.00865433348173445,0.0006975795034103396,0.5476050257962191
production_fold3_ec45a1095a6d/residual_42_tune,31,0.008722875224934383,0.0006969217816640185,0.546066885028529
production_fold3_ec45a1095a6d/residual_42_tune,32,0.00809002218937332,0.0006961855352772434,0.5451406423874304
production_fold3_ec45a1095a6d/residual_42_tune,33,0.006562571930275722,0.0006953709495961046,0.5437832861156351
production_fold3_ec45a1095a6d/residual_42_tune,34,0.005797808439555493,0.0006944782296881913,0.5430082914613573
production_fold3_ec45a1095a6d/residual_42_tune,35,0.005899212196130644,0.0006935076002909661,0.544523531621534
production_fold3_ec45a1095a6d/residual_42_tune,36,0.005235324783081358,0.0006924593057551894,0.5450030520771684
production_fold3_ec45a1095a6d/residual_42_tune,37,0.005387003194879402,0.0006913336099834042,0.5443575579624099
production_fold3_ec45a1095a6d/residual_42_tune,38,0.005806378787383437,0.0006901307963635014,0.5446671031946916
production_fold3_ec45a1095a6d/residual_42_tune,39,0.0060640908777713776,0.0006888511676973773,0.5443758029430528
production_fold3_ec45a1095a6d/residual_42_tune,40,0.0056193393909118395,0.0006874950461247054,0.544890640123853
production_fold3_ec45a1095a6d/residual_42_tune,41,0.004849389936266975,0.0006860627730418395,0.5451736989239411
production_fold3_ec45a1095a6d/residual_42_tune,42,0.004670699529180472,0.0006845547090158688,0.5444642335077745
production_fold3_ec45a1095a6d/residual_42_tune,43,0.003937771501527591,0.0006829712336938473,0.5437160064572599
production_fold3_ec45a1095a6d/residual_42_tune,44,0.004766861019148068,0.0006813127457072188,0.5434950057728772
production_fold3_ec45a1095a6d/residual_42_tune,45,0.003960079386491667,0.0006795796625714651,0.5448106842430396
production_fold3_ec45a1095a6d/residual_42_tune,46,0.0036121571478857236,0.0006777724205809974,0.5452172170240028
production_fold3_ec45a1095a6d/residual_42_tune,47,0.003542577191679315,0.0006758914746993222,0.5449959186275332
production_fold3_ec45a1095a6d/residual_42_tune,48,0.003346984528682449,0.0006739372984445064,0.5442111340509775
production_fold3_ec45a1095a6d/residual_42_tune,49,0.002985654896209863,0.0006719103837699716,0.5442878552431519
production_fold3_ec45a1095a6d/residual_42_tune,50,0.0025419799335808916,0.0006698112409406478,0.5442975314485391
production_fold3_ec45a1095a6d/residual_42_tune,51,0.0026800529925491323,0.0006676403984045166,0.5449530765541258
production_fold3_ec45a1095a6d/residual_42_tune,52,0.0029120145323262973,0.0006653984026595771,0.5447968222431144
production_fold3_ec45a1095a6d/residual_42_tune,53,0.003248247063972733,0.0006630858181162687,0.5445601755110707
production_fold3_ec45a1095a6d/residual_42_tune,54,0.003071332297457213,0.000660703226955383,0.5446007846312234
production_fold3_ec45a1095a6d/text_refit,1,1.3225251751217415,9.985877061413403e-06,
production_fold3_ec45a1095a6d/text_refit,2,0.8041213730547002,9.428563509225348e-06,
production_fold3_ec45a1095a6d/text_refit,3,0.5963551378225892,8.13471926393264e-06,
production_fold3_ec45a1095a6d/text_refit,4,0.4820806399320926,6.348219611630237e-06,
production_fold3_ec45a1095a6d/text_refit,5,0.42335561861140214,4.4031148344017135e-06,
production_fold3_ec45a1095a6d/text_refit,6,0.3963103158248028,2.6631121396220517e-06,
production_fold3_ec45a1095a6d/text_refit,7,0.3624584957200095,1.4535675329687343e-06,
production_fold3_ec45a1095a6d/attention_rank_2026_refit,1,1.554729631313911,3.5000000000000004e-05,
production_fold3_ec45a1095a6d/attention_rank_2026_refit,2,1.4883764523726244,6.118881118881119e-05,
production_fold3_ec45a1095a6d/attention_rank_2026_refit,3,1.3444677728873033,9.300699300699301e-05,
production_fold3_ec45a1095a6d/attention_rank_2026_refit,4,1.081451727793767,0.00012482517482517483,
production_fold3_ec45a1095a6d/attention_rank_2026_refit,5,0.7529855645619906,0.00015664335664335665,
production_fold3_ec45a1095a6d/attention_rank_2026_refit,6,0.4903688579797745,0.00018846153846153844,
production_fold3_ec45a1095a6d/attention_rank_2026_refit,7,0.3173002657982019,0.0002202797202797203,
production_fold3_ec45a1095a6d/attention_rank_2026_refit,8,0.20192623940797952,0.0002520979020979021,
production_fold3_ec45a1095a6d/attention_rank_2026_refit,9,0.13331209753568357,0.0002839160839160839,
production_fold3_ec45a1095a6d/attention_rank_2026_refit,10,0.09874957456038548,0.0003157342657342657,
production_fold3_ec45a1095a6d/attention_rank_2026_refit,11,0.07488831390555088,0.00034755244755244757,
production_fold3_ec45a1095a6d/attention_rank_2026_refit,12,0.059498536185576364,0.00037937062937062936,
production_fold3_ec45a1095a6d/attention_rank_2026_refit,13,0.05491427561411491,0.00041118881118881116,
production_fold3_ec45a1095a6d/attention_rank_2026_refit,14,0.043999675374764666,0.00044300699300699306,
production_fold3_ec45a1095a6d/attention_rank_2026_refit,15,0.03415156069856424,0.00047482517482517485,
production_fold3_ec45a1095a6d/attention_rank_2026_refit,16,0.04068967427771825,0.0005066433566433566,
production_fold3_ec45a1095a6d/attention_rank_2026_refit,17,0.04552824179140421,0.0005384615384615384,
production_fold3_ec45a1095a6d/attention_rank_2026_refit,18,0.029729056530273877,0.0005702797202797202,
production_fold3_ec45a1095a6d/attention_rank_2026_refit,19,0.02786412577216442,0.000602097902097902,
production_fold3_ec45a1095a6d/attention_rank_2026_refit,20,0.027056071190879896,0.0006339160839160839,
production_fold3_ec45a1095a6d/attention_rank_2026_refit,21,0.023297332227230072,0.0006657342657342657,
production_fold3_ec45a1095a6d/attention_rank_2026_refit,22,0.022412248958761875,0.0006975524475524475,
production_fold3_ec45a1095a6d/attention_rank_2026_refit,23,0.023779910415984117,0.0006999716115248672,
production_fold3_ec45a1095a6d/attention_rank_2026_refit,24,0.022785115987062454,0.0006998648691065406,
production_fold3_ec45a1095a6d/attention_rank_2026_refit,25,0.02080008903375039,0.000699678861141235,
production_fold3_ec45a1095a6d/attention_rank_2026_refit,26,0.02015637642202469,0.0006994136344554611,
production_fold3_ec45a1095a6d/attention_rank_2026_refit,27,0.01903371369609466,0.0006990692558186185,
production_fold3_ec45a1095a6d/attention_rank_2026_refit,28,0.015866525614490874,0.0006986458119261876,
production_fold3_ec45a1095a6d/attention_rank_2026_refit,29,0.015203207158125363,0.0006981434093779037,
production_fold3_ec45a1095a6d/attention_rank_2026_refit,30,0.014686307153449608,0.0006975621746509214,
production_fold3_ec45a1095a6d/attention_rank_2026_refit,31,0.013650249546537032,0.0006969022540679752,
production_fold3_ec45a1095a6d/attention_rank_2026_refit,32,0.015300390812066885,0.0006961638137605428,
production_fold3_ec45a1095a6d/attention_rank_2026_refit,33,0.015551786583203536,0.0006953470396270225,
production_fold3_ec45a1095a6d/attention_rank_2026_refit,34,0.014102942381913845,0.0006944521372859343,
production_fold3_ec45a1095a6d/attention_rank_2026_refit,35,0.012705724543103805,0.0006934793320241573,
production_fold3_ec45a1095a6d/attention_rank_2026_refit,36,0.012212722490613278,0.0006924288687402135,
production_fold3_ec45a1095a6d/attention_rank_2026_refit,37,0.012597351334989071,0.0006913010118826171,
production_fold3_ec45a1095a6d/attention_rank_2026_refit,38,0.012791476570642911,0.0006900960453833005,
production_fold3_ec45a1095a6d/attention_rank_2026_refit,39,0.012303193672918357,0.0006888142725861361,
production_fold3_ec45a1095a6d/attention_rank_2026_refit,40,0.011397752481011244,0.0006874560161705709,
production_fold3_ec45a1095a6d/attention_rank_2026_refit,41,0.011279799975454807,0.0006860216180703939,
production_fold3_ec45a1095a6d/attention_rank_2026_refit,42,0.010642614860374194,0.0006845114393876561,
production_fold3_ec45a1095a6d/attention_rank_2026_refit,43,0.01057985697228175,0.0006829258603017649,
production_fold3_ec45a1095a6d/attention_rank_2026_refit,44,0.0105376705670586,0.0006812652799737756,
production_fold3_ec45a1095a6d/attention_rank_2026_refit,45,0.010151583844652543,0.0006795301164459057,
production_fold3_ec45a1095a6d/attention_rank_2026_refit,46,0.009611351415514946,0.0006777208065362938,
production_fold3_ec45a1095a6d/attention_rank_2026_refit,47,0.009323722396332484,0.0006758378057290344,
production_fold3_ec45a1095a6d/attention_rank_2026_refit,48,0.010006255398576077,0.0006738815880595105,
production_fold3_ec45a1095a6d/attention_rank_2026_refit,49,0.009894405205089312,0.000671852645995059,
production_fold2_3404c39463f4/cross_modal_2026_refit,1,1.4899748105269213,3.5000000000000004e-05,
production_fold2_3404c39463f4/cross_modal_2026_refit,2,0.9543050665121812,6.363636363636364e-05,
production_fold2_3404c39463f4/cross_modal_2026_refit,3,0.7900353074073792,9.545454545454545e-05,
production_fold2_3404c39463f4/cross_modal_2026_refit,4,0.662824809551239,0.00012727272727272728,
production_fold2_3404c39463f4/cross_modal_2026_refit,5,0.5574095638898703,0.00015909090909090907,
production_fold2_3404c39463f4/cross_modal_2026_refit,6,0.47662953917796796,0.0001909090909090909,
production_fold2_3404c39463f4/cross_modal_2026_refit,7,0.40958234438529384,0.00022272727272727272,
production_fold2_3404c39463f4/cross_modal_2026_refit,8,0.3545424686028407,0.00025454545454545456,
production_fold2_3404c39463f4/cross_modal_2026_refit,9,0.30290090350004345,0.00028636363636363636,
production_fold2_3404c39463f4/cross_modal_2026_refit,10,0.2693745963848554,0.00031818181818181815,
production_fold2_3404c39463f4/cross_modal_2026_refit,11,0.26729159171764666,0.00035,
production_fold2_3404c39463f4/cross_modal_2026_refit,12,0.26463435475642866,0.0003818181818181818,
production_fold2_3404c39463f4/cross_modal_42_tune,1,1.6417669599706477,3.5000000000000004e-05,0.7811237018069837
production_fold2_3404c39463f4/cross_modal_42_tune,2,1.0564073540947654,6.363636363636364e-05,0.6265234636372476
production_fold2_3404c39463f4/cross_modal_42_tune,3,0.8259783983230591,9.545454545454545e-05,0.5389549909031186
production_fold2_3404c39463f4/cross_modal_42_tune,4,0.7123197642239657,0.00012727272727272728,0.5294360198070988
production_fold2_3404c39463f4/cross_modal_42_tune,5,0.5947082692926581,0.00015909090909090907,0.5205301214739055
production_fold2_3404c39463f4/cross_modal_42_tune,6,0.5189760029315948,0.0001909090909090909,0.49091238316084496
production_fold2_3404c39463f4/cross_modal_42_tune,7,0.438126723874699,0.00022272727272727272,0.48323715189174626
production_fold2_3404c39463f4/cross_modal_42_tune,8,0.36315900629216974,0.00025454545454545456,0.4651407665779643
production_fold2_3404c39463f4/cross_modal_42_tune,9,0.3465685654770244,0.00028636363636363636,0.48655216167520426
production_fold2_3404c39463f4/cross_modal_42_tune,10,0.3035373796116222,0.00031818181818181815,0.47461121812715534
production_fold2_3404c39463f4/cross_modal_42_tune,11,0.2613495493477041,0.00035,0.47540489087903776
production_fold2_3404c39463f4/cross_modal_42_tune,12,0.24999289891936563,0.0003818181818181818,0.49061812450735054
production_fold2_3404c39463f4/cross_modal_42_tune,13,0.21286235749721527,0.00041363636363636364,0.4875881240539266
production_fold2_3404c39463f4/cross_modal_42_tune,14,0.19328663565895773,0.00044545454545454543,0.4996817651326109
production_fold2_3404c39463f4/cross_modal_42_tune,15,0.18587172031402588,0.0004772727272727272,0.5031922855018914
production_fold2_3404c39463f4/cross_modal_42_tune,16,0.16453195972876114,0.0005090909090909091,0.5005770432797164
production_fold2_3404c39463f4/cross_modal_42_tune,17,0.13355709409171884,0.0005409090909090909,0.4926000819871222
production_fold2_3404c39463f4/cross_modal_42_tune,18,0.126552590592341,0.0005727272727272727,0.49242203987073385
production_fold2_3404c39463f4/cross_modal_42_tune,19,0.1065602871504697,0.0006045454545454545,0.49084935832464444
production_fold2_3404c39463f4/cross_modal_42_tune,20,0.09577387300404636,0.0006363636363636363,0.5056569941560737
production_fold2_3404c39463f4/cross_modal_42_tune,21,0.09500414336269553,0.0006681818181818182,0.5164735225880325
production_fold2_3404c39463f4/cross_modal_42_tune,22,0.09541109136559746,0.0007,0.49752981593596074
production_fold2_3404c39463f4/cross_modal_42_tune,23,0.07562305642799898,0.0006999672314652103,0.490921860898901
production_fold2_3404c39463f4/cross_modal_42_tune,24,0.06192422184077176,0.000699855499305238,0.4784684708346307
production_fold2_3404c39463f4/cross_modal_42_tune,25,0.0514284111559391,0.000699664503957084,0.4780752295565838
production_fold2_3404c39463f4/cross_modal_42_tune,26,0.05409175563942303,0.0006993942935028059,0.47593960376379474
production_fold2_3404c39463f4/cross_modal_42_tune,27,0.04212205230512402,0.0006990449359664408,0.4769004749660763
production_fold2_3404c39463f4/cross_modal_42_tune,28,0.030902165750210934,0.0006986165192968797,0.4810890102999195
production_fold2_3404c39463f4/cross_modal_42_refit,1,1.5588994484681349,3.5000000000000004e-05,
production_fold2_3404c39463f4/cross_modal_42_refit,2,0.9970382268612201,6.363636363636364e-05,
production_fold2_3404c39463f4/cross_modal_42_refit,3,0.7769871858450083,9.545454545454545e-05,
production_fold2_3404c39463f4/cross_modal_42_refit,4,0.6691084137329688,0.00012727272727272728,
production_fold2_3404c39463f4/cross_modal_42_refit,5,0.5672687521347632,0.00015909090909090907,
production_fold2_3404c39463f4/cross_modal_42_refit,6,0.4744679102530846,0.0001909090909090909,
production_fold2_3404c39463f4/cross_modal_42_refit,7,0.4069313292319958,0.00022272727272727272,
production_fold2_3404c39463f4/cross_modal_42_refit,8,0.3566709046180432,0.00025454545454545456,
production_fold2_3404c39463f4/ordinal_42_refit,1,1.9434487727972178,3.5000000000000004e-05,
production_fold2_3404c39463f4/ordinal_42_refit,2,1.3318292452738836,6.608391608391608e-05,
production_fold2_3404c39463f4/ordinal_42_refit,3,0.9458322754273047,9.790209790209791e-05,
production_fold2_3404c39463f4/ordinal_42_refit,4,0.6808053576029264,0.0001297202797202797,
production_fold2_3404c39463f4/ordinal_42_refit,5,0.5310649000681363,0.00016153846153846155,
production_fold2_3404c39463f4/ordinal_42_refit,6,0.4304294792505411,0.00019335664335664335,
production_fold2_3404c39463f4/ordinal_42_refit,7,0.3701829887353457,0.00022517482517482517,
production_fold2_3404c39463f4/ordinal_42_refit,8,0.31458190312752354,0.000256993006993007,
production_fold2_3404c39463f4/ordinal_42_refit,9,0.2792318268464162,0.00028881118881118883,
production_fold2_3404c39463f4/ordinal_42_refit,10,0.2213551218693073,0.00032062937062937063,
production_fold2_3404c39463f4/ordinal_42_refit,11,0.1832273923433744,0.0003524475524475525,
production_fold2_3404c39463f4/ordinal_42_refit,12,0.15591473762805647,0.00038426573426573427,
production_fold2_3404c39463f4/ordinal_42_refit,13,0.13532312500935334,0.00041608391608391606,
production_fold2_3404c39463f4/audio_tune,1,1.3843972962053994,7.912357270778181e-06,0.6968234852566623
production_fold2_3404c39463f4/audio_tune,2,0.9515254710845295,6.904214058419896e-06,0.6770463243445002
production_fold2_3404c39463f4/audio_tune,3,0.7437046276708503,5.075875842929948e-06,0.640466260156937
production_fold2_3404c39463f4/audio_tune,4,0.6275461606112205,3.0261707729394203e-06,0.6203887286240021
production_fold2_3404c39463f4/audio_tune,5,0.5622465208778897,1.4264303788529612e-06,0.6198359177120891
production_fold2_3404c39463f4/audio_tune,6,0.5175129105743493,8.006110984702603e-07,0.624253092316052
production_fold2_3404c39463f4/attention_rank_42_refit,1,1.5878166143710797,3.5000000000000004e-05,
production_fold2_3404c39463f4/attention_rank_42_refit,2,1.5148698595853953,6.118881118881119e-05,
production_fold2_3404c39463f4/attention_rank_42_refit,3,1.3595652351012597,9.300699300699301e-05,
production_fold2_3404c39463f4/attention_rank_42_refit,4,1.09447174347364,0.00012482517482517483,
production_fold2_3404c39463f4/attention_rank_42_refit,5,0.7688253934566791,0.00015664335664335665,
production_fold2_3404c39463f4/attention_rank_42_refit,6,0.50081989971491,0.00018846153846153844,
production_fold2_3404c39463f4/attention_rank_42_refit,7,0.3327658508832638,0.0002202797202797203,
production_fold2_3404c39463f4/attention_rank_42_refit,8,0.19832571137409943,0.0002520979020979021,
production_fold2_3404c39463f4/attention_rank_42_refit,9,0.13006893602701333,0.0002839160839160839,
production_fold2_3404c39463f4/attention_rank_42_refit,10,0.0929137055690472,0.0003157342657342657,
production_fold2_3404c39463f4/attention_rank_42_refit,11,0.06996466964483261,0.00034755244755244757,
production_fold2_3404c39463f4/attention_rank_42_refit,12,0.0629513576053656,0.00037937062937062936,
production_fold2_3404c39463f4/attention_rank_42_refit,13,0.045014333266478315,0.00041118881118881116,
production_fold2_3404c39463f4/attention_rank_42_refit,14,0.047410592723351255,0.00044300699300699306,
production_fold2_3404c39463f4/attention_rank_42_refit,15,0.04421606487952746,0.00047482517482517485,
production_fold2_3404c39463f4/attention_rank_42_refit,16,0.04128325472657497,0.0005066433566433566,
production_fold2_3404c39463f4/attention_rank_42_refit,17,0.03680009122651357,0.0005384615384615384,
production_fold2_3404c39463f4/attention_rank_42_refit,18,0.028593239589379385,0.0005702797202797202,
production_fold2_3404c39463f4/attention_rank_42_refit,19,0.03105671890079975,0.000602097902097902,
production_fold2_3404c39463f4/attention_rank_42_refit,20,0.024369205849675033,0.0006339160839160839,
production_fold2_3404c39463f4/attention_rank_42_refit,21,0.020737950761730854,0.0006657342657342657,
production_fold2_3404c39463f4/attention_rank_42_refit,22,0.01992820382404786,0.0006975524475524475,
production_fold2_3404c39463f4/attention_rank_42_refit,23,0.023482411455076475,0.0006999716115248672,
production_fold2_3404c39463f4/attention_rank_42_refit,24,0.026318492081302863,0.0006998648691065406,
production_fold2_3404c39463f4/attention_rank_42_refit,25,0.02298492221878125,0.000699678861141235,
production_fold2_3404c39463f4/attention_rank_42_refit,26,0.022435746227319423,0.0006994136344554611,
production_fold2_3404c39463f4/attention_rank_42_refit,27,0.02924976426248367,0.0006990692558186185,
production_fold2_3404c39463f4/attention_rank_42_refit,28,0.025689021326028384,0.0006986458119261876,
production_fold2_3404c39463f4/attention_rank_42_refit,29,0.016538813853493102,0.0006981434093779037,
production_fold2_3404c39463f4/attention_rank_42_refit,30,0.015062538692011284,0.0006975621746509214,
production_fold2_3404c39463f4/cross_modal_2026_tune,1,1.522456006570296,3.5000000000000004e-05,0.7314144852475983
production_fold2_3404c39463f4/cross_modal_2026_tune,2,0.9927554834972728,6.363636363636364e-05,0.6379527215178794
production_fold2_3404c39463f4/cross_modal_2026_tune,3,0.811955988407135,9.545454545454545e-05,0.6002271788893541
production_fold2_3404c39463f4/cross_modal_2026_tune,4,0.6778652017766779,0.00012727272727272728,0.559377853033834
production_fold2_3404c39463f4/cross_modal_2026_tune,5,0.5901989882642572,0.00015909090909090907,0.5346327521129037
production_fold2_3404c39463f4/cross_modal_2026_tune,6,0.5002951405265115,0.0001909090909090909,0.5105949882178047
production_fold2_3404c39463f4/cross_modal_2026_tune,7,0.415688384662975,0.00022272727272727272,0.5205817298515395
production_fold2_3404c39463f4/cross_modal_2026_tune,8,0.36859284476800397,0.00025454545454545456,0.523356140316823
production_fold2_3404c39463f4/cross_modal_2026_tune,9,0.3248104913668199,0.00028636363636363636,0.5415654187726086
production_fold2_3404c39463f4/cross_modal_2026_tune,10,0.2961473790082065,0.00031818181818181815,0.5161098534862181
production_fold2_3404c39463f4/cross_modal_2026_tune,11,0.27467556297779083,0.00035,0.5216151822678289
production_fold2_3404c39463f4/cross_modal_2026_tune,12,0.24932655692100525,0.0003818181818181818,0.5063447691082295
production_fold2_3404c39463f4/cross_modal_2026_tune,13,0.21009877730499615,0.00041363636363636364,0.5252151398226576
production_fold2_3404c39463f4/cross_modal_2026_tune,14,0.2067683623595671,0.00044545454545454543,0.5291821514617512
production_fold2_3404c39463f4/cross_modal_2026_tune,15,0.17141029645096173,0.0004772727272727272,0.5253923352151538
production_fold2_3404c39463f4/cross_modal_2026_tune,16,0.16998212716796182,0.0005090909090909091,0.5387298078454801
production_fold2_3404c39463f4/cross_modal_2026_tune,17,0.13485122472047806,0.0005409090909090909,0.527305747773506
production_fold2_3404c39463f4/cross_modal_2026_tune,18,0.1189604950222102,0.0005727272727272727,0.5289306665646828
production_fold2_3404c39463f4/cross_modal_2026_tune,19,0.11242951588197188,0.0006045454545454545,0.5445449015738376
production_fold2_3404c39463f4/cross_modal_2026_tune,20,0.0906629894267429,0.0006363636363636363,0.5332871467364301
production_fold2_3404c39463f4/cross_modal_2026_tune,21,0.08109679140827873,0.0006681818181818182,0.516468966541033
production_fold2_3404c39463f4/cross_modal_2026_tune,22,0.09098472039807927,0.0007,0.52883724956207
production_fold2_3404c39463f4/cross_modal_2026_tune,23,0.06765843352133577,0.0006999672314652103,0.5401122298075626
production_fold2_3404c39463f4/cross_modal_2026_tune,24,0.06448772515762936,0.000699855499305238,0.535993445301713
production_fold2_3404c39463f4/cross_modal_2026_tune,25,0.05435991151766344,0.000699664503957084,0.5402268355679208
production_fold2_3404c39463f4/cross_modal_2026_tune,26,0.0505354411222718,0.0006993942935028059,0.53460696327136
production_fold2_3404c39463f4/cross_modal_2026_tune,27,0.04607585614377802,0.0006990449359664408,0.5263922498591593
production_fold2_3404c39463f4/cross_modal_2026_tune,28,0.036973542110486465,0.0006986165192968797,0.5272428010730607
production_fold2_3404c39463f4/cross_modal_2026_tune,29,0.0339652956886725,0.0006981091513457285,0.5275097940929661
production_fold2_3404c39463f4/cross_modal_2026_tune,30,0.03002331287346103,0.0006975229598401555,0.529493534698316
production_fold2_3404c39463f4/cross_modal_2026_tune,31,0.025012903254140507,0.0006968580923507375,0.5287446438699436
production_fold2_3404c39463f4/cross_modal_2026_tune,32,0.021772297437895428,0.0006961147162543093,0.5281084289041794
production_fold2_3404c39463f4/ordinal_2026_tune,1,2.554668589071794,3.5000000000000004e-05,1.1939191013133146
production_fold2_3404c39463f4/ordinal_2026_tune,2,1.6509364301508123,6.363636363636364e-05,0.8580993550893863
production_fold2_3404c39463f4/ordinal_2026_tune,3,1.1045812151648782,9.545454545454545e-05,0.6530265895971366
production_fold2_3404c39463f4/ordinal_2026_tune,4,0.8361046747727827,0.00012727272727272728,0.5692654928984852
production_fold2_3404c39463f4/ordinal_2026_tune,5,0.6494968804446134,0.00015909090909090907,0.5334500941405729
production_fold2_3404c39463f4/ordinal_2026_tune,6,0.5450123954902996,0.0001909090909090909,0.5321594351646095
production_fold2_3404c39463f4/ordinal_2026_tune,7,0.4259600422599099,0.00022272727272727272,0.5085177370844335
production_fold2_3404c39463f4/ordinal_2026_tune,8,0.36137091842564667,0.00025454545454545456,0.4941762248098341
production_fold2_3404c39463f4/ordinal_2026_tune,9,0.30479025027968665,0.00028636363636363636,0.4935368382351881
production_fold2_3404c39463f4/ordinal_2026_tune,10,0.25253215161236847,0.00031818181818181815,0.4877159258687887
production_fold2_3404c39463f4/ordinal_2026_tune,11,0.21212290633808484,0.00035,0.48617501712641553
production_fold2_3404c39463f4/ordinal_2026_tune,12,0.16902881318872626,0.0003818181818181818,0.4708636913990282
production_fold2_3404c39463f4/ordinal_2026_tune,13,0.15477140247821808,0.00041363636363636364,0.5006787430808761
production_fold2_3404c39463f4/ordinal_2026_tune,14,0.12185830013318495,0.00044545454545454543,0.5038899251803322
production_fold2_3404c39463f4/ordinal_2026_tune,15,0.101730883798816,0.0004772727272727272,0.5077721610385146
production_fold2_3404c39463f4/ordinal_2026_tune,16,0.08714169467037375,0.0005090909090909091,0.5041248267317733
production_fold2_3404c39463f4/ordinal_2026_tune,17,0.06955351680517197,0.0005409090909090909,0.5137350141226084
production_fold2_3404c39463f4/ordinal_2026_tune,18,0.05110650560395284,0.0005727272727272727,0.5312187246180213
production_fold2_3404c39463f4/ordinal_2026_tune,19,0.0473908351903612,0.0006045454545454545,0.534246899886422
production_fold2_3404c39463f4/ordinal_2026_tune,20,0.03707294166088104,0.0006363636363636363,0.548357044725869
production_fold2_3404c39463f4/ordinal_2026_tune,21,0.03381592272357507,0.0006681818181818182,0.5603049054065986
production_fold2_3404c39463f4/ordinal_2026_tune,22,0.02391591329466213,0.0007,0.5658629416560363
production_fold2_3404c39463f4/ordinal_2026_tune,23,0.02717930603433739,0.0006999672314652103,0.5663011738525423
production_fold2_3404c39463f4/ordinal_2026_tune,24,0.03425800114531408,0.000699855499305238,0.5502144750249881
production_fold2_3404c39463f4/ordinal_2026_tune,25,0.03873806285925887,0.000699664503957084,0.5460666464917658
production_fold2_3404c39463f4/ordinal_2026_tune,26,0.039198876951228485,0.0006993942935028059,0.5270947103866802
production_fold2_3404c39463f4/ordinal_2026_tune,27,0.027223344130272217,0.0006990449359664408,0.5310901793197574
production_fold2_3404c39463f4/ordinal_2026_tune,28,0.022454228167506782,0.0006986165192968797,0.5249678408326225
production_fold2_3404c39463f4/ordinal_2026_tune,29,0.019034295046532698,0.0006981091513457285,0.5105296683526751
production_fold2_3404c39463f4/ordinal_2026_tune,30,0.014968717513097958,0.0006975229598401555,0.49525005826991253
production_fold2_3404c39463f4/ordinal_2026_tune,31,0.009615413675254042,0.0006968580923507375,0.4923759350742357
production_fold2_3404c39463f4/ordinal_2026_tune,32,0.010723525869914076,0.0006961147162543093,0.4961382650328358
production_fold2_3404c39463f4/ordinal_42_tune,1,2.026380278847434,3.5000000000000004e-05,1.0483729878863253
production_fold2_3404c39463f4/ordinal_42_tune,2,1.4245758165012707,6.652892561983471e-05,0.8345085675345548
production_fold2_3404c39463f4/ordinal_42_tune,3,1.022265986962752,9.834710743801653e-05,0.6648455006565003
production_fold2_3404c39463f4/ordinal_42_tune,4,0.7497067017988726,0.00013016528925619835,0.5564292241626043
production_fold2_3404c39463f4/ordinal_42_tune,5,0.5917212908918207,0.00016198347107438017,0.5328947954284415
production_fold2_3404c39463f4/ordinal_42_tune,6,0.45728944919326087,0.000193801652892562,0.5058734967124294
production_fold2_3404c39463f4/ordinal_42_tune,7,0.3764575475996191,0.00022561983471074378,0.48322362778180444
production_fold2_3404c39463f4/ordinal_42_tune,8,0.3225089745088057,0.0002574380165289256,0.45969376210813967
production_fold2_3404c39463f4/ordinal_42_tune,9,0.2804306041110646,0.00028925619834710745,0.467394792939879
production_fold2_3404c39463f4/ordinal_42_tune,10,0.23238688300956378,0.00032107438016528925,0.46223867976862004
production_fold2_3404c39463f4/ordinal_42_tune,11,0.19420294192704288,0.00035289256198347104,0.46143043611315143
production_fold2_3404c39463f4/ordinal_42_tune,12,0.15459073809060184,0.00038471074380165283,0.4524408959158687
production_fold2_3404c39463f4/ordinal_42_tune,13,0.14046269926157864,0.00041652892561983473,0.440746140662297
production_fold2_3404c39463f4/ordinal_42_tune,14,0.10230885446071625,0.0004483471074380165,0.44692714317124127
production_fold2_3404c39463f4/ordinal_42_tune,15,0.08641323752023956,0.0004801652892561984,0.4553439518174088
production_fold2_3404c39463f4/ordinal_42_tune,16,0.08456332744522528,0.0005119834710743802,0.4848291884925591
production_fold2_3404c39463f4/ordinal_42_tune,17,0.061397533525120125,0.000543801652892562,0.4894471177648374
production_fold2_3404c39463f4/ordinal_42_tune,18,0.047546676275405014,0.0005756198347107439,0.4876076104602816
production_fold2_3404c39463f4/ordinal_42_tune,19,0.039144836366176605,0.0006074380165289257,0.4964791542431608
production_fold2_3404c39463f4/ordinal_42_tune,20,0.03886169466105374,0.0006392561983471074,0.48756508619312255
production_fold2_3404c39463f4/ordinal_42_tune,21,0.03673277185721831,0.0006710743801652892,0.4946086313617485
production_fold2_3404c39463f4/ordinal_42_tune,22,0.03673806583339518,0.0007,0.502052184904639
production_fold2_3404c39463f4/ordinal_42_tune,23,0.04969622787426819,0.0006999603502172707,0.5268070774918822
production_fold2_3404c39463f4/ordinal_42_tune,24,0.020208228125490925,0.0006998414108507033,0.5398070596449398
production_fold2_3404c39463f4/ordinal_42_tune,25,0.02836823615838181,0.0006996432118426475,0.5546392096477514
production_fold2_3404c39463f4/ordinal_42_tune,26,0.02280752576718276,0.0006993658030886436,0.5411517575529348
production_fold2_3404c39463f4/ordinal_42_tune,27,0.013134934600781311,0.0006990092544248618,0.5335624827074633
production_fold2_3404c39463f4/ordinal_42_tune,28,0.011350122386250983,0.0006985736556105217,0.5232791732162392
production_fold2_3404c39463f4/ordinal_42_tune,29,0.011207932902669365,0.000698059116305295,0.5260278652556795
production_fold2_3404c39463f4/ordinal_42_tune,30,0.007276450072161176,0.0006974657660417005,0.5337563908941877
production_fold2_3404c39463f4/ordinal_42_tune,31,0.00776461334052411,0.0006967937541924939,0.531105941550607
production_fold2_3404c39463f4/ordinal_42_tune,32,0.005498033165085045,0.0006960432499330642,0.5371041188917232
production_fold2_3404c39463f4/ordinal_42_tune,33,0.006287494441494346,0.0006952144421988456,0.544406254824444
production_fold2_3404c39463f4/attention_rank_42_tune,1,1.5892336043444546,3.5000000000000004e-05,1.2586768796625547
production_fold2_3404c39463f4/attention_rank_42_tune,2,1.5460246042771773,5.785123966942149e-05,1.232795079221349
production_fold2_3404c39463f4/attention_rank_42_tune,3,1.4141703193837947,8.96694214876033e-05,1.1729059929617136
production_fold2_3404c39463f4/attention_rank_42_tune,4,1.226364482532848,0.00012148760330578513,1.0638822086866182
production_fold2_3404c39463f4/attention_rank_42_tune,5,0.9282246828079224,0.00015330578512396694,0.9198219737003052
production_fold2_3404c39463f4/attention_rank_42_tune,6,0.6469388848001306,0.00018512396694214876,0.7847191022520813
production_fold2_3404c39463f4/attention_rank_42_tune,7,0.4103125144134868,0.0002169421487603306,0.6797281572866457
production_fold2_3404c39463f4/attention_rank_42_tune,8,0.24790386923334815,0.00024876033057851237,0.6098383540565429
production_fold2_3404c39463f4/attention_rank_42_tune,9,0.15620357949625363,0.0002805785123966942,0.5609957233747509
production_fold2_3404c39463f4/attention_rank_42_tune,10,0.10421064360575243,0.00031239669421487606,0.5184117315588207
production_fold2_3404c39463f4/attention_rank_42_tune,11,0.07996022498065775,0.00034421487603305786,0.50535319382483
production_fold2_3404c39463f4/attention_rank_42_tune,12,0.06368321586738933,0.00037603305785123965,0.5179303511577674
production_fold2_3404c39463f4/attention_rank_42_tune,13,0.058658883314241066,0.00040785123966942144,0.49798026556764435
production_fold2_3404c39463f4/attention_rank_42_tune,14,0.04582776840437542,0.0004396694214876033,0.47838764390424765
production_fold2_3404c39463f4/attention_rank_42_tune,15,0.04392771880057725,0.0004714876033057851,0.4764513689844598
production_fold2_3404c39463f4/attention_rank_42_tune,16,0.04282820834354921,0.0005033057851239669,0.48994369654672454
production_fold2_3404c39463f4/attention_rank_42_tune,17,0.05506836995482445,0.0005351239669421487,0.4852198953699168
production_fold2_3404c39463f4/attention_rank_42_tune,18,0.03573639115149325,0.0005669421487603305,0.49054788692804224
production_fold2_3404c39463f4/attention_rank_42_tune,19,0.028088153593919495,0.0005987603305785124,0.48927043840814244
production_fold2_3404c39463f4/attention_rank_42_tune,20,0.02929542823271318,0.0006305785123966942,0.4816021048143931
production_fold2_3404c39463f4/attention_rank_42_tune,21,0.02640976214950735,0.000662396694214876,0.48052593268956123
production_fold2_3404c39463f4/attention_rank_42_tune,22,0.032443272627212784,0.0006942148760330579,0.4786648242247464
production_fold2_3404c39463f4/attention_rank_42_tune,23,0.025318678637797184,0.0006999790280068331,0.4751834140856331
production_fold2_3404c39463f4/attention_rank_42_tune,24,0.020806537771766834,0.0006998817109424572,0.4768328223250927
production_fold2_3404c39463f4/attention_rank_42_tune,25,0.01699561718851328,0.0006997051240912602,0.47695263719045783
production_fold2_3404c39463f4/attention_rank_42_tune,26,0.018369399942457676,0.0006994493119080377,0.47652476505986846
production_fold2_3404c39463f4/attention_rank_42_tune,27,0.018362546085634014,0.0006991143387921386,0.47667909344398945
production_fold2_3404c39463f4/attention_rank_42_tune,28,0.01656754043969241,0.0006987002890712535,0.47543963927872557
production_fold2_3404c39463f4/attention_rank_42_tune,29,0.01470461767166853,0.0006982072669801855,0.4745443912924296
production_fold2_3404c39463f4/attention_rank_42_tune,30,0.014254647307097912,0.0006976353966346095,0.4739989068935912
production_fold2_3404c39463f4/attention_rank_42_tune,31,0.013820438137785955,0.0006969848219998266,0.47740488977410006
production_fold2_3404c39463f4/attention_rank_42_tune,32,0.01355108085342429,0.0006962557068545222,0.4783042501178287
production_fold2_3404c39463f4/attention_rank_42_tune,33,0.013410011475736444,0.0006954482347495349,0.4786999944303727
production_fold2_3404c39463f4/attention_rank_42_tune,34,0.012420384551991116,0.000694562608961649,0.47934327268414856
production_fold2_3404c39463f4/attention_rank_42_tune,35,0.012557692571797154,0.0006935990524424205,0.47979662941451423
production_fold2_3404c39463f4/attention_rank_42_tune,36,0.012620269405570898,0.00069255780776205,0.48070370450311656
production_fold2_3404c39463f4/attention_rank_42_tune,37,0.012205674059011719,0.0006914391370483179,0.48050664010375144
production_fold2_3404c39463f4/attention_rank_42_tune,38,0.011802581138908863,0.0006902433219205937,0.47892992362468023
production_fold2_3404c39463f4/attention_rank_42_tune,39,0.011553309265185486,0.0006889706634189411,0.4787883617427675
production_fold2_3404c39463f4/attention_rank_42_tune,40,0.011907558210871437,0.0006876214819283319,0.47881283753695403
production_fold2_3404c39463f4/attention_rank_42_tune,41,0.011622985909608278,0.0006861961170979913,0.4784454165147439
production_fold2_3404c39463f4/attention_rank_42_tune,42,0.010814875364303589,0.0006846949277558927,0.4788410351872181
production_fold2_3404c39463f4/attention_rank_42_tune,43,0.010761253874410282,0.0006831182918184252,0.4785747645128903
production_fold2_3404c39463f4/attention_rank_42_tune,44,0.010469139130278067,0.0006814666061952546,0.47806672356162017
production_fold2_3404c39463f4/attention_rank_42_tune,45,0.010227277366952463,0.0006797402866894036,0.4782210034818512
production_fold2_3404c39463f4/attention_rank_42_tune,46,0.01010635622184385,0.000677939767892576,0.47845981817433936
production_fold2_3404c39463f4/attention_rank_42_tune,47,0.010148882442577318,0.00067606550307575,0.47795036076634867
production_fold2_3404c39463f4/attention_rank_42_tune,48,0.01012701363387433,0.0006741179640750704,0.4772615704062376
production_fold2_3404c39463f4/attention_rank_42_tune,49,0.010812884111973372,0.0006720976411730655,0.47808851372279887
production_fold2_3404c39463f4/attention_rank_42_tune,50,0.011177118190310219,0.0006700050429752216,0.4777853930319527
production_fold2_3404c39463f4/audio_refit,1,1.3421814093017965,7.914010575791207e-06,
production_fold2_3404c39463f4/audio_refit,2,0.8470926972000095,6.90684749832339e-06,
production_fold2_3404c39463f4/audio_refit,3,0.6505999377769668,5.075640913934023e-06,
production_fold2_3404c39463f4/audio_refit,4,0.6019470776953711,3.0223396434856766e-06,
production_fold2_3404c39463f4/audio_refit,5,0.5297292433694247,1.4218988171960296e-06,
production_fold2_3404c39463f4/attention_rank_2026_tune,1,1.6093202179128474,3.5000000000000004e-05,1.2579289706283978
production_fold2_3404c39463f4/attention_rank_2026_tune,2,1.5704563801938838,6.0743801652892564e-05,1.2329392785659972
production_fold2_3404c39463f4/attention_rank_2026_tune,3,1.3914414156566968,9.256198347107438e-05,1.1724463257501125
production_fold2_3404c39463f4/attention_rank_2026_tune,4,1.221985849467191,0.00012438016528925618,1.0607441847144774
production_fold2_3404c39463f4/attention_rank_2026_tune,5,0.9110780493779616,0.00015619834710743803,0.9113945654676003
production_fold2_3404c39463f4/attention_rank_2026_tune,6,0.6422176361083984,0.00018801652892561983,0.7848458561590546
production_fold2_3404c39463f4/attention_rank_2026_tune,7,0.4027035317637704,0.00021983471074380165,0.6912088415725302
production_fold2_3404c39463f4/attention_rank_2026_tune,8,0.27710476111282,0.00025165289256198347,0.6305699938511031
production_fold2_3404c39463f4/attention_rank_2026_tune,9,0.17165143449198117,0.00028347107438016526,0.5796378649592321
production_fold2_3404c39463f4/attention_rank_2026_tune,10,0.11000819097865712,0.0003152892561983471,0.5395106459883612
production_fold2_3404c39463f4/attention_rank_2026_tune,11,0.08348385007543997,0.00034710743801652895,0.509323106594569
production_fold2_3404c39463f4/attention_rank_2026_tune,12,0.06846987557682124,0.00037892561983471075,0.5102960184806078
production_fold2_3404c39463f4/attention_rank_2026_tune,13,0.05937745760787617,0.0004107438016528926,0.5134469534495375
production_fold2_3404c39463f4/attention_rank_2026_tune,14,0.04585859010165388,0.0004425619834710744,0.5001887918722774
production_fold2_3404c39463f4/attention_rank_2026_tune,15,0.04308965158733455,0.0004743801652892562,0.501286826811506
production_fold2_3404c39463f4/attention_rank_2026_tune,16,0.04211555590683764,0.0005061983471074381,0.5026094715661287
production_fold2_3404c39463f4/attention_rank_2026_tune,17,0.04071544635702263,0.0005380165289256199,0.5006180028375679
production_fold2_3404c39463f4/attention_rank_2026_tune,18,0.030543667856942524,0.0005698347107438016,0.5040020625485319
production_fold2_3404c39463f4/attention_rank_2026_tune,19,0.030819231474941425,0.0006016528925619835,0.5030543027222034
production_fold2_3404c39463f4/attention_rank_2026_tune,20,0.028350837359374218,0.0006334710743801653,0.4936564185087652
production_fold2_3404c39463f4/attention_rank_2026_tune,21,0.0278503302146088,0.0006652892561983472,0.4926426922492452
production_fold2_3404c39463f4/attention_rank_2026_tune,22,0.02644057859751311,0.000697107438016529,0.4913912605391846
production_fold2_3404c39463f4/attention_rank_2026_tune,23,0.02331115034493533,0.0006999734573993824,0.4914459485665009
production_fold2_3404c39463f4/attention_rank_2026_tune,24,0.021106907166540623,0.0006998689326784723,0.4910867022978437
production_fold2_3404c39463f4/attention_rank_2026_tune,25,0.02370098199356686,0.0006996851413876009,0.48947607718780306
production_fold2_3404c39463f4/attention_rank_2026_tune,26,0.020459290763193912,0.0006994221297952425,0.4918577228703399
production_fold2_3404c39463f4/attention_rank_2026_tune,27,0.01913835523142056,0.0006990799641131591,0.4919360508748
production_fold2_3404c39463f4/attention_rank_2026_tune,28,0.020359225740486927,0.0006986587304797315,0.49055826411066555
production_fold2_3404c39463f4/attention_rank_2026_tune,29,0.0197182401845401,0.0006981585349382742,0.4906741583839071
production_fold2_3404c39463f4/attention_rank_2026_tune,30,0.017206397246230732,0.0006975795034103396,0.49148252915200813
production_fold2_3404c39463f4/attention_rank_2026_tune,31,0.016339244490320034,0.0006969217816640185,0.49346820047132933
production_fold2_3404c39463f4/attention_rank_2026_tune,32,0.015263582495125856,0.0006961855352772434,0.49257084316436933
production_fold2_3404c39463f4/attention_rank_2026_tune,33,0.01445307091555812,0.0006953709495961046,0.49301841462680523
production_fold2_3404c39463f4/attention_rank_2026_tune,34,0.014578053558414633,0.0006944782296881913,0.4912824083569064
production_fold2_3404c39463f4/attention_rank_2026_tune,35,0.012745445594191551,0.0006935076002909661,0.4919055822480376
production_fold2_3404c39463f4/attention_rank_2026_tune,36,0.01205393790521405,0.0006924593057551894,0.4912764448337571
production_fold2_3404c39463f4/attention_rank_2026_tune,37,0.01179246028715914,0.0006913336099834042,0.4921721558734064
production_fold2_3404c39463f4/attention_rank_2026_tune,38,0.011582038619301536,0.0006901307963635014,0.4919787072748944
production_fold2_3404c39463f4/attention_rank_2026_tune,39,0.011447062038562515,0.0006888511676973773,0.4929577922895358
production_fold2_3404c39463f4/attention_rank_2026_tune,40,0.012430445291101933,0.0006874950461247054,0.4933594147053065
production_fold2_3404c39463f4/attention_rank_2026_tune,41,0.011226770891384645,0.0006860627730418395,0.49397962922515487
production_fold2_3404c39463f4/attention_rank_2026_tune,42,0.011122286235066977,0.0006845547090158688,0.4950294961280738
production_fold2_3404c39463f4/attention_rank_2026_tune,43,0.010977324437011372,0.0006829712336938473,0.4938071935683472
production_fold2_3404c39463f4/attention_rank_2026_tune,44,0.010622852312570269,0.0006813127457072188,0.49369025097823926
production_fold2_3404c39463f4/attention_rank_2026_tune,45,0.010756870901042765,0.0006795796625714651,0.49374993074468615
production_fold2_3404c39463f4/residual_42_refit,1,1.56724502490117,3.5000000000000004e-05,
production_fold2_3404c39463f4/residual_42_refit,2,1.4951378794816823,6.118881118881119e-05,
production_fold2_3404c39463f4/residual_42_refit,3,1.34176878287242,9.300699300699301e-05,
production_fold2_3404c39463f4/residual_42_refit,4,1.0797091126441956,0.00012482517482517483,
production_fold2_3404c39463f4/residual_42_refit,5,0.7587451155369098,0.00015664335664335665,
production_fold2_3404c39463f4/residual_42_refit,6,0.49436443700240207,0.00018846153846153844,
production_fold2_3404c39463f4/residual_42_refit,7,0.32688723733791936,0.0002202797202797203,
production_fold2_3404c39463f4/residual_42_refit,8,0.19577928804434264,0.0002520979020979021,
production_fold2_3404c39463f4/residual_42_refit,9,0.12456285265775827,0.0002839160839160839,
production_fold2_3404c39463f4/residual_42_refit,10,0.08307258125681144,0.0003157342657342657,
production_fold2_3404c39463f4/residual_42_refit,11,0.06557918454592045,0.00034755244755244757,
production_fold2_3404c39463f4/residual_42_refit,12,0.05026134275473081,0.00037937062937062936,
production_fold2_3404c39463f4/residual_42_refit,13,0.04232554940076975,0.00041118881118881116,
production_fold2_3404c39463f4/residual_42_refit,14,0.05129584397834081,0.00044300699300699306,
production_fold2_3404c39463f4/residual_42_refit,15,0.03567118398272074,0.00047482517482517485,
production_fold2_3404c39463f4/residual_42_refit,16,0.02851099191376796,0.0005066433566433566,
production_fold2_3404c39463f4/residual_42_refit,17,0.03206332242832734,0.0005384615384615384,
production_fold2_3404c39463f4/residual_42_refit,18,0.023453232760612782,0.0005702797202797202,
production_fold2_3404c39463f4/ordinal_2026_refit,1,2.470372823568491,3.5000000000000004e-05,
production_fold2_3404c39463f4/ordinal_2026_refit,2,1.5399044385323157,6.363636363636364e-05,
production_fold2_3404c39463f4/ordinal_2026_refit,3,1.0132601948884816,9.545454545454545e-05,
production_fold2_3404c39463f4/ordinal_2026_refit,4,0.7423610687255859,0.00012727272727272728,
production_fold2_3404c39463f4/ordinal_2026_refit,5,0.577596134864367,0.00015909090909090907,
production_fold2_3404c39463f4/ordinal_2026_refit,6,0.4768820106983185,0.0001909090909090909,
production_fold2_3404c39463f4/ordinal_2026_refit,7,0.3999757652099316,0.00022272727272727272,
production_fold2_3404c39463f4/ordinal_2026_refit,8,0.33020493158927333,0.00025454545454545456,
production_fold2_3404c39463f4/ordinal_2026_refit,9,0.2756486145349649,0.00028636363636363636,
production_fold2_3404c39463f4/ordinal_2026_refit,10,0.22861844301223755,0.00031818181818181815,
production_fold2_3404c39463f4/ordinal_2026_refit,11,0.1870316736973249,0.00035,
production_fold2_3404c39463f4/ordinal_2026_refit,12,0.1733651699928137,0.0003818181818181818,
production_fold2_3404c39463f4/text_tune,1,1.3208283418346018,9.989230457515324e-06,0.585155060763571
production_fold2_3404c39463f4/text_tune,2,0.7768252084238662,9.43796732877198e-06,0.5833032563409727
production_fold2_3404c39463f4/text_tune,3,0.5785464983773492,8.150069518382929e-06,0.5474310262127344
production_fold2_3404c39463f4/text_tune,4,0.5289567551679082,6.366450704482724e-06,0.5551554237936628
production_fold2_3404c39463f4/text_tune,5,0.4265993592007795,4.420753948951304e-06,0.556551617833601
production_fold2_3404c39463f4/text_tune,6,0.36765792537369724,2.676940552233722e-06,0.5610162837764853
production_fold2_3404c39463f4/residual_2026_refit,1,1.5685293903717628,3.5000000000000004e-05,
production_fold2_3404c39463f4/residual_2026_refit,2,1.5086545118918786,6.118881118881119e-05,
production_fold2_3404c39463f4/residual_2026_refit,3,1.3629084091920118,9.300699300699301e-05,
production_fold2_3404c39463f4/residual_2026_refit,4,1.0958883670660167,0.00012482517482517483,
production_fold2_3404c39463f4/residual_2026_refit,5,0.7737327814102173,0.00015664335664335665,
production_fold2_3404c39463f4/residual_2026_refit,6,0.49688876477571636,0.00018846153846153844,
production_fold2_3404c39463f4/residual_2026_refit,7,0.30031857582239,0.0002202797202797203,
production_fold2_3404c39463f4/residual_2026_refit,8,0.1983214674087671,0.0002520979020979021,
production_fold2_3404c39463f4/residual_2026_refit,9,0.10957228678923386,0.0002839160839160839,
production_fold2_3404c39463f4/residual_2026_refit,10,0.07318791546500646,0.0003157342657342657,
production_fold2_3404c39463f4/residual_2026_refit,11,0.06527396979240271,0.00034755244755244757,
production_fold2_3404c39463f4/residual_2026_refit,12,0.05285854981495784,0.00037937062937062936,
production_fold2_3404c39463f4/residual_2026_refit,13,0.045029447915462345,0.00041118881118881116,
production_fold2_3404c39463f4/residual_2026_refit,14,0.034542312702307336,0.00044300699300699306,
production_fold2_3404c39463f4/residual_2026_refit,15,0.034706137071435265,0.00047482517482517485,
production_fold2_3404c39463f4/residual_2026_refit,16,0.029567362740635872,0.0005066433566433566,
production_fold2_3404c39463f4/residual_2026_refit,17,0.02417293943178195,0.0005384615384615384,
production_fold2_3404c39463f4/residual_2026_refit,18,0.023900698225658674,0.0005702797202797202,
production_fold2_3404c39463f4/residual_2026_refit,19,0.026508448502192132,0.000602097902097902,
production_fold2_3404c39463f4/residual_2026_refit,20,0.018230770929501608,0.0006339160839160839,
production_fold2_3404c39463f4/residual_2026_refit,21,0.022154933486420374,0.0006657342657342657,
production_fold2_3404c39463f4/residual_2026_refit,22,0.02220004589225237,0.0006975524475524475,
production_fold2_3404c39463f4/residual_2026_refit,23,0.021793750687860526,0.0006999716115248672,
production_fold2_3404c39463f4/residual_2026_refit,24,0.016544886076679595,0.0006998648691065406,
production_fold2_3404c39463f4/residual_2026_refit,25,0.014462797687603878,0.000699678861141235,
production_fold2_3404c39463f4/residual_2026_refit,26,0.013999714874304257,0.0006994136344554611,
production_fold2_3404c39463f4/residual_2026_refit,27,0.014691184203212079,0.0006990692558186185,
production_fold2_3404c39463f4/residual_2026_refit,28,0.0105164718742554,0.0006986458119261876,
production_fold2_3404c39463f4/residual_2026_refit,29,0.008407264159849057,0.0006981434093779037,
production_fold2_3404c39463f4/residual_2026_refit,30,0.007922614566408671,0.0006975621746509214,
production_fold2_3404c39463f4/residual_2026_refit,31,0.007582936829958971,0.0006969022540679752,
production_fold2_3404c39463f4/residual_2026_refit,32,0.0056414828958133096,0.0006961638137605428,
production_fold2_3404c39463f4/residual_2026_refit,33,0.006257327560048837,0.0006953470396270225,
production_fold2_3404c39463f4/residual_2026_refit,34,0.006588492793245957,0.0006944521372859343,
production_fold2_3404c39463f4/residual_2026_refit,35,0.006198327451084669,0.0006934793320241573,
production_fold2_3404c39463f4/residual_2026_refit,36,0.005410022693327987,0.0006924288687402135,
production_fold2_3404c39463f4/residual_2026_refit,37,0.004776776911547551,0.0006913010118826171,
production_fold2_3404c39463f4/residual_2026_refit,38,0.005154337339962904,0.0006900960453833005,
production_fold2_3404c39463f4/residual_2026_refit,39,0.005048171814101247,0.0006888142725861361,
production_fold2_3404c39463f4/residual_2026_refit,40,0.0039030985835079965,0.0006874560161705709,
production_fold2_3404c39463f4/residual_2026_refit,41,0.004023964498908474,0.0006860216180703939,
production_fold2_3404c39463f4/residual_2026_refit,42,0.0037858762169400086,0.0006845114393876561,
production_fold2_3404c39463f4/residual_2026_refit,43,0.003527449802137338,0.0006829258603017649,
production_fold2_3404c39463f4/residual_2026_refit,44,0.0031701941043138504,0.0006812652799737756,
production_fold2_3404c39463f4/residual_2026_refit,45,0.0035048012191859577,0.0006795301164459057,
production_fold2_3404c39463f4/residual_2026_refit,46,0.003133437417161006,0.0006777208065362938,
production_fold2_3404c39463f4/residual_2026_refit,47,0.003984617194733941,0.0006758378057290344,
production_fold2_3404c39463f4/residual_2026_refit,48,0.003601259086281061,0.0006738815880595105,
production_fold2_3404c39463f4/residual_2026_refit,49,0.0038829172531572673,0.000671852645995059,
production_fold2_3404c39463f4/residual_2026_refit,50,0.003446049719619063,0.0006697514903109947,
production_fold2_3404c39463f4/residual_2026_refit,51,0.0028845275519415736,0.0006675786499620244,
production_fold2_3404c39463f4/residual_2026_refit,52,0.003054297439610729,0.000665334671949086,
production_fold2_3404c39463f4/residual_2026_refit,53,0.0028209258766415026,0.0006630201211816443,
production_fold2_3404c39463f4/residual_2026_refit,54,0.0025377891724929214,0.0006606355803354773,
production_fold2_3404c39463f4/residual_2026_refit,55,0.0023041072910508285,0.000658181649705991,
production_fold2_3404c39463f4/residual_2026_refit,56,0.002596815098793461,0.0006556589470570984,
production_fold2_3404c39463f4/residual_2026_refit,57,0.002757623397673552,0.0006530681074657004,
production_fold2_3404c39463f4/residual_2026_refit,58,0.002894283182775745,0.0006504097831618094,
production_fold2_3404c39463f4/residual_2026_refit,59,0.003134333062916994,0.0006476846433643525,
production_fold2_3404c39463f4/residual_2026_refit,60,0.002590962318488612,0.0006448933741127005,
production_fold2_3404c39463f4/residual_2026_refit,61,0.002094829652028588,0.0006420366780939603,
production_fold2_3404c39463f4/residual_2026_refit,62,0.0020792675473225806,0.000639115274466078,
production_fold2_3404c39463f4/residual_2026_refit,63,0.0017917989394985712,0.0006361298986767938,
production_fold2_3404c39463f4/residual_2026_refit,64,0.0020182693395047234,0.0006330813022784977,
production_fold2_3404c39463f4/residual_2026_refit,65,0.0025137266627727793,0.0006299702527390298,
production_fold2_3404c39463f4/residual_2026_refit,66,0.002311171919035797,0.0006267975332484744,
production_fold2_3404c39463f4/residual_2026_refit,67,0.0020250241684082607,0.0006235639425219967,
production_fold2_3404c39463f4/residual_2026_refit,68,0.0018445423069911508,0.0006202702945987691,
production_fold2_3404c39463f4/residual_2026_refit,69,0.002120785450992676,0.0006169174186370432,
production_fold2_3404c39463f4/residual_2026_refit,70,0.0017572459406577623,0.000613506158705412,
production_fold2_3404c39463f4/residual_2026_refit,71,0.0019125261863407034,0.0006100373735703203,
production_fold2_3404c39463f4/residual_2026_refit,72,0.00168626541003155,0.000606511936479876,
production_fold2_3404c39463f4/residual_2026_refit,73,0.0015950319446766605,0.0006029307349440132,
production_fold2_3404c39463f4/residual_2026_refit,74,0.0013162818370172037,0.0005992946705110677,
production_fold2_3404c39463f4/residual_2026_refit,75,0.0018314542965247082,0.0005956046585408151,
production_fold2_3404c39463f4/residual_2026_refit,76,0.001731710911441881,0.0005918616279740359,
production_fold2_3404c39463f4/residual_2026_refit,77,0.0015319372133280223,0.0005880665210986586,
production_fold2_3404c39463f4/residual_2026_refit,78,0.0014628406318549353,0.0005842202933125438,
production_fold2_3404c39463f4/residual_2026_refit,79,0.0015742316071947033,0.0005803239128829679,
production_fold2_3404c39463f4/residual_2026_refit,80,0.0019735074154316233,0.0005763783607028672,
production_fold2_3404c39463f4/residual_2026_refit,81,0.0019583691789123872,0.000572384630043903,
production_fold2_3404c39463f4/residual_2026_refit,82,0.0022270157306383434,0.0005683437263064115,
production_fold2_3404c39463f4/residual_2026_tune,1,1.5885202884674072,3.5000000000000004e-05,1.2579518372755705
production_fold2_3404c39463f4/residual_2026_tune,2,1.550262451171875,6.0743801652892564e-05,1.2331760712129718
production_fold2_3404c39463f4/residual_2026_tune,3,1.3729107217355208,9.256198347107438e-05,1.1728291793868901
production_fold2_3404c39463f4/residual_2026_tune,4,1.2064329169013284,0.00012438016528925618,1.0625538531848486
production_fold2_3404c39463f4/residual_2026_tune,5,0.8997804278677161,0.00015619834710743803,0.9143785291800038
production_fold2_3404c39463f4/residual_2026_tune,6,0.6366767531091516,0.00018801652892561983,0.789421519109638
production_fold2_3404c39463f4/residual_2026_tune,7,0.4042667069218375,0.00021983471074380165,0.6998837719409517
production_fold2_3404c39463f4/residual_2026_tune,8,0.27795099263841455,0.00025165289256198347,0.6462654413154711
production_fold2_3404c39463f4/residual_2026_tune,9,0.16657101904804056,0.00028347107438016526,0.6013358195523549
production_fold2_3404c39463f4/residual_2026_tune,10,0.10016381198709662,0.0003152892561983471,0.5542923229100775
production_fold2_3404c39463f4/residual_2026_tune,11,0.08576040444048968,0.00034710743801652895,0.5133598513407888
production_fold2_3404c39463f4/residual_2026_tune,12,0.06434584916992621,0.00037892561983471075,0.5150619461038793
production_fold2_3404c39463f4/residual_2026_tune,13,0.05296920409256762,0.0004107438016528926,0.5271283946868839
production_fold2_3404c39463f4/residual_2026_tune,14,0.04911135170947422,0.0004425619834710744,0.5019047429945377
production_fold2_3404c39463f4/residual_2026_tune,15,0.03648318282582543,0.0004743801652892562,0.5086346796888889
production_fold2_3404c39463f4/residual_2026_tune,16,0.03821336156265302,0.0005061983471074381,0.5080851689261296
production_fold2_3404c39463f4/residual_2026_tune,17,0.03492989899082617,0.0005380165289256199,0.5056525065533782
production_fold2_3404c39463f4/residual_2026_tune,18,0.02457267198372971,0.0005698347107438016,0.5059347626299088
production_fold2_3404c39463f4/residual_2026_tune,19,0.021614974533969707,0.0006016528925619835,0.5048819446252146
production_fold2_3404c39463f4/residual_2026_tune,20,0.02209186943417246,0.0006334710743801653,0.5022099858997043
production_fold2_3404c39463f4/residual_2026_tune,21,0.023045206611806698,0.0006652892561983472,0.5039417982400165
production_fold2_3404c39463f4/residual_2026_tune,22,0.020979208617725155,0.000697107438016529,0.5005592706568895
production_fold2_3404c39463f4/residual_2026_tune,23,0.017156998118893665,0.0006999734573993824,0.5003622478334205
production_fold2_3404c39463f4/residual_2026_tune,24,0.016913897103884003,0.0006998689326784723,0.5008965264471233
production_fold2_3404c39463f4/residual_2026_tune,25,0.02136701497841965,0.0006996851413876009,0.4964499960492255
production_fold2_3404c39463f4/residual_2026_tune,26,0.01658827303485437,0.0006994221297952425,0.49801822075207
production_fold2_3404c39463f4/residual_2026_tune,27,0.017223933118988167,0.0006990799641131591,0.4972593095751378
production_fold2_3404c39463f4/residual_2026_tune,28,0.014715774916112423,0.0006986587304797315,0.4992190611605355
production_fold2_3404c39463f4/residual_2026_tune,29,0.009229002308777788,0.0006981585349382742,0.4986421516531845
production_fold2_3404c39463f4/residual_2026_tune,30,0.011079364456236362,0.0006975795034103396,0.5009118434539768
production_fold2_3404c39463f4/residual_2026_tune,31,0.009770234623415903,0.0006969217816640185,0.49935448707546926
production_fold2_3404c39463f4/residual_2026_tune,32,0.008889720775187016,0.0006961855352772434,0.496561608461459
production_fold2_3404c39463f4/residual_2026_tune,33,0.005844707283276049,0.0006953709495961046,0.49547917302433503
production_fold2_3404c39463f4/residual_2026_tune,34,0.005880610213022341,0.0006944782296881913,0.49435532613016653
production_fold2_3404c39463f4/residual_2026_tune,35,0.0040722912050444975,0.0006935076002909661,0.4939177245755859
production_fold2_3404c39463f4/residual_2026_tune,36,0.00419318665411662,0.0006924593057551894,0.49320231864261926
production_fold2_3404c39463f4/residual_2026_tune,37,0.004348670598119497,0.0006913336099834042,0.49259640446577274
production_fold2_3404c39463f4/residual_2026_tune,38,0.004342235010963949,0.0006901307963635014,0.4917017283616576
production_fold2_3404c39463f4/residual_2026_tune,39,0.0036250348202884197,0.0006888511676973773,0.4922187279224026
production_fold2_3404c39463f4/residual_2026_tune,40,0.004363251574845476,0.0006874950461247054,0.49173851705580396
production_fold2_3404c39463f4/residual_2026_tune,41,0.00389938699928197,0.0006860627730418395,0.4924791569197583
production_fold2_3404c39463f4/residual_2026_tune,42,0.0036860815122384915,0.0006845547090158688,0.4933713000316863
production_fold2_3404c39463f4/residual_2026_tune,43,0.00355474909090183,0.0006829712336938473,0.49290118031134
production_fold2_3404c39463f4/residual_2026_tune,44,0.003429286520589482,0.0006813127457072188,0.49301458946177784
production_fold2_3404c39463f4/residual_2026_tune,45,0.003131526480005546,0.0006795796625714651,0.49289334510572896
production_fold2_3404c39463f4/residual_2026_tune,46,0.004106945146552541,0.0006777724205809974,0.49222976806374785
production_fold2_3404c39463f4/residual_2026_tune,47,0.003721120121719485,0.0006758914746993222,0.4932607249617828
production_fold2_3404c39463f4/residual_2026_tune,48,0.003452971979806369,0.0006739372984445064,0.4933020041117127
production_fold2_3404c39463f4/residual_2026_tune,49,0.0035270033827559514,0.0006719103837699716,0.492032020391904
production_fold2_3404c39463f4/residual_2026_tune,50,0.0029860071901401334,0.0006698112409406478,0.4915686859950947
production_fold2_3404c39463f4/residual_2026_tune,51,0.002539647288027812,0.0006676403984045166,0.4918329616746477
production_fold2_3404c39463f4/residual_2026_tune,52,0.002421796385368163,0.0006653984026595771,0.4920413011384911
production_fold2_3404c39463f4/residual_2026_tune,53,0.0023786528141830454,0.0006630858181162687,0.49119947216248383
production_fold2_3404c39463f4/residual_2026_tune,54,0.002285573938438161,0.000660703226955383,0.4911085445704033
production_fold2_3404c39463f4/residual_2026_tune,55,0.0018884669566019015,0.0006582512289815031,0.49114801914894574
production_fold2_3404c39463f4/residual_2026_tune,56,0.001990390444089743,0.0006557304414720066,0.4916129821089552
production_fold2_3404c39463f4/residual_2026_tune,57,0.0020623660159551287,0.0006531414990216683,0.4915902883862945
production_fold2_3404c39463f4/residual_2026_tune,58,0.0021836866878650403,0.0006504850533829049,0.49083601956275785
production_fold2_3404c39463f4/residual_2026_tune,59,0.002160111188211224,0.0006477617733017001,0.4904353263670108
production_fold2_3404c39463f4/residual_2026_tune,60,0.0019582597094333983,0.0006449723443492508,0.4906928848756445
production_fold2_3404c39463f4/residual_2026_tune,61,0.002137877163477242,0.0006421174687493787,0.49023458530737385
production_fold2_3404c39463f4/residual_2026_tune,62,0.0022131363670765,0.000639197865201749,0.4909108002878469
production_fold2_3404c39463f4/residual_2026_tune,63,0.002444141025824303,0.0006362142687009415,0.4910859500036295
production_fold2_3404c39463f4/residual_2026_tune,64,0.0022793209857561374,0.0006331674303514194,0.49058596179411496
production_fold2_3404c39463f4/residual_2026_tune,65,0.0020245958373627877,0.000630058117178444,0.4907157514130047
production_fold2_3404c39463f4/residual_2026_tune,66,0.0018265505681153047,0.0006268871119349783,0.49083178354353346
production_fold2_3404c39463f4/residual_2026_tune,67,0.002030117246745662,0.0006236552129046349,0.49002528483595403
production_fold2_3404c39463f4/residual_2026_tune,68,0.0018675355664031072,0.0006203632337007112,0.4906108647308394
production_fold2_3404c39463f4/residual_2026_tune,69,0.0018528688974170523,0.000617012003061367,0.49015802746185183
production_fold2_3404c39463f4/residual_2026_tune,70,0.0018955669789151712,0.0006136023646409944,0.4902078142060165
production_fold2_3404c39463f4/residual_2026_tune,71,0.0019137850137088787,0.0006101351767978316,0.4906198308795746
production_fold2_3404c39463f4/residual_2026_tune,72,0.002174445692534474,0.0006066113123778767,0.49045122409118186
production_fold2_3404c39463f4/residual_2026_tune,73,0.002019308867271651,0.0006030316584951526,0.4895909729051318
production_fold2_3404c39463f4/residual_2026_tune,74,0.0016695391016334972,0.0005993971163083813,0.48975948113868545
production_fold2_3404c39463f4/residual_2026_tune,75,0.0015274570641023192,0.0005957086007941213,0.48926446792195155
production_fold2_3404c39463f4/residual_2026_tune,76,0.0015159947638907893,0.0005919670405164284,0.48919962199300354
production_fold2_3404c39463f4/residual_2026_tune,77,0.0012897440623915331,0.0005881733773930937,0.4895335240296078
production_fold2_3404c39463f4/residual_2026_tune,78,0.0011563099529170854,0.0005843285664585205,0.4893190336999048
production_fold2_3404c39463f4/residual_2026_tune,79,0.0014383346159857783,0.0005804335756233009,0.4885268596808086
production_fold2_3404c39463f4/residual_2026_tune,80,0.001565743613437834,0.0005764893854305478,0.48830645521938204
production_fold2_3404c39463f4/residual_2026_tune,81,0.0017003697787665508,0.0005724969888090502,0.48809889788940497
production_fold2_3404c39463f4/residual_2026_tune,82,0.001473937808027999,0.0005684573908233068,0.4879970403859549
production_fold2_3404c39463f4/residual_2026_tune,83,0.0013086848193779588,0.0005643716084205079,0.4891195295776515
production_fold2_3404c39463f4/residual_2026_tune,84,0.0013471744975752451,0.0005602406701745238,0.4889307687324082
production_fold2_3404c39463f4/residual_2026_tune,85,0.0011802940227260644,0.0005560656160269665,0.4894178073027651
production_fold2_3404c39463f4/residual_2026_tune,86,0.001028204924130643,0.0005518474970253906,0.489443120754549
production_fold2_3404c39463f4/residual_2026_tune,87,0.0009502055578526448,0.0005475873750586973,0.4897537008139494
production_fold2_3404c39463f4/residual_2026_tune,88,0.0010168080281635578,0.0005432863225898095,0.4895557427231891
production_fold2_3404c39463f4/residual_2026_tune,89,0.0008806496202437715,0.0005389454223856853,0.4896186287960409
production_fold2_3404c39463f4/residual_2026_tune,90,0.0008516475473615257,0.0005345657672447374,0.49047505657350343
production_fold2_3404c39463f4/residual_2026_tune,91,0.0008890152358534662,0.0005301484597217261,0.49083087331975483
production_fold2_3404c39463f4/residual_2026_tune,92,0.000979781907517463,0.0005256946118501973,0.49088768030191154
production_fold2_3404c39463f4/residual_2026_tune,93,0.0009076687803661281,0.0005212053448625349,0.4913759702305964
production_fold2_3404c39463f4/residual_2026_tune,94,0.0007497614344835959,0.0005166817889076954,0.491265969144217
production_fold2_3404c39463f4/residual_2026_tune,95,0.0007267326899719509,0.0005121250827666998,0.4912454718233804
production_fold2_3404c39463f4/residual_2026_tune,96,0.0007252980933778665,0.0005075363735659509,0.4916353427463289
production_fold2_3404c39463f4/residual_2026_tune,97,0.0007233594660647213,0.0005029168164884505,0.49161115581424075
production_fold2_3404c39463f4/residual_2026_tune,98,0.0008697897322814573,0.000498267574482989,0.4911662815188704
production_fold2_3404c39463f4/residual_2026_tune,99,0.0007987001603892581,0.0004935898179713779,0.49148380527143387
production_fold2_3404c39463f4/residual_2026_tune,100,0.0007270838911856779,0.0004888847245538038,0.4912878296787711
production_fold2_3404c39463f4/residual_2026_tune,101,0.0007133252828762951,0.0004841534787123729,0.49137844433794997
production_fold2_3404c39463f4/residual_2026_tune,102,0.0007650877179747278,0.00047939727151292413,0.49085351463503635
production_fold2_3404c39463f4/residual_42_tune,1,1.5686525431546299,3.5000000000000004e-05,1.2586734939887472
production_fold2_3404c39463f4/residual_42_tune,2,1.5260327946056018,5.785123966942149e-05,1.2331925970624829
production_fold2_3404c39463f4/residual_42_tune,3,1.3961008136922664,8.96694214876033e-05,1.1737119904260034
production_fold2_3404c39463f4/residual_42_tune,4,1.210963633927432,0.00012148760330578513,1.0655708350218103
production_fold2_3404c39463f4/residual_42_tune,5,0.9159680821678855,0.00015330578512396694,0.9231312501825558
production_fold2_3404c39463f4/residual_42_tune,6,0.6394585967063904,0.00018512396694214876,0.7897402974433195
production_fold2_3404c39463f4/residual_42_tune,7,0.4048520462079482,0.0002169421487603306,0.686979785901688
production_fold2_3404c39463f4/residual_42_tune,8,0.24677560884844174,0.00024876033057851237,0.6199343867394861
production_fold2_3404c39463f4/residual_42_tune,9,0.15126740796999497,0.0002805785123966942,0.5756039541732554
production_fold2_3404c39463f4/residual_42_tune,10,0.09442864087494937,0.00031239669421487606,0.5311507156014583
production_fold2_3404c39463f4/residual_42_tune,11,0.07011829655278813,0.00034421487603305786,0.5186676742630768
production_fold2_3404c39463f4/residual_42_tune,12,0.05136801607229493,0.00037603305785123965,0.5124170989427501
production_fold2_3404c39463f4/residual_42_tune,13,0.05713545124639164,0.00040785123966942144,0.49477059186944167
production_fold2_3404c39463f4/residual_42_tune,14,0.05848463624715805,0.0004396694214876033,0.493090076526397
production_fold2_3404c39463f4/residual_42_tune,15,0.035221841016953644,0.0004714876033057851,0.48406088903468325
production_fold2_3404c39463f4/residual_42_tune,16,0.04004636000503193,0.0005033057851239669,0.4773866408821157
production_fold2_3404c39463f4/residual_42_tune,17,0.036543108692223374,0.0005351239669421487,0.4775942033696535
production_fold2_3404c39463f4/residual_42_tune,18,0.0310724868693135,0.0005669421487603305,0.477116191153771
production_fold2_3404c39463f4/residual_42_tune,19,0.02402086640623483,0.0005987603305785124,0.48220986052939574
production_fold2_3404c39463f4/residual_42_tune,20,0.024062924087047577,0.0006305785123966942,0.4864290690881492
production_fold2_3404c39463f4/residual_42_tune,21,0.02536981747570363,0.000662396694214876,0.48711927125771415
production_fold2_3404c39463f4/residual_42_tune,22,0.01691348503597758,0.0006942148760330579,0.48726006143945383
production_fold2_3404c39463f4/residual_42_tune,23,0.01779089825735851,0.0006999790280068331,0.4871568998239015
production_fold2_3404c39463f4/residual_42_tune,24,0.013370547358962622,0.0006998817109424572,0.4875144598586051
production_fold2_3404c39463f4/residual_42_tune,25,0.013055859556929632,0.0006997051240912602,0.4861572610295847
production_fold2_3404c39463f4/residual_42_tune,26,0.012935071421617811,0.0006994493119080377,0.483781170644782
production_fold2_3404c39463f4/residual_42_tune,27,0.01162345377220349,0.0006991143387921386,0.48159766269648835
production_fold2_3404c39463f4/residual_42_tune,28,0.010519027455963871,0.0006987002890712535,0.480030355753735
production_fold2_3404c39463f4/residual_42_tune,29,0.010507724290205673,0.0006982072669801855,0.4816699624377669
production_fold2_3404c39463f4/residual_42_tune,30,0.010466992304745045,0.0006976353966346095,0.4817404411172014
production_fold2_3404c39463f4/residual_42_tune,31,0.009543318089775064,0.0006969848219998266,0.48435323544920494
production_fold2_3404c39463f4/residual_42_tune,32,0.008208451665599237,0.0006962557068545222,0.48581777565082074
production_fold2_3404c39463f4/residual_42_tune,33,0.007317380429330197,0.0006954482347495349,0.48459511821428325
production_fold2_3404c39463f4/residual_42_tune,34,0.007410901090638204,0.000694562608961649,0.4852743228232843
production_fold2_3404c39463f4/residual_42_tune,35,0.006145336707545953,0.0006935990524424205,0.4859975010273012
production_fold2_3404c39463f4/residual_42_tune,36,0.007075581233948469,0.00069255780776205,0.48630537899575726
production_fold2_3404c39463f4/residual_42_tune,37,0.007947083435614,0.0006914391370483179,0.4863424433952885
production_fold2_3404c39463f4/residual_42_tune,38,0.006537055639042096,0.0006902433219205937,0.4848889675753047
production_fold2_3404c39463f4/text_refit,1,1.3308990040688011,9.987821690228236e-06,
production_fold2_3404c39463f4/text_refit,2,0.7391658224104866,9.428563509225348e-06,
production_fold2_3404c39463f4/text_refit,3,0.5686218775657377,8.13471926393264e-06,
production_fold2_3404c39463f4/attention_rank_2026_refit,1,1.5893132182267995,3.5000000000000004e-05,
production_fold2_3404c39463f4/attention_rank_2026_refit,2,1.5289062628379235,6.118881118881119e-05,
production_fold2_3404c39463f4/attention_rank_2026_refit,3,1.3810763909266546,9.300699300699301e-05,
production_fold2_3404c39463f4/attention_rank_2026_refit,4,1.110405628497784,0.00012482517482517483,
production_fold2_3404c39463f4/attention_rank_2026_refit,5,0.7831719288459191,0.00015664335664335665,
production_fold2_3404c39463f4/attention_rank_2026_refit,6,0.5019439814182428,0.00018846153846153844,
production_fold2_3404c39463f4/attention_rank_2026_refit,7,0.3030918412483655,0.0002202797202797203,
production_fold2_3404c39463f4/attention_rank_2026_refit,8,0.19608718557999685,0.0002520979020979021,
production_fold2_3404c39463f4/attention_rank_2026_refit,9,0.11013571058328335,0.0002839160839160839,
production_fold2_3404c39463f4/attention_rank_2026_refit,10,0.08569620320430169,0.0003157342657342657,
production_fold2_3404c39463f4/attention_rank_2026_refit,11,0.07199179209195651,0.00034755244755244757,
production_fold2_3404c39463f4/attention_rank_2026_refit,12,0.060122742102696344,0.00037937062937062936,
production_fold2_3404c39463f4/attention_rank_2026_refit,13,0.047523398812000565,0.00041118881118881116,
production_fold2_3404c39463f4/attention_rank_2026_refit,14,0.040039967315701336,0.00044300699300699306,
production_fold2_3404c39463f4/attention_rank_2026_refit,15,0.03423583808426674,0.00047482517482517485,
production_fold2_3404c39463f4/attention_rank_2026_refit,16,0.031147423988351457,0.0005066433566433566,
production_fold2_3404c39463f4/attention_rank_2026_refit,17,0.03258203872694419,0.0005384615384615384,
production_fold2_3404c39463f4/attention_rank_2026_refit,18,0.03784338298898477,0.0005702797202797202,
production_fold2_3404c39463f4/attention_rank_2026_refit,19,0.03052942010645683,0.000602097902097902,
production_fold2_3404c39463f4/attention_rank_2026_refit,20,0.028661496077592555,0.0006339160839160839,
production_fold2_3404c39463f4/attention_rank_2026_refit,21,0.029102368710132744,0.0006657342657342657,
production_fold2_3404c39463f4/attention_rank_2026_refit,22,0.026082835518396817,0.0006975524475524475,
production_fold2_3404c39463f4/attention_rank_2026_refit,23,0.021663915365934372,0.0006999716115248672,
production_fold2_3404c39463f4/attention_rank_2026_refit,24,0.021110486812316455,0.0006998648691065406,
production_fold2_3404c39463f4/attention_rank_2026_refit,25,0.020504791146287553,0.000699678861141235,
production_fold4_4f353211c935/cross_modal_2026_refit,1,1.4838281869888306,3.5000000000000004e-05,
production_fold4_4f353211c935/cross_modal_2026_refit,2,0.9353391298880944,6.363636363636364e-05,
production_fold4_4f353211c935/cross_modal_2026_refit,3,0.7420316980435298,9.545454545454545e-05,
production_fold4_4f353211c935/cross_modal_2026_refit,4,0.6294001157467182,0.00012727272727272728,
production_fold4_4f353211c935/cross_modal_2026_refit,5,0.5320825278759003,0.00015909090909090907,
production_fold4_4f353211c935/cross_modal_2026_refit,6,0.45644832115906936,0.0001909090909090909,
production_fold4_4f353211c935/cross_modal_2026_refit,7,0.417293165738766,0.00022272727272727272,
production_fold4_4f353211c935/cross_modal_2026_refit,8,0.35851826576086193,0.00025454545454545456,
production_fold4_4f353211c935/cross_modal_2026_refit,9,0.3005486325575755,0.00028636363636363636,
production_fold4_4f353211c935/cross_modal_2026_refit,10,0.2754577925572029,0.00031818181818181815,
production_fold4_4f353211c935/cross_modal_2026_refit,11,0.27392328358613527,0.00035,
production_fold4_4f353211c935/cross_modal_2026_refit,12,0.24094724082029784,0.0003818181818181818,
production_fold4_4f353211c935/cross_modal_42_tune,1,1.849739053032615,3.5000000000000004e-05,0.9880896454951832
production_fold4_4f353211c935/cross_modal_42_tune,2,1.107741892337799,6.0743801652892564e-05,0.7492641933663812
production_fold4_4f353211c935/cross_modal_42_tune,3,0.8758496479554609,9.256198347107438e-05,0.6376413807709486
production_fold4_4f353211c935/cross_modal_42_tune,4,0.7241021503101696,0.00012438016528925618,0.6188033744278055
production_fold4_4f353211c935/cross_modal_42_tune,5,0.6073711297728799,0.00015619834710743803,0.587662629192014
production_fold4_4f353211c935/cross_modal_42_tune,6,0.5214857486161318,0.00018801652892561983,0.5973536537888172
production_fold4_4f353211c935/cross_modal_42_tune,7,0.44062244621190155,0.00021983471074380165,0.5926039593753823
production_fold4_4f353211c935/cross_modal_42_tune,8,0.4027722586284984,0.00025165289256198347,0.608309606731062
production_fold4_4f353211c935/cross_modal_42_tune,9,0.3514830876480449,0.00028347107438016526,0.5825100526869095
production_fold4_4f353211c935/cross_modal_42_tune,10,0.31170097941702063,0.0003152892561983471,0.5906350952892553
production_fold4_4f353211c935/cross_modal_42_tune,11,0.28176125342195685,0.00034710743801652895,0.5790468190471189
production_fold4_4f353211c935/cross_modal_42_tune,12,0.26352986016056756,0.00037892561983471075,0.5886019064676854
production_fold4_4f353211c935/cross_modal_42_tune,13,0.2275856299833818,0.0004107438016528926,0.5789131833445826
production_fold4_4f353211c935/cross_modal_42_tune,14,0.226030940359289,0.0004425619834710744,0.5702754142773834
production_fold4_4f353211c935/cross_modal_42_tune,15,0.2028341848741878,0.0004743801652892562,0.5712139959019028
production_fold4_4f353211c935/cross_modal_42_tune,16,0.18676772849126297,0.0005061983471074381,0.560618035951166
production_fold4_4f353211c935/cross_modal_42_tune,17,0.15166514028202405,0.0005380165289256199,0.5632862081181396
production_fold4_4f353211c935/cross_modal_42_tune,18,0.14290835369716992,0.0005698347107438016,0.5571210573190473
production_fold4_4f353211c935/cross_modal_42_tune,19,0.11499147658998315,0.0006016528925619835,0.557453816406871
production_fold4_4f353211c935/cross_modal_42_tune,20,0.1203184954144738,0.0006334710743801653,0.558690839713573
production_fold4_4f353211c935/cross_modal_42_tune,21,0.1074209213256836,0.0006652892561983472,0.5642663340015543
production_fold4_4f353211c935/cross_modal_42_tune,22,0.08436703004620293,0.000697107438016529,0.5769908298165375
production_fold4_4f353211c935/cross_modal_42_tune,23,0.07694210789420387,0.0006999734573993824,0.5789232570268709
production_fold4_4f353211c935/cross_modal_42_tune,24,0.07089300182732669,0.0006998689326784723,0.5765776217277725
production_fold4_4f353211c935/cross_modal_42_tune,25,0.05951943417841738,0.0006996851413876009,0.5729514792615876
production_fold4_4f353211c935/cross_modal_42_tune,26,0.047701859000054275,0.0006994221297952425,0.5645462510646351
production_fold4_4f353211c935/cross_modal_42_tune,27,0.04519342800432986,0.0006990799641131591,0.5687603773135481
production_fold4_4f353211c935/cross_modal_42_tune,28,0.0475917174057527,0.0006986587304797315,0.5653566762001118
production_fold4_4f353211c935/cross_modal_42_tune,29,0.038161428475921806,0.0006981585349382742,0.567114362923459
production_fold4_4f353211c935/cross_modal_42_tune,30,0.034664223309267654,0.0006975795034103396,0.5753212458487219
production_fold4_4f353211c935/cross_modal_42_tune,31,0.02745848453857682,0.0006969217816640185,0.57423450866354
production_fold4_4f353211c935/cross_modal_42_tune,32,0.02495314892042767,0.0006961855352772434,0.5709323524496553
production_fold4_4f353211c935/cross_modal_42_tune,33,0.02318081920119849,0.0006953709495961046,0.5728995576173659
production_fold4_4f353211c935/cross_modal_42_tune,34,0.02041108982468193,0.0006944782296881913,0.5706008705113443
production_fold4_4f353211c935/cross_modal_42_tune,35,0.01752950141037052,0.0006935076002909661,0.5687698294710223
production_fold4_4f353211c935/cross_modal_42_tune,36,0.01697693985294212,0.0006924593057551894,0.5696163482940073
production_fold4_4f353211c935/cross_modal_42_tune,37,0.015509482727132061,0.0006913336099834042,0.5694723098941462
production_fold4_4f353211c935/cross_modal_42_tune,38,0.015141649679704145,0.0006901307963635014,0.5719112990154515
production_fold4_4f353211c935/cross_modal_42_refit,1,1.789993519966419,3.5000000000000004e-05,
production_fold4_4f353211c935/cross_modal_42_refit,2,1.0690711186482356,6.363636363636364e-05,
production_fold4_4f353211c935/cross_modal_42_refit,3,0.8245556629621066,9.545454545454545e-05,
production_fold4_4f353211c935/cross_modal_42_refit,4,0.703575115937453,0.00012727272727272728,
production_fold4_4f353211c935/cross_modal_42_refit,5,0.5895088315010071,0.00015909090909090907,
production_fold4_4f353211c935/cross_modal_42_refit,6,0.5124194507415478,0.0001909090909090909,
production_fold4_4f353211c935/cross_modal_42_refit,7,0.4180129101643196,0.00022272727272727272,
production_fold4_4f353211c935/cross_modal_42_refit,8,0.37586864599814784,0.00025454545454545456,
production_fold4_4f353211c935/cross_modal_42_refit,9,0.3450529414873857,0.00028636363636363636,
production_fold4_4f353211c935/cross_modal_42_refit,10,0.3226529680765592,0.00031818181818181815,
production_fold4_4f353211c935/cross_modal_42_refit,11,0.2762730155999844,0.00035,
production_fold4_4f353211c935/cross_modal_42_refit,12,0.2361676165690789,0.0003818181818181818,
production_fold4_4f353211c935/cross_modal_42_refit,13,0.21141284360335424,0.00041363636363636364,
production_fold4_4f353211c935/cross_modal_42_refit,14,0.18472299438256484,0.00044545454545454543,
production_fold4_4f353211c935/cross_modal_42_refit,15,0.1791018287722881,0.0004772727272727272,
production_fold4_4f353211c935/cross_modal_42_refit,16,0.147681047136967,0.0005090909090909091,
production_fold4_4f353211c935/cross_modal_42_refit,17,0.14207222828498253,0.0005409090909090909,
production_fold4_4f353211c935/cross_modal_42_refit,18,0.1187542866055782,0.0005727272727272727,
production_fold4_4f353211c935/ordinal_42_refit,1,2.039286265006432,3.5000000000000004e-05,
production_fold4_4f353211c935/ordinal_42_refit,2,1.4077807939969575,6.608391608391608e-05,
production_fold4_4f353211c935/ordinal_42_refit,3,1.0468553854868963,9.790209790209791e-05,
production_fold4_4f353211c935/ordinal_42_refit,4,0.7769766128980197,0.0001297202797202797,
production_fold4_4f353211c935/ordinal_42_refit,5,0.6008052619603964,0.00016153846153846155,
production_fold4_4f353211c935/ordinal_42_refit,6,0.4833062772567456,0.00019335664335664335,
production_fold4_4f353211c935/ordinal_42_refit,7,0.3832700550556183,0.00022517482517482517,
production_fold4_4f353211c935/ordinal_42_refit,8,0.33610025965250456,0.000256993006993007,
production_fold4_4f353211c935/ordinal_42_refit,9,0.2737302676989482,0.00028881118881118883,
production_fold4_4f353211c935/ordinal_42_refit,10,0.2307937855903919,0.00032062937062937063,
production_fold4_4f353211c935/ordinal_42_refit,11,0.18988587306096003,0.0003524475524475525,
production_fold4_4f353211c935/ordinal_42_refit,12,0.1544680526623359,0.00038426573426573427,
production_fold4_4f353211c935/ordinal_42_refit,13,0.13740704151300284,0.00041608391608391606,
production_fold4_4f353211c935/audio_tune,1,1.4498008543902103,7.9217837860518e-06,0.8312377046319127
production_fold4_4f353211c935/audio_tune,2,0.8992393134991722,6.957114771713726e-06,0.7667495311168617
production_fold4_4f353211c935/audio_tune,3,0.7367089740009887,5.146350429960779e-06,0.7263540337838941
production_fold4_4f353211c935/audio_tune,4,0.6127364064170288,3.0905700011541253e-06,0.7092372606317661
production_fold4_4f353211c935/audio_tune,5,0.5474885722511623,1.464656564726395e-06,0.7026336813296432
production_fold4_4f353211c935/audio_tune,6,0.5031531965747328,8.023740633104169e-07,0.6939054456189101
production_fold4_4f353211c935/attention_rank_42_refit,1,1.5829387949063227,3.5000000000000004e-05,
production_fold4_4f353211c935/attention_rank_42_refit,2,1.5287403051669781,6.118881118881119e-05,
production_fold4_4f353211c935/attention_rank_42_refit,3,1.3833204507827759,9.300699300699301e-05,
production_fold4_4f353211c935/attention_rank_42_refit,4,1.1275248252428496,0.00012482517482517483,
production_fold4_4f353211c935/attention_rank_42_refit,5,0.7974694623396947,0.00015664335664335665,
production_fold4_4f353211c935/attention_rank_42_refit,6,0.5230245269261874,0.00018846153846153844,
production_fold4_4f353211c935/attention_rank_42_refit,7,0.3518995035153169,0.0002202797202797203,
production_fold4_4f353211c935/attention_rank_42_refit,8,0.2184892503114847,0.0002520979020979021,
production_fold4_4f353211c935/attention_rank_42_refit,9,0.13974294524926406,0.0002839160839160839,
production_fold4_4f353211c935/attention_rank_42_refit,10,0.08207006551898442,0.0003157342657342657,
production_fold4_4f353211c935/attention_rank_42_refit,11,0.06914686440275265,0.00034755244755244757,
production_fold4_4f353211c935/attention_rank_42_refit,12,0.06465524349075097,0.00037937062937062936,
production_fold4_4f353211c935/cross_modal_2026_tune,1,1.543730291453275,3.5000000000000004e-05,0.8608741182027954
production_fold4_4f353211c935/cross_modal_2026_tune,2,0.9568528532981873,6.363636363636364e-05,0.687182475949105
production_fold4_4f353211c935/cross_modal_2026_tune,3,0.8222932598807595,9.545454545454545e-05,0.6180689108571117
production_fold4_4f353211c935/cross_modal_2026_tune,4,0.6356286298144947,0.00012727272727272728,0.5913165732166074
production_fold4_4f353211c935/cross_modal_2026_tune,5,0.564023342999545,0.00015909090909090907,0.5793035322194773
production_fold4_4f353211c935/cross_modal_2026_tune,6,0.466986821456389,0.0001909090909090909,0.5835529686661606
production_fold4_4f353211c935/cross_modal_2026_tune,7,0.4147113101048903,0.00022272727272727272,0.5497234141498798
production_fold4_4f353211c935/cross_modal_2026_tune,8,0.3645453019575639,0.00025454545454545456,0.5536171504078095
production_fold4_4f353211c935/cross_modal_2026_tune,9,0.32550128210674634,0.00028636363636363636,0.5628505465800605
production_fold4_4f353211c935/cross_modal_2026_tune,10,0.2906801443208348,0.00031818181818181815,0.5620315125267745
production_fold4_4f353211c935/cross_modal_2026_tune,11,0.2724841995672746,0.00035,0.556311195535537
production_fold4_4f353211c935/cross_modal_2026_tune,12,0.2482098855755546,0.0003818181818181818,0.5354925267192918
production_fold4_4f353211c935/cross_modal_2026_tune,13,0.21446278284896503,0.00041363636363636364,0.54046852503841
production_fold4_4f353211c935/cross_modal_2026_tune,14,0.20225136930292303,0.00044545454545454543,0.5471291892834506
production_fold4_4f353211c935/cross_modal_2026_tune,15,0.17836481197313828,0.0004772727272727272,0.5586311342479466
production_fold4_4f353211c935/cross_modal_2026_tune,16,0.15095791152932428,0.0005090909090909091,0.5648834438968369
production_fold4_4f353211c935/cross_modal_2026_tune,17,0.15531535582108932,0.0005409090909090909,0.5542878708070289
production_fold4_4f353211c935/cross_modal_2026_tune,18,0.14365331083536148,0.0005727272727272727,0.5421025298585128
production_fold4_4f353211c935/cross_modal_2026_tune,19,0.11062657562169162,0.0006045454545454545,0.5401909040291212
production_fold4_4f353211c935/cross_modal_2026_tune,20,0.09976920620961623,0.0006363636363636363,0.5376375189757546
production_fold4_4f353211c935/cross_modal_2026_tune,21,0.08244075998663902,0.0006681818181818182,0.5471484307202168
production_fold4_4f353211c935/cross_modal_2026_tune,22,0.07469042051922191,0.0007,0.554854518386182
production_fold4_4f353211c935/cross_modal_2026_tune,23,0.08352358639240265,0.0006999672314652103,0.5623869221681513
production_fold4_4f353211c935/cross_modal_2026_tune,24,0.07337693158875812,0.000699855499305238,0.5689821083070623
production_fold4_4f353211c935/cross_modal_2026_tune,25,0.06270229105244983,0.000699664503957084,0.5728366592868411
production_fold4_4f353211c935/cross_modal_2026_tune,26,0.04351578483527357,0.0006993942935028059,0.5706554793489204
production_fold4_4f353211c935/cross_modal_2026_tune,27,0.04405696927146478,0.0006990449359664408,0.5739579582603217
production_fold4_4f353211c935/cross_modal_2026_tune,28,0.03458056903698228,0.0006986165192968797,0.5739736839223384
production_fold4_4f353211c935/cross_modal_2026_tune,29,0.033949833871288734,0.0006981091513457285,0.5804804835245344
production_fold4_4f353211c935/cross_modal_2026_tune,30,0.029013081707737663,0.0006975229598401555,0.5808603218531968
production_fold4_4f353211c935/cross_modal_2026_tune,31,0.031436270610852676,0.0006968580923507375,0.5751879443027115
production_fold4_4f353211c935/cross_modal_2026_tune,32,0.02959463559091091,0.0006961147162543093,0.5663475833200027
production_fold4_4f353211c935/ordinal_2026_tune,1,2.388423941352151,3.5000000000000004e-05,1.1796506204065837
production_fold4_4f353211c935/ordinal_2026_tune,2,1.689131194894964,6.652892561983471e-05,0.9861861256129673
production_fold4_4f353211c935/ordinal_2026_tune,3,1.2954967347058384,9.834710743801653e-05,0.8444688764075657
production_fold4_4f353211c935/ordinal_2026_tune,4,0.9628672762350603,0.00013016528925619835,0.7319093846868996
production_fold4_4f353211c935/ordinal_2026_tune,5,0.7299615361473777,0.00016198347107438017,0.6439716076697226
production_fold4_4f353211c935/ordinal_2026_tune,6,0.5507757609540765,0.000193801652892562,0.5977252553577834
production_fold4_4f353211c935/ordinal_2026_tune,7,0.451153579083356,0.00022561983471074378,0.5734731755638606
production_fold4_4f353211c935/ordinal_2026_tune,8,0.37962988831780176,0.0002574380165289256,0.5529684095734375
production_fold4_4f353211c935/ordinal_2026_tune,9,0.3214682530273091,0.00028925619834710745,0.5465757523655111
production_fold4_4f353211c935/ordinal_2026_tune,10,0.25377437336878345,0.00032107438016528925,0.5354166576352083
production_fold4_4f353211c935/ordinal_2026_tune,11,0.2111366160891273,0.00035289256198347104,0.5237134243528734
production_fold4_4f353211c935/ordinal_2026_tune,12,0.17354814572767777,0.00038471074380165283,0.5177268938841918
production_fold4_4f353211c935/ordinal_2026_tune,13,0.14105025882070715,0.00041652892561983473,0.5223232491307006
production_fold4_4f353211c935/ordinal_2026_tune,14,0.1282543424855579,0.0004483471074380165,0.5230812088990314
production_fold4_4f353211c935/ordinal_2026_tune,15,0.09235027771104466,0.0004801652892561984,0.5264532160992902
production_fold4_4f353211c935/ordinal_2026_tune,16,0.062200873751531945,0.0005119834710743802,0.5387473195605074
production_fold4_4f353211c935/ordinal_2026_tune,17,0.05102362822402607,0.000543801652892562,0.5408043897315424
production_fold4_4f353211c935/ordinal_2026_tune,18,0.03719304705207998,0.0005756198347107439,0.5443652689853495
production_fold4_4f353211c935/ordinal_2026_tune,19,0.03390018184753982,0.0006074380165289257,0.5474124937067351
production_fold4_4f353211c935/ordinal_2026_tune,20,0.02327604160051454,0.0006392561983471074,0.5418691364698406
production_fold4_4f353211c935/ordinal_2026_tune,21,0.016127993776039642,0.0006710743801652892,0.541396646924011
production_fold4_4f353211c935/ordinal_2026_tune,22,0.010502203790978952,0.0007,0.5496320206623385
production_fold4_4f353211c935/ordinal_2026_tune,23,0.010774134785275568,0.0006999603502172707,0.5603028307964885
production_fold4_4f353211c935/ordinal_2026_tune,24,0.008276554925197905,0.0006998414108507033,0.5664507629827595
production_fold4_4f353211c935/ordinal_2026_tune,25,0.01076590409502387,0.0006996432118426475,0.5690822254232121
production_fold4_4f353211c935/ordinal_2026_tune,26,0.016721844165162605,0.0006993658030886436,0.567630115654919
production_fold4_4f353211c935/ordinal_2026_tune,27,0.028286666990342466,0.0006990092544248618,0.5621748709288636
production_fold4_4f353211c935/ordinal_2026_tune,28,0.03319874427027323,0.0006985736556105217,0.5481393470689161
production_fold4_4f353211c935/ordinal_2026_tune,29,0.04067120248113166,0.000698059116305295,0.546445778129392
production_fold4_4f353211c935/ordinal_2026_tune,30,0.0555386244404045,0.0006974657660417005,0.5538664498594505
production_fold4_4f353211c935/ordinal_2026_tune,31,0.04946752163496884,0.0006967937541924939,0.6000256774770388
production_fold4_4f353211c935/ordinal_2026_tune,32,0.025151380507106132,0.0006960432499330642,0.6078160348921331
production_fold4_4f353211c935/ordinal_42_tune,1,2.13401320847598,3.5000000000000004e-05,1.07090039819939
production_fold4_4f353211c935/ordinal_42_tune,2,1.480760465968739,6.652892561983471e-05,0.9205032749592471
production_fold4_4f353211c935/ordinal_42_tune,3,1.1203655112873425,9.834710743801653e-05,0.7962469825786502
production_fold4_4f353211c935/ordinal_42_tune,4,0.8403109149499373,0.00013016528925619835,0.6911578812312104
production_fold4_4f353211c935/ordinal_42_tune,5,0.6463311152024702,0.00016198347107438017,0.6563030284708902
production_fold4_4f353211c935/ordinal_42_tune,6,0.513826540925286,0.000193801652892562,0.6160960040550926
production_fold4_4f353211c935/ordinal_42_tune,7,0.42099446058273315,0.00022561983471074378,0.5761773614000233
production_fold4_4f353211c935/ordinal_42_tune,8,0.3452019528909163,0.0002574380165289256,0.5521437079741134
production_fold4_4f353211c935/ordinal_42_tune,9,0.27677554433996027,0.00028925619834710745,0.5319214509560902
production_fold4_4f353211c935/ordinal_42_tune,10,0.2401222139596939,0.00032107438016528925,0.5240510502110396
production_fold4_4f353211c935/ordinal_42_tune,11,0.20057181065732782,0.00035289256198347104,0.5164727582575925
production_fold4_4f353211c935/ordinal_42_tune,12,0.1613690121607347,0.00038471074380165283,0.5082098623441356
production_fold4_4f353211c935/ordinal_42_tune,13,0.12913879481228915,0.00041652892561983473,0.5055165151620985
production_fold4_4f353211c935/ordinal_42_tune,14,0.11180928010832179,0.0004483471074380165,0.5203628563485513
production_fold4_4f353211c935/ordinal_42_tune,15,0.08706930211999199,0.0004801652892561984,0.5215258226529613
production_fold4_4f353211c935/ordinal_42_tune,16,0.07922057468782771,0.0005119834710743802,0.5253380311815158
production_fold4_4f353211c935/ordinal_42_tune,17,0.051881725137883965,0.000543801652892562,0.5295925490614949
production_fold4_4f353211c935/ordinal_42_tune,18,0.041004160927100616,0.0005756198347107439,0.521310078148503
production_fold4_4f353211c935/ordinal_42_tune,19,0.035301330584016716,0.0006074380165289257,0.5341082511740918
production_fold4_4f353211c935/ordinal_42_tune,20,0.035068989816037094,0.0006392561983471074,0.5378248588121869
production_fold4_4f353211c935/ordinal_42_tune,21,0.0303496237505566,0.0006710743801652892,0.5426131809898913
production_fold4_4f353211c935/ordinal_42_tune,22,0.02617739869112318,0.0007,0.5620630432696719
production_fold4_4f353211c935/ordinal_42_tune,23,0.03141895740885626,0.0006999603502172707,0.5697603164388392
production_fold4_4f353211c935/ordinal_42_tune,24,0.02968031692911278,0.0006998414108507033,0.5809963946692097
production_fold4_4f353211c935/ordinal_42_tune,25,0.0226395892995325,0.0006996432118426475,0.5617377830596791
production_fold4_4f353211c935/ordinal_42_tune,26,0.018924858590418644,0.0006993658030886436,0.5496734646213596
production_fold4_4f353211c935/ordinal_42_tune,27,0.014887752815742384,0.0006990092544248618,0.5388507401628414
production_fold4_4f353211c935/ordinal_42_tune,28,0.023262721740386703,0.0006985736556105217,0.5434927747382963
production_fold4_4f353211c935/ordinal_42_tune,29,0.017047294796529142,0.000698059116305295,0.5377106932919287
production_fold4_4f353211c935/ordinal_42_tune,30,0.0118869112550535,0.0006974657660417005,0.5405044547687081
production_fold4_4f353211c935/ordinal_42_tune,31,0.016777247105809776,0.0006967937541924939,0.5457220730156479
production_fold4_4f353211c935/ordinal_42_tune,32,0.011789003302427855,0.0006960432499330642,0.5501384780701563
production_fold4_4f353211c935/ordinal_42_tune,33,0.018196550959890537,0.0006952144421988456,0.55133416503076
production_fold4_4f353211c935/attention_rank_42_tune,1,1.5845124938271262,3.5000000000000004e-05,1.2432250482144465
production_fold4_4f353211c935/attention_rank_42_tune,2,1.5066803314469077,6.0743801652892564e-05,1.2227972606079138
production_fold4_4f353211c935/attention_rank_42_tune,3,1.4450415697964756,9.256198347107438e-05,1.17490599016532
production_fold4_4f353211c935/attention_rank_42_tune,4,1.2099936658685857,0.00012438016528925618,1.0829855558265418
production_fold4_4f353211c935/attention_rank_42_tune,5,0.8961489308964122,0.00015619834710743803,0.9587366232016169
production_fold4_4f353211c935/attention_rank_42_tune,6,0.6221716024658897,0.00018801652892561983,0.8317327713870547
production_fold4_4f353211c935/attention_rank_42_tune,7,0.4230246828360991,0.00021983471074380165,0.7321664579042051
production_fold4_4f353211c935/attention_rank_42_tune,8,0.2696322934194045,0.00025165289256198347,0.6537235876861669
production_fold4_4f353211c935/attention_rank_42_tune,9,0.16758624667471106,0.00028347107438016526,0.5862241448232431
production_fold4_4f353211c935/attention_rank_42_tune,10,0.10654846307906238,0.0003152892561983471,0.540606393540088
production_fold4_4f353211c935/attention_rank_42_tune,11,0.08082718673077496,0.00034710743801652895,0.5206465625098464
production_fold4_4f353211c935/attention_rank_42_tune,12,0.059287106110291046,0.00037892561983471075,0.518791214814799
production_fold4_4f353211c935/attention_rank_42_tune,13,0.06430784071033652,0.0004107438016528926,0.527414209637414
production_fold4_4f353211c935/attention_rank_42_tune,14,0.053419776260852814,0.0004425619834710744,0.5232759374865883
production_fold4_4f353211c935/attention_rank_42_tune,15,0.04537703858857805,0.0004743801652892562,0.5244439285013859
production_fold4_4f353211c935/attention_rank_42_tune,16,0.0387146110561761,0.0005061983471074381,0.5243321803026921
production_fold4_4f353211c935/attention_rank_42_tune,17,0.03345236097547141,0.0005380165289256199,0.5233179109419493
production_fold4_4f353211c935/attention_rank_42_tune,18,0.03598198023709384,0.0005698347107438016,0.5255908771598862
production_fold4_4f353211c935/attention_rank_42_tune,19,0.029709403995763172,0.0006016528925619835,0.5256517568056098
production_fold4_4f353211c935/attention_rank_42_tune,20,0.02623103694482283,0.0006334710743801653,0.5278873405246896
production_fold4_4f353211c935/attention_rank_42_tune,21,0.02399016595022245,0.0006652892561983472,0.5295730184467861
production_fold4_4f353211c935/attention_rank_42_tune,22,0.02815964597870003,0.000697107438016529,0.531983807263667
production_fold4_4f353211c935/attention_rank_42_tune,23,0.02601521953263066,0.0006999734573993824,0.5285104730571042
production_fold4_4f353211c935/attention_rank_42_tune,24,0.026426966048099777,0.0006998689326784723,0.5245830868848718
production_fold4_4f353211c935/attention_rank_42_tune,25,0.024077119983055374,0.0006996851413876009,0.5251309503591423
production_fold4_4f353211c935/attention_rank_42_tune,26,0.025706965137611736,0.0006994221297952425,0.5277896455913943
production_fold4_4f353211c935/attention_rank_42_tune,27,0.020969074896790764,0.0006990799641131591,0.5268897560516186
production_fold4_4f353211c935/attention_rank_42_tune,28,0.01991650436750867,0.0006986587304797315,0.5271821541645199
production_fold4_4f353211c935/attention_rank_42_tune,29,0.016773769208653408,0.0006981585349382742,0.5279933244505545
production_fold4_4f353211c935/attention_rank_42_tune,30,0.014831853353164413,0.0006975795034103396,0.5290911160337747
production_fold4_4f353211c935/attention_rank_42_tune,31,0.014285261742770672,0.0006969217816640185,0.5297048686769461
production_fold4_4f353211c935/attention_rank_42_tune,32,0.013905283317647198,0.0006961855352772434,0.529386209570706
production_fold4_4f353211c935/audio_refit,1,1.446242142855734,7.914010575791207e-06,
production_fold4_4f353211c935/audio_refit,2,0.8770396318951887,6.90684749832339e-06,
production_fold4_4f353211c935/audio_refit,3,0.6808265760441178,5.075640913934023e-06,
production_fold4_4f353211c935/audio_refit,4,0.623502272140392,3.0223396434856766e-06,
production_fold4_4f353211c935/audio_refit,5,0.5460248023268537,1.4218988171960296e-06,
production_fold4_4f353211c935/audio_refit,6,0.48666264372197426,8.004106173770074e-07,
production_fold4_4f353211c935/attention_rank_2026_tune,1,1.5604588064280422,3.5000000000000004e-05,1.2424801327191253
production_fold4_4f353211c935/attention_rank_2026_tune,2,1.517278248613531,6.0743801652892564e-05,1.2205753733827007
production_fold4_4f353211c935/attention_rank_2026_tune,3,1.418552122332833,9.256198347107438e-05,1.169528504852774
production_fold4_4f353211c935/attention_rank_2026_tune,4,1.1919455961747603,0.00012438016528925618,1.0774714970559924
production_fold4_4f353211c935/attention_rank_2026_tune,5,0.8799858797680248,0.00015619834710743803,0.9577724071820514
production_fold4_4f353211c935/attention_rank_2026_tune,6,0.6187640536915172,0.00018801652892561983,0.8381565693890696
production_fold4_4f353211c935/attention_rank_2026_tune,7,0.41465549848296424,0.00021983471074380165,0.7330066289020032
production_fold4_4f353211c935/attention_rank_2026_tune,8,0.28278549150987103,0.00025165289256198347,0.6438488145960968
production_fold4_4f353211c935/attention_rank_2026_tune,9,0.18235187367959457,0.00028347107438016526,0.5807847892640575
production_fold4_4f353211c935/attention_rank_2026_tune,10,0.10816336355426094,0.0003152892561983471,0.5386230255203889
production_fold4_4f353211c935/attention_rank_2026_tune,11,0.07243399423631755,0.00034710743801652895,0.5241216937975016
production_fold4_4f353211c935/attention_rank_2026_tune,12,0.06320857933976433,0.00037892561983471075,0.5270332081397683
production_fold4_4f353211c935/attention_rank_2026_tune,13,0.0557154430584474,0.0004107438016528926,0.5362431670156736
production_fold4_4f353211c935/attention_rank_2026_tune,14,0.06255474822087721,0.0004425619834710744,0.5383665815241897
production_fold4_4f353211c935/attention_rank_2026_tune,15,0.04562477919865738,0.0004743801652892562,0.5297770820230768
production_fold4_4f353211c935/attention_rank_2026_tune,16,0.04459168321707032,0.0005061983471074381,0.526494634949376
production_fold4_4f353211c935/attention_rank_2026_tune,17,0.04234983636574312,0.0005380165289256199,0.5321202511290788
production_fold4_4f353211c935/attention_rank_2026_tune,18,0.031471756202253426,0.0005698347107438016,0.5332649561936035
production_fold4_4f353211c935/attention_rank_2026_tune,19,0.034552365033464,0.0006016528925619835,0.5333028408733032
production_fold4_4f353211c935/attention_rank_2026_tune,20,0.026502073149789463,0.0006334710743801653,0.5365298592270614
production_fold4_4f353211c935/attention_rank_2026_tune,21,0.034853386438705704,0.0006652892561983472,0.5398072615189926
production_fold4_4f353211c935/attention_rank_2026_tune,22,0.031421329148791054,0.000697107438016529,0.5418991124124013
production_fold4_4f353211c935/attention_rank_2026_tune,23,0.02380929463966326,0.0006999734573993824,0.5453230626869964
production_fold4_4f353211c935/attention_rank_2026_tune,24,0.023632647130977024,0.0006998689326784723,0.5422779079085175
production_fold4_4f353211c935/attention_rank_2026_tune,25,0.02511820434169336,0.0006996851413876009,0.5400338283045466
production_fold4_4f353211c935/attention_rank_2026_tune,26,0.02123981307853352,0.0006994221297952425,0.5389031825888138
production_fold4_4f353211c935/attention_rank_2026_tune,27,0.01810074682262811,0.0006990799641131591,0.5410737528662067
production_fold4_4f353211c935/attention_rank_2026_tune,28,0.016792770390483467,0.0006986587304797315,0.5402566424154924
production_fold4_4f353211c935/attention_rank_2026_tune,29,0.01637074842371724,0.0006981585349382742,0.5410811603262259
production_fold4_4f353211c935/attention_rank_2026_tune,30,0.015704698606648228,0.0006975795034103396,0.5418581026187018
production_fold4_4f353211c935/attention_rank_2026_tune,31,0.015995894897390495,0.0006969217816640185,0.5422633315560841
production_fold4_4f353211c935/residual_42_refit,1,1.5624343019265394,3.5000000000000004e-05,
production_fold4_4f353211c935/residual_42_refit,2,1.50890890451578,6.118881118881119e-05,
production_fold4_4f353211c935/residual_42_refit,3,1.3657115331062903,9.300699300699301e-05,
production_fold4_4f353211c935/residual_42_refit,4,1.1144130413348858,0.00012482517482517483,
production_fold4_4f353211c935/residual_42_refit,5,0.7913872645451472,0.00015664335664335665,
production_fold4_4f353211c935/residual_42_refit,6,0.521751039303266,0.00018846153846153844,
production_fold4_4f353211c935/residual_42_refit,7,0.34366400425250715,0.0002202797202797203,
production_fold4_4f353211c935/residual_42_refit,8,0.2174024238036229,0.0002520979020979021,
production_fold4_4f353211c935/residual_42_refit,9,0.1389055297924922,0.0002839160839160839,
production_fold4_4f353211c935/residual_42_refit,10,0.0849874191559278,0.0003157342657342657,
production_fold4_4f353211c935/residual_42_refit,11,0.06523488691219917,0.00034755244755244757,
production_fold4_4f353211c935/residual_42_refit,12,0.06471068182816872,0.00037937062937062936,
production_fold4_4f353211c935/residual_42_refit,13,0.054744881219588794,0.00041118881118881116,
production_fold4_4f353211c935/residual_42_refit,14,0.0372844566232883,0.00044300699300699306,
production_fold4_4f353211c935/residual_42_refit,15,0.04477692395448685,0.00047482517482517485,
production_fold4_4f353211c935/residual_42_refit,16,0.03549421507005508,0.0005066433566433566,
production_fold4_4f353211c935/residual_42_refit,17,0.0317081780387805,0.0005384615384615384,
production_fold4_4f353211c935/ordinal_2026_refit,1,2.31130156150231,3.5000000000000004e-05,
production_fold4_4f353211c935/ordinal_2026_refit,2,1.606172066468459,6.608391608391608e-05,
production_fold4_4f353211c935/ordinal_2026_refit,3,1.195565287883465,9.790209790209791e-05,
production_fold4_4f353211c935/ordinal_2026_refit,4,0.8870000793383672,0.0001297202797202797,
production_fold4_4f353211c935/ordinal_2026_refit,5,0.664311564885653,0.00016153846153846155,
production_fold4_4f353211c935/ordinal_2026_refit,6,0.5243597214038556,0.00019335664335664335,
production_fold4_4f353211c935/ordinal_2026_refit,7,0.4238597246316763,0.00022517482517482517,
production_fold4_4f353211c935/ordinal_2026_refit,8,0.33924962007082426,0.000256993006993007,
production_fold4_4f353211c935/ordinal_2026_refit,9,0.2904077860025259,0.00028881118881118883,
production_fold4_4f353211c935/ordinal_2026_refit,10,0.25148029854664433,0.00032062937062937063,
production_fold4_4f353211c935/ordinal_2026_refit,11,0.21180269122123718,0.0003524475524475525,
production_fold4_4f353211c935/ordinal_2026_refit,12,0.16928795553170717,0.00038426573426573427,
production_fold4_4f353211c935/text_tune,1,1.287937935537631,9.989554906497609e-06,0.7014895719113688
production_fold4_4f353211c935/text_tune,2,0.7665599399864084,9.454555061465047e-06,0.6322115000907801
production_fold4_4f353211c935/text_tune,3,0.5930534795479905,8.177181848107195e-06,0.6022123932780348
production_fold4_4f353211c935/text_tune,4,0.4996053321526782,6.398574717842533e-06,0.5875654648646254
production_fold4_4f353211c935/text_tune,5,0.42608355468157494,4.45173242425638e-06,0.5952687939364429
production_fold4_4f353211c935/text_tune,6,0.3825255664139248,2.7011514579789664e-06,0.5837105230712618
production_fold4_4f353211c935/text_tune,7,0.35886645292549735,1.4745833892706768e-06,0.5747715496689912
production_fold4_4f353211c935/text_tune,8,0.31784865017980335,1.0016717583587677e-06,0.5692851325179166
production_fold4_4f353211c935/residual_2026_refit,1,1.5652138911760771,3.5000000000000004e-05,
production_fold4_4f353211c935/residual_2026_refit,2,1.4941452191426203,6.118881118881119e-05,
production_fold4_4f353211c935/residual_2026_refit,3,1.3521169607455914,9.300699300699301e-05,
production_fold4_4f353211c935/residual_2026_refit,4,1.1082556706208448,0.00012482517482517483,
production_fold4_4f353211c935/residual_2026_refit,5,0.7942242438976581,0.00015664335664335665,
production_fold4_4f353211c935/residual_2026_refit,6,0.5244878301253686,0.00018846153846153844,
production_fold4_4f353211c935/residual_2026_refit,7,0.3622141434596135,0.0002202797202797203,
production_fold4_4f353211c935/residual_2026_refit,8,0.21804363509783378,0.0002520979020979021,
production_fold4_4f353211c935/residual_2026_refit,9,0.12899593034615883,0.0002839160839160839,
production_fold4_4f353211c935/residual_2026_refit,10,0.10359315230296208,0.0003157342657342657,
production_fold4_4f353211c935/residual_2026_refit,11,0.07009611966518256,0.00034755244755244757,
production_fold4_4f353211c935/residual_2026_refit,12,0.06034671142697334,0.00037937062937062936,
production_fold4_4f353211c935/residual_2026_refit,13,0.05605706228659703,0.00041118881118881116,
production_fold4_4f353211c935/residual_2026_refit,14,0.04270607906465347,0.00044300699300699306,
production_fold4_4f353211c935/residual_2026_refit,15,0.04160568877481497,0.00047482517482517485,
production_fold4_4f353211c935/residual_2026_refit,16,0.029422959456076987,0.0005066433566433566,
production_fold4_4f353211c935/residual_2026_refit,17,0.030873987537163954,0.0005384615384615384,
production_fold4_4f353211c935/residual_2026_refit,18,0.024201229859430056,0.0005702797202797202,
production_fold4_4f353211c935/residual_2026_refit,19,0.022824953883313216,0.000602097902097902,
production_fold4_4f353211c935/residual_2026_refit,20,0.02304838769710981,0.0006339160839160839,
production_fold4_4f353211c935/residual_2026_refit,21,0.02619584922034007,0.0006657342657342657,
production_fold4_4f353211c935/residual_2026_tune,1,1.539762101390145,3.5000000000000004e-05,1.2425124526716684
production_fold4_4f353211c935/residual_2026_tune,2,1.4972079992294312,6.0743801652892564e-05,1.2207043074318598
production_fold4_4f353211c935/residual_2026_tune,3,1.3995390805331143,9.256198347107438e-05,1.1701296711141187
production_fold4_4f353211c935/residual_2026_tune,4,1.1757840785113247,0.00012438016528925618,1.0786998634171854
production_fold4_4f353211c935/residual_2026_tune,5,0.8678460256619887,0.00015619834710743803,0.960972118599299
production_fold4_4f353211c935/residual_2026_tune,6,0.6113606745546515,0.00018801652892561983,0.8437898745452567
production_fold4_4f353211c935/residual_2026_tune,7,0.40816719423640857,0.00021983471074380165,0.7399950588870364
production_fold4_4f353211c935/residual_2026_tune,8,0.27073322101072833,0.00025165289256198347,0.6467227105554672
production_fold4_4f353211c935/residual_2026_tune,9,0.18280276520685715,0.00028347107438016526,0.5894785840238399
production_fold4_4f353211c935/residual_2026_tune,10,0.10832340067083185,0.0003152892561983471,0.5406880914073894
production_fold4_4f353211c935/residual_2026_tune,11,0.06744610281153159,0.00034710743801652895,0.5197476124672264
production_fold4_4f353211c935/residual_2026_tune,12,0.0521918267688968,0.00037892561983471075,0.5225299755867274
production_fold4_4f353211c935/residual_2026_tune,13,0.04825735346160152,0.0004107438016528926,0.5263125938636858
production_fold4_4f353211c935/residual_2026_tune,14,0.04805770448663018,0.0004425619834710744,0.5237609020155675
production_fold4_4f353211c935/residual_2026_tune,15,0.03926064582033591,0.0004743801652892562,0.5245115999108935
production_fold4_4f353211c935/residual_2026_tune,16,0.043534218248995865,0.0005061983471074381,0.526205879558275
production_fold4_4f353211c935/residual_2026_tune,17,0.04073475470597094,0.0005380165289256199,0.5262063448936612
production_fold4_4f353211c935/residual_2026_tune,18,0.024652988057244907,0.0005698347107438016,0.5225341601674139
production_fold4_4f353211c935/residual_2026_tune,19,0.02486837333576246,0.0006016528925619835,0.5233794653736396
production_fold4_4f353211c935/residual_2026_tune,20,0.023889839987863194,0.0006334710743801653,0.5187272360305836
production_fold4_4f353211c935/residual_2026_tune,21,0.02433695127679543,0.0006652892561983472,0.5151931991680923
production_fold4_4f353211c935/residual_2026_tune,22,0.022557571191679348,0.000697107438016529,0.518957832330086
production_fold4_4f353211c935/residual_2026_tune,23,0.01683337961069562,0.0006999734573993824,0.5288343226007527
production_fold4_4f353211c935/residual_2026_tune,24,0.01922023177824237,0.0006998689326784723,0.5273277343924776
production_fold4_4f353211c935/residual_2026_tune,25,0.016657924956896088,0.0006996851413876009,0.5248621114341367
production_fold4_4f353211c935/residual_2026_tune,26,0.01681917562911456,0.0006994221297952425,0.5233528876179736
production_fold4_4f353211c935/residual_2026_tune,27,0.014845092315226793,0.0006990799641131591,0.5236045178034975
production_fold4_4f353211c935/residual_2026_tune,28,0.013605342669920488,0.0006986587304797315,0.5233976454884205
production_fold4_4f353211c935/residual_2026_tune,29,0.009232938289642334,0.0006981585349382742,0.5242021173876816
production_fold4_4f353211c935/residual_2026_tune,30,0.009250711183995008,0.0006975795034103396,0.5264543346000932
production_fold4_4f353211c935/residual_2026_tune,31,0.008371747225861658,0.0006969217816640185,0.5252001445937867
production_fold4_4f353211c935/residual_2026_tune,32,0.00920111249962991,0.0006961855352772434,0.5250424054144732
production_fold4_4f353211c935/residual_2026_tune,33,0.007572221485051242,0.0006953709495961046,0.5258842833734678
production_fold4_4f353211c935/residual_2026_tune,34,0.008249253500252962,0.0006944782296881913,0.5255175817552843
production_fold4_4f353211c935/residual_2026_tune,35,0.0068874746476384726,0.0006935076002909661,0.5254535880698352
production_fold4_4f353211c935/residual_2026_tune,36,0.0056805547580800276,0.0006924593057551894,0.5252152681154786
production_fold4_4f353211c935/residual_2026_tune,37,0.005670590622519905,0.0006913336099834042,0.5256573793786724
production_fold4_4f353211c935/residual_2026_tune,38,0.005435961340977387,0.0006901307963635014,0.5248282912323615
production_fold4_4f353211c935/residual_2026_tune,39,0.004886629462072795,0.0006888511676973773,0.5242952451581113
production_fold4_4f353211c935/residual_2026_tune,40,0.0040956961880014705,0.0006874950461247054,0.5251633522937114
production_fold4_4f353211c935/residual_2026_tune,41,0.004263343585824425,0.0006860627730418395,0.5253324136265847
production_fold4_4f353211c935/residual_42_tune,1,1.5638812130147761,3.5000000000000004e-05,1.2433105316809572
production_fold4_4f353211c935/residual_42_tune,2,1.4866359613158486,6.0743801652892564e-05,1.223127631690304
production_fold4_4f353211c935/residual_42_tune,3,1.4265812256119468,9.256198347107438e-05,1.1755943463768652
production_fold4_4f353211c935/residual_42_tune,4,1.1950840679082004,0.00012438016528925618,1.0850841203493256
production_fold4_4f353211c935/residual_42_tune,5,0.8863477815281261,0.00015619834710743803,0.9628833439845874
production_fold4_4f353211c935/residual_42_tune,6,0.6150287687778473,0.00018801652892561983,0.8392155729033144
production_fold4_4f353211c935/residual_42_tune,7,0.41505722430619324,0.00021983471074380165,0.7364224509239056
production_fold4_4f353211c935/residual_42_tune,8,0.26142933016473596,0.00025165289256198347,0.6487360086766361
production_fold4_4f353211c935/residual_42_tune,9,0.1637624901804057,0.00028347107438016526,0.5804236787534897
production_fold4_4f353211c935/residual_42_tune,10,0.11476644060828468,0.0003152892561983471,0.538713397195221
production_fold4_4f353211c935/residual_42_tune,11,0.07372725856575099,0.00034710743801652895,0.514004365402027
production_fold4_4f353211c935/residual_42_tune,12,0.04952063157477162,0.00037892561983471075,0.5102122662563352
production_fold4_4f353211c935/residual_42_tune,13,0.05786485123363408,0.0004107438016528926,0.5140605649350499
production_fold4_4f353211c935/residual_42_tune,14,0.05712351169098507,0.0004425619834710744,0.5201648800902912
production_fold4_4f353211c935/residual_42_tune,15,0.04291769726709886,0.0004743801652892562,0.5105515259976491
production_fold4_4f353211c935/residual_42_tune,16,0.035468609664927826,0.0005061983471074381,0.5103051775200734
production_fold4_4f353211c935/residual_42_tune,17,0.023679692382839592,0.0005380165289256199,0.5057699023587081
production_fold4_4f353211c935/residual_42_tune,18,0.02859844792295586,0.0005698347107438016,0.511562320616594
production_fold4_4f353211c935/residual_42_tune,19,0.023886501958424396,0.0006016528925619835,0.5097982198620217
production_fold4_4f353211c935/residual_42_tune,20,0.023700971664352852,0.0006334710743801653,0.5138385473423777
production_fold4_4f353211c935/residual_42_tune,21,0.016925046982412987,0.0006652892561983472,0.5120675569482253
production_fold4_4f353211c935/residual_42_tune,22,0.017278077673505653,0.000697107438016529,0.5162515085885336
production_fold4_4f353211c935/residual_42_tune,23,0.0183937129649249,0.0006999734573993824,0.5148186821628538
production_fold4_4f353211c935/residual_42_tune,24,0.021410565738650886,0.0006998689326784723,0.5119301991529165
production_fold4_4f353211c935/residual_42_tune,25,0.015495591712268915,0.0006996851413876009,0.5124555273003439
production_fold4_4f353211c935/residual_42_tune,26,0.015853733247654003,0.0006994221297952425,0.5161272997883879
production_fold4_4f353211c935/residual_42_tune,27,0.016121264293112537,0.0006990799641131591,0.5150673506642843
production_fold4_4f353211c935/residual_42_tune,28,0.013534531843933191,0.0006986587304797315,0.5148659757991955
production_fold4_4f353211c935/residual_42_tune,29,0.010270157363265753,0.0006981585349382742,0.5148269847299217
production_fold4_4f353211c935/residual_42_tune,30,0.008194970178671858,0.0006975795034103396,0.5161709531213644
production_fold4_4f353211c935/residual_42_tune,31,0.008642498043958436,0.0006969217816640185,0.5173418900370386
production_fold4_4f353211c935/residual_42_tune,32,0.011109666136855429,0.0006961855352772434,0.5161776110745451
production_fold4_4f353211c935/residual_42_tune,33,0.007875737056813457,0.0006953709495961046,0.5152850539195485
production_fold4_4f353211c935/residual_42_tune,34,0.007684783544391394,0.0006944782296881913,0.51457348328639
production_fold4_4f353211c935/residual_42_tune,35,0.007337791845202446,0.0006935076002909661,0.5130998461024486
production_fold4_4f353211c935/residual_42_tune,36,0.007848535537381063,0.0006924593057551894,0.5142042627193615
production_fold4_4f353211c935/residual_42_tune,37,0.006591666320508177,0.0006913336099834042,0.5133501505660563
production_fold4_4f353211c935/text_refit,1,1.3072186367852348,9.987821690228236e-06,
production_fold4_4f353211c935/text_refit,2,0.7719249845446123,9.428563509225348e-06,
production_fold4_4f353211c935/text_refit,3,0.5936690288045529,8.13471926393264e-06,
production_fold4_4f353211c935/text_refit,4,0.5242334256922319,6.348219611630237e-06,
production_fold4_4f353211c935/text_refit,5,0.4661992307050855,4.4031148344017135e-06,
production_fold4_4f353211c935/text_refit,6,0.3889397992828087,2.6631121396220517e-06,
production_fold4_4f353211c935/text_refit,7,0.35178933862760037,1.4535675329687343e-06,
production_fold4_4f353211c935/text_refit,8,0.32298981007369987,1.000648826187191e-06,
production_fold4_4f353211c935/attention_rank_2026_refit,1,1.5859060287475586,3.5000000000000004e-05,
production_fold4_4f353211c935/attention_rank_2026_refit,2,1.514168647619394,6.118881118881119e-05,
production_fold4_4f353211c935/attention_rank_2026_refit,3,1.3706579941969652,9.300699300699301e-05,
production_fold4_4f353211c935/attention_rank_2026_refit,4,1.1233638845957243,0.00012482517482517483,
production_fold4_4f353211c935/attention_rank_2026_refit,5,0.8044516008633834,0.00015664335664335665,
production_fold4_4f353211c935/attention_rank_2026_refit,6,0.5309042380406306,0.00018846153846153844,
production_fold4_4f353211c935/attention_rank_2026_refit,7,0.3595382170035289,0.0002202797202797203,
production_fold4_4f353211c935/attention_rank_2026_refit,8,0.21926806007440275,0.0002520979020979021,
production_fold4_4f353211c935/attention_rank_2026_refit,9,0.1330273111279194,0.0002839160839160839,
production_fold4_4f353211c935/attention_rank_2026_refit,10,0.0951827924985152,0.0003157342657342657,
production_fold4_4f353211c935/attention_rank_2026_refit,11,0.07370164732520397,0.00034755244755244757,
